AAACTCGAGAAATACC-1	Ast
AAACTCGGTGGACCAA-1	Ast
AAACTGCAGGTGAACC-1	Ast
AAACTGCCATGTGAGG-1	Ast
AAACTGCGTTACTTTC-1	Ast
AAAGATGGTCCGTGCA-1	Ast
AAAGATGGTCGGCTGT-1	Ast
AAAGATGGTGAAACAT-1	Ast
AAAGGATGTAACGTAA-1	Ast
AAAGGATTCACTCCCA-1	Ast
AAAGGATTCAGGTTTG-1	Ast
AAAGGGCAGCTACGCC-1	Ast
AAAGGGCGTCTCTAAG-1	Ast
AAAGGGCTCGGTTCCT-1	Ast
AAATGAGAGTGCACAG-1	Ast
AAATGCCTCCATGTTT-1	Ast
AAATGCCTCGTTGTAG-1	Ast
AACAAAGCACAACGGA-1	Ast
AACAAAGCATACCCGG-1	Ast
AACAAAGGTCTGCACG-1	Ast
AACAAAGGTGAGTTGG-1	Ast
AACAGTCTCTCCACTG-1	Ast
AACATCGCACCTCGTT-1	Ast
AACCAACGTAATGCAA-1	Ast
AACCAACGTAGCCATT-1	Ast
AACCAACGTCTGAGCC-1	Ast
AACCAACTCTGAGTAC-1	Ast
AACCGATAGTCTAGAA-1	Ast
AACCGATGTCCGGTAC-1	Ast
AACCGATTCCACGGCA-1	Ast
AACCGATTCCGTGCAG-1	Ast
AACCTGAAGAATCAAC-1	Ast
AACGAGGAGGGTAATT-1	Ast
AACGAGGGTAGACACG-1	Ast
AACGAGGGTCAGTGTT-1	Ast
AACGTACCAGGTGGTA-1	Ast
AACGTACGTTTGTCTT-1	Ast
AACTGGTAGCGTCTGC-1	Ast
AACTGTGAGGCTCAGA-1	Ast
AACTGTGCATGTGAGG-1	Ast
AAGATAGAGTTGTCCA-1	Ast
AAGATAGCACATTCTT-1	Ast
AAGGAGCAGTCAACTC-1	Ast
AATGCCATCACCCTTG-1	Ast
AATGGCTAGCACCATT-1	Ast
AATGGCTCATCCCGGA-1	Ast
AATGTCGAGTTAGCAA-1	Ast
AATGTCGGTAACACTC-1	Ast
ACAAACCAGAGCTACG-1	Ast
ACAAGCTGTTTAGAAG-1	Ast
ACAAGCTTCGGATCGC-1	Ast
ACAATCGTCATACTTC-1	Ast
ACAGAAACAAGTAACA-1	Ast
ACAGAAAGTGGACAGT-1	Ast
ACAGAAAGTTAAGGGC-1	Ast
ACAGAAATCTTACCTA-1	Ast
ACAGACTAGTACCACT-1	Ast
ACAGACTAGTCTCCAA-1	Ast
ACAGCGCTCTTACGGA-1	Ast
ACAGGCCAGTACGACG-1	Ast
ACAGGCCCATAGCCGC-1	Ast
ACATGCAGTGGAGTGT-1	Ast
ACATGCAGTTTAGGAA-1	Ast
ACATGCATCATTCATC-1	Ast
ACATGCATCCGGCTGA-1	Ast
ACATGGTCATTAGCAC-1	Ast
ACCAAACAGACCTATC-1	Ast
ACCCAAAGTTACCACA-1	Ast
ACCGAATGTAGCGAGT-1	Ast
ACCGCAGGTAGACGCA-1	Ast
ACCGCAGGTTACCACA-1	Ast
ACCGCAGTCCCTACCA-1	Ast
ACCGCAGTCCCTACGT-1	Ast
ACCGGGTTCCTCAAGA-1	Ast
ACCTGCTGTCTCTGGG-1	Ast
ACCTGCTGTGTCGTCG-1	Ast
ACGGATTCAGGTTATC-1	Ast
ACGGATTTCACCCTTG-1	Ast
ACTAACGAGAACCATA-1	Ast
ACTAACGAGTCTGTGT-1	Ast
ACTAACGCATGGCCCA-1	Ast
ACTACCCAGCGGACTA-1	Ast
ACTACCCAGGCCAGTA-1	Ast
ACTACGAAGTCACGCC-1	Ast
ACTACGACATAGACGG-1	Ast
ACTACGACATGGTTTG-1	Ast
ACTACGATCGCCTTAC-1	Ast
ACTAGGTAGAAGGGCG-1	Ast
ACTAGGTAGGATTGCG-1	Ast
ACTAGGTAGTCCTTCC-1	Ast
ACTAGGTTCGGTCGAC-1	Ast
ACTATTCTCACGTCAA-1	Ast
ACTCGGGAGGATGCCA-1	Ast
ACTCGGGAGGCTTAAA-1	Ast
ACTCGGGAGGTTAACA-1	Ast
ACTGCGGAGTGAGCTG-1	Ast
ACTGCGGTCCGGCTGA-1	Ast
ACTGTCCCAAATGTCC-1	Ast
ACTGTCCCAAGGATGC-1	Ast
ACTGTCCGTGAGTAAT-1	Ast
ACTTTCACATTCTTTG-1	Ast
ACTTTCATCGTTACAG-1	Ast
AGACAAACACCGAAAG-1	Ast
AGACAAACATCGCTAA-1	Ast
AGACAAATCGTGGTAT-1	Ast
AGATAGATCCGTTTCG-1	Ast
AGATTCGTCTGGGCGT-1	Ast
AGCCAGCAGGCACCTC-1	Ast
AGCCAGCAGTGAACCG-1	Ast
AGCCTGGTCCCGTAGG-1	Ast
AGCCTGGTCGTCTAGA-1	Ast
AGCCTTCAGGAAGAAC-1	Ast
AGCCTTCCAACCTCCT-1	Ast
AGCGATTTCGTCCCTA-1	Ast
AGCGTATGTAAGGTCG-1	Ast
AGCGTGCCATGCGTTA-1	Ast
AGCGTGCGTCTGGATT-1	Ast
AGCTATGAGCTATCCA-1	Ast
AGCTGATAGGCAGATC-1	Ast
AGCTGATCATCCCTTG-1	Ast
AGCTGATGTCGCTACG-1	Ast
AGCTGATTCACGGGTC-1	Ast
AGCTGATTCCGTGCGA-1	Ast
AGCTGATTCGATGAAA-1	Ast
AGCTGGCCACTGATAC-1	Ast
AGCTGGCCATTCACGA-1	Ast
AGCTGTAGTAAAGGCC-1	Ast
AGCTGTAGTCCCGTGA-1	Ast
AGCTGTATCTTCATAC-1	Ast
AGGACGAAGTCGTGAG-1	Ast
AGGACGATCGGTCTCT-1	Ast
AGGCCCACATTGAACC-1	Ast
AGGCCCAGTACAACGG-1	Ast
AGGCCCAGTTACTACG-1	Ast
AGTCCGGGTTTGGATC-1	Ast
AGTGCCGAGTACAGTA-1	Ast
AGTGCGCTCAAGAGGC-1	Ast
AGTGTACCACTCCACT-1	Ast
AGTTACGTCGATATGC-1	Ast
AGTTTGGGTAGAATAC-1	Ast
ATAGGCTAGCGCAATG-1	Ast
ATAGGCTCATTGCACA-1	Ast
ATAGGCTGTTTCACCC-1	Ast
ATAGGCTTCTCATCCG-1	Ast
ATAGTCGAGAGGCGGA-1	Ast
ATAGTCGAGTGAAACT-1	Ast
ATAGTCGCAGAAAGAG-1	Ast
ATAGTCGTCCTGGGAC-1	Ast
ATATTCCCAGTGCGTC-1	Ast
ATCCCTGCATTTCACT-1	Ast
ATCCTCGAGCCATCAT-1	Ast
ATCCTCGCAAGAAACT-1	Ast
ATCCTCGCACGGCCAT-1	Ast
ATCCTCGCAGATTAAG-1	Ast
ATCCTCGGTACTTCAG-1	Ast
ATCCTCGGTCGTAATC-1	Ast
ATCCTCGGTGGCATAG-1	Ast
ATCCTCGTCTTCTTCC-1	Ast
ATCCTGCGTGAGGTCA-1	Ast
ATCGAGTGTCAAACAA-1	Ast
ATGCATGAGTTAGCGG-1	Ast
ATGCATGGTCCTTCAC-1	Ast
ATGTCGACAAGGACCA-1	Ast
ATGTCGACACTCAAGT-1	Ast
ATGTCGATCCAGGCCA-1	Ast
ATGTCGATCCGGACTG-1	Ast
ATGTCTTAGAATCAAC-1	Ast
ATGTCTTAGGGAAGCG-1	Ast
ATGTCTTAGTGAATAC-1	Ast
ATGTTTCCATTAGCCA-1	Ast
ATGTTTCGTGATAGAT-1	Ast
ATGTTTCTCTCTGAGA-1	Ast
ATTACCTGTATCTCAG-1	Ast
ATTACTCCAGTGCTCG-1	Ast
ATTACTCTCAGTGGTT-1	Ast
ATTCGTTAGAGCGAAA-1	Ast
ATTCGTTTCTCTGCGT-1	Ast
ATTGTCTCATTGTTCT-1	Ast
ATTGTGGAGTGCTAGG-1	Ast
ATTGTGGCATAAAGTG-1	Ast
ATTGTGGCATGCGACC-1	Ast
ATTGTGGTCGCTATTT-1	Ast
CAAAGCTAGATCACCT-1	Ast
CAAAGCTAGGATGTAT-1	Ast
CAAAGCTCAAACTACC-1	Ast
CAACCAAAGTGGTGTG-1	Ast
CAACCAATCAAGAGGC-1	Ast
CAACCAATCTCCCTTT-1	Ast
CAACGGCGTCTGGGAA-1	Ast
CAACGGCGTTGGGAAC-1	Ast
CAACGGCTCACCCTTG-1	Ast
CAACGTACATTGATGC-1	Ast
CAACGTAGTACCCACG-1	Ast
CAAGAAAAGCCATTCA-1	Ast
CAAGAAATCGCTATAG-1	Ast
CAAGAAATCTTCTTCC-1	Ast
CAAGCTAAGCATTCCA-1	Ast
CAAGCTAGTTTAAGCC-1	Ast
CAAGCTATCTGCCGAG-1	Ast
CAAGGCCGTCCGTAGC-1	Ast
CAAGGCCGTGTTGGTT-1	Ast
CAATCCCCAAGTCCTA-1	Ast
CACAACAGTTACACTG-1	Ast
CACAGATCAAAGCTTC-1	Ast
CACATGACAGCTATAC-1	Ast
CACCACTGTCTGCGCA-1	Ast
CACCACTGTTCATTTC-1	Ast
CACCTGTGTAGCAGCA-1	Ast
CACCTGTGTGCAAGAC-1	Ast
CACTAAGCACCTTGTC-1	Ast
CACTGAAAGCATGATA-1	Ast
CACTGAAAGTGGACGT-1	Ast
CACTGAAGTCGATTAC-1	Ast
CAGCCTTAGACGTCAG-1	Ast
CAGCCTTAGGAATGGA-1	Ast
CAGCCTTAGTACCCAT-1	Ast
CAGCCTTAGTCTGTGT-1	Ast
CAGCCTTCAGTAACTC-1	Ast
CAGCCTTCATAGATAG-1	Ast
CAGCCTTGTCTCTGCT-1	Ast
CAGCCTTGTTGTATCG-1	Ast
CAGCTAAAGACGACTG-1	Ast
CAGCTAAGTGACCAGA-1	Ast
CAGCTGGCACCAAGGA-1	Ast
CAGCTGGCATCGGCCA-1	Ast
CAGCTGGGTACGCAAG-1	Ast
CAGGATTGTCGTAGTT-1	Ast
CAGGGCTAGAGCGGTT-1	Ast
CAGGGCTAGCAATGTA-1	Ast
CAGGGCTGTTTCTCTA-1	Ast
CAGTGCGTCACTGGTA-1	Ast
CAGTGTAGTAATGTAG-1	Ast
CAGTGTATCATTCATC-1	Ast
CATAACGAGGTTGACG-1	Ast
CATAACGCAGGTCCTG-1	Ast
CATAACGCATAAAGTG-1	Ast
CATGTTTCACATGATC-1	Ast
CATGTTTCAGATGGCA-1	Ast
CATTCATAGGGTCTGA-1	Ast
CATTCCGAGAAATGGG-1	Ast
CATTCCGCATTTGGCA-1	Ast
CATTCCGGTGCCCTAG-1	Ast
CATTGGACAAGGACCA-1	Ast
CATTGGATCATTCGGA-1	Ast
CCAATGACAGGCATTT-1	Ast
CCAATGACAGGGCTTC-1	Ast
CCAATGATCGGATAGG-1	Ast
CCACAGGCACATTGCA-1	Ast
CCACAGGCATGCGTTA-1	Ast
CCACAGGCATGGTAAA-1	Ast
CCACGTTAGTTCAGGG-1	Ast
CCAGAATAGGCGTAGT-1	Ast
CCAGAATGTTACGCTA-1	Ast
CCAGAATGTTCTTAGG-1	Ast
CCATACCAGAGCTCCC-1	Ast
CCATACCAGAGTCCGA-1	Ast
CCATACCCATTGCGAT-1	Ast
CCATACCGTGCTGTCG-1	Ast
CCCACATCAGCAAACG-1	Ast
CCCACATCATGGCCGT-1	Ast
CCCACATGTGCCGGTT-1	Ast
CCCACATGTGGTACTT-1	Ast
CCCACATGTTCTACCC-1	Ast
CCCACATTCGGGAAAC-1	Ast
CCCAGAGGTTAGGCTT-1	Ast
CCCAGAGTCTGCTACC-1	Ast
CCCGTTAAGACTTGAA-1	Ast
CCCGTTACACAGTTAC-1	Ast
CCCGTTAGTAATGTGA-1	Ast
CCCGTTATCTCCACTG-1	Ast
CCCTAACAGTCAACTC-1	Ast
CCCTAACCAGGACCTC-1	Ast
CCCTAACTCACATCCC-1	Ast
CCCTAGTCAAGGAAGA-1	Ast
CCCTAGTTCGCTTCAC-1	Ast
CCCTCTCAGAGCCACA-1	Ast
CCCTGATAGTGCCCTG-1	Ast
CCGAAGCGTTTAAGGA-1	Ast
CCGTACTAGAGCCACA-1	Ast
CCGTAGGCACTGATTG-1	Ast
CCGTAGGCACTTTGGA-1	Ast
CCGTAGGGTTACTTTC-1	Ast
CCGTGAGCACTCGGAC-1	Ast
CCGTGAGTCAAGAGGC-1	Ast
CCGTGAGTCCCACTAC-1	Ast
CCGTGAGTCGTCGCAG-1	Ast
CCTAAAGCAGGTCCTG-1	Ast
CCTATTAAGGTCTTGT-1	Ast
CCTGCTAAGGTACACG-1	Ast
CCTGCTAAGTGAAACT-1	Ast
CCTGCTAGTATTCGCA-1	Ast
CCTGCTATCACGGGTC-1	Ast
CCTGCTATCGATGAAA-1	Ast
CCTGGGAAGTGCTCGC-1	Ast
CCTTGCAGTACGGTTT-1	Ast
CCTTGGTAGGTTCGTT-1	Ast
CGATGATGTCATAAGA-1	Ast
CGCAATATCTTATCAC-1	Ast
CGCAGGTAGTCGTATC-1	Ast
CGCAGGTTCCGCTCTA-1	Ast
CGCAGGTTCTGACTTT-1	Ast
CGCGCAAGTCGCTACG-1	Ast
CGCTAGGAGAACCCGA-1	Ast
CGCTATCCAACTAGAA-1	Ast
CGCTATCGTGCATTCA-1	Ast
CGCTATCTCTCTGTTA-1	Ast
CGGACCAAGCAATAAC-1	Ast
CGGACCACAAATAGTG-1	Ast
CGGACCACAGTCAGCC-1	Ast
CGGTGCAAGATCTCAC-1	Ast
CGGTGCAGTCAACGGA-1	Ast
CGGTGCATCACGATTG-1	Ast
CGGTGCATCCGGACTG-1	Ast
CGTAAACAGTAGTGTA-1	Ast
CGTAAACGTATGGTTC-1	Ast
CGTAAACTCCACGGCA-1	Ast
CGTAAACTCCGTGCAG-1	Ast
CGTACAACAAGGTCGA-1	Ast
CGTACAATCTTCACTA-1	Ast
CGTGGCACAATGCACT-1	Ast
CGTTCCAAGAATCAAC-1	Ast
CTACAGAAGGTGTTGG-1	Ast
CTAGCGGAGAACTAAC-1	Ast
CTAGCGGTCCGTGCGA-1	Ast
CTAGGATGTAATGCCT-1	Ast
CTAGGATGTAGAAGCC-1	Ast
CTAGGATGTTGGGAAC-1	Ast
CTAGGGCCAAGTTCGT-1	Ast
CTAGGGCGTGCTGTCG-1	Ast
CTAGGGCTCCAACAAC-1	Ast
CTAGGGCTCCGTTTCG-1	Ast
CTCAACCTCAGTCAAC-1	Ast
CTCAACCTCATCGCCT-1	Ast
CTCAGCTGTATGGATA-1	Ast
CTCATGCCAACAAACA-1	Ast
CTCATGCTCCTCCAGT-1	Ast
CTCCCAAAGACTTCCA-1	Ast
CTCGCTAAGGTTGTTC-1	Ast
CTCGCTAGTGGATTCT-1	Ast
CTCGCTATCTTAGTGG-1	Ast
CTCTAGCAGGCACTAG-1	Ast
CTCTAGCTCCGAGGAA-1	Ast
CTCTCAGAGACCATAA-1	Ast
CTCTCAGAGCCATGGA-1	Ast
CTCTCAGCAGCGTCGT-1	Ast
CTGAATGAGGAAGAAC-1	Ast
CTGAATGGTATCACAC-1	Ast
CTGCGTTCACTAAACC-1	Ast
CTGCGTTCATAGAATG-1	Ast
CTGGCAGTCGCGTTCT-1	Ast
CTGGGACCACAGGTAG-1	Ast
CTGGGACTCCGCTATC-1	Ast
CTGTTCGCATGGTTTG-1	Ast
CTTAATCAGACTAGCG-1	Ast
CTTAATCAGCAACGGT-1	Ast
CTTCCAGAGGCAAGGG-1	Ast
CTTCCAGCAGGATAGC-1	Ast
CTTGCCAAGAGATTAC-1	Ast
CTTGCCATCGAGAACG-1	Ast
CTTTGCGGTGCGCTCA-1	Ast
GAAACAAGTGCTTTGA-1	Ast
GAAACAATCAGGCCGT-1	Ast
GAAAGTAGTCTGGGCT-1	Ast
GAAATGAAGCTGGAGT-1	Ast
GAACCGCAGTCACACT-1	Ast
GAACCGCCAAACCCTA-1	Ast
GAACCGCGTTCGGGAA-1	Ast
GAACCTAAGTCTGCTA-1	Ast
GAACCTACAATGTGCT-1	Ast
GAACCTAGTCCAGACC-1	Ast
GAACGTTAGAACGTTA-1	Ast
GAACGTTCAAGGATGC-1	Ast
GAACTTGAGTTGCGCC-1	Ast
GAAGTCTAGTAGTTCC-1	Ast
GAAGTCTCATACAACC-1	Ast
GAAGTGGAGAATAGTC-1	Ast
GAATCTGAGCGTTGCC-1	Ast
GAATCTGCAACTGCGC-1	Ast
GAATCTGCACAGTAGG-1	Ast
GAATCTGGTAGACGCA-1	Ast
GAATCTGGTATCTAGC-1	Ast
GAATCTGGTCAGCAAG-1	Ast
GACCAATAGGATATCA-1	Ast
GACCAATCAATGACTC-1	Ast
GACCAATCATCACAAC-1	Ast
GACCAATTCTCGACAA-1	Ast
GACCCAGAGTCCGTGC-1	Ast
GACCCAGAGTCGTGAG-1	Ast
GACCCAGTCGCTTGAA-1	Ast
GACCGACCACCATTCC-1	Ast
GACCGACGTGCTAGTT-1	Ast
GACCGACTCGGTTAGT-1	Ast
GACCTTCCAATTAGGA-1	Ast
GACCTTCGTGACCAGA-1	Ast
GACTAGTCAACATAAG-1	Ast
GACTAGTGTCCAACCG-1	Ast
GACTAGTTCTAGCTGA-1	Ast
GAGAACGCAACGTCCG-1	Ast
GAGACTTAGAATCAAC-1	Ast
GAGCATTTCCGATGCG-1	Ast
GAGCATTTCTACTGCC-1	Ast
GAGCGCTAGTACGACG-1	Ast
GAGGCTCGTCAGACGA-1	Ast
GAGGCTCGTGAGGTCA-1	Ast
GAGGCTCTCTTCTTCC-1	Ast
GAGGTCCAGATACCAA-1	Ast
GAGGTCCGTTCATTTC-1	Ast
GAGTGAGGTATGTCCA-1	Ast
GAGTGAGTCAGTGTGT-1	Ast
GATCATGCAAGCAACG-1	Ast
GATCATGTCTGACTTT-1	Ast
GATGATCCAGTTAAAG-1	Ast
GATGATCGTGCGCATC-1	Ast
GATTAGCGTTAAGGGC-1	Ast
GATTGACTCCAACAAC-1	Ast
GCAAAGGGTGGACAGT-1	Ast
GCACCTTCATTAGCCA-1	Ast
GCACGCAAGCGGACAT-1	Ast
GCACGCAAGGATTGCG-1	Ast
GCACGCAGTACGCCCA-1	Ast
GCACGCAGTCCGGTAC-1	Ast
GCACGCAGTTCCGGCA-1	Ast
GCACGGTCAGGATAGC-1	Ast
GCAGATTAGGAGAACA-1	Ast
GCAGATTAGGGAAATG-1	Ast
GCAGATTAGTCACGCC-1	Ast
GCAGATTCACAGATGG-1	Ast
GCAGCTGAGACAACGC-1	Ast
GCAGCTGCAACATAAG-1	Ast
GCAGCTGTCCTCCAGT-1	Ast
GCATTCCCATGGCCCA-1	Ast
GCCAGACAGAACGTCG-1	Ast
GCCAGACCAACGGACA-1	Ast
GCCAGACGTTCCTATT-1	Ast
GCCAGACGTTGTGAGG-1	Ast
GCCAGCAAGTCGTGAG-1	Ast
GCCCGAACAGTAACTC-1	Ast
GCCCGAATCTCTTCTC-1	Ast
GCCTACTCATTGAACC-1	Ast
GCCTAGGGTAATGCAA-1	Ast
GCCTAGGTCCAGGGAA-1	Ast
GCCTAGGTCTATTTCG-1	Ast
GCGAGAAAGTGAGTGC-1	Ast
GCGAGAATCCGTACGG-1	Ast
GCGAGAATCGTTTGAG-1	Ast
GCGAGTCGTGGAGTGT-1	Ast
GCGCATGAGTCGTATC-1	Ast
GCGCATGCAATACTGC-1	Ast
GCGCATGCATTGTTCT-1	Ast
GCGCATGTCTCTTCCT-1	Ast
GCGCCAAGTTAGAGAT-1	Ast
GCGGAAAAGCAGAAAG-1	Ast
GCGGAAAGTCGCTACG-1	Ast
GCGGTGTTCGGTCAGC-1	Ast
GCGTAGCCATACTGCA-1	Ast
GCTCAGGAGAGCCACA-1	Ast
GCTCCTACACCGTTGG-1	Ast
GCTCCTAGTTAGGCTT-1	Ast
GCTCCTATCCATTGTT-1	Ast
GCTCGAGTCCTCCTGA-1	Ast
GCTCGAGTCTGAGTCA-1	Ast
GCTGAGCGTCGCTAGC-1	Ast
GCTGAGCGTCTCTAAG-1	Ast
GCTGTTCCAGTAACGG-1	Ast
GCTGTTCCAGTTAAAG-1	Ast
GCTTAAGAGCAATGTA-1	Ast
GCTTAAGCAACCTCTC-1	Ast
GCTTAAGGTTATAGAG-1	Ast
GCTTGCTGTAGTACAA-1	Ast
GCTTTCGCAGTAGGCA-1	Ast
GCTTTCGTCAATTCCT-1	Ast
GCTTTCGTCGGTCGAC-1	Ast
GGAACCCAGGCTAAAT-1	Ast
GGAACTTCAAACGTTC-1	Ast
GGACACCCAGGTAGGT-1	Ast
GGACACCTCTTACTCA-1	Ast
GGAGAACAGTCACACT-1	Ast
GGAGTAGAGGGAGATA-1	Ast
GGAGTAGGTCAATCCA-1	Ast
GGATAGGGTGTGCTTA-1	Ast
GGATGAGCAGGTGGTA-1	Ast
GGCACGTAGAGGCGGA-1	Ast
GGCACGTAGTGAAACT-1	Ast
GGCACGTTCACATCCC-1	Ast
GGCATTACAGTCAGAG-1	Ast
GGCATTAGTGGTACTT-1	Ast
GGCGAAAAGCAACTGG-1	Ast
GGGAACAAGACAGCTG-1	Ast
GGGAACAAGTCATCTG-1	Ast
GGGAACACAAGGAAGA-1	Ast
GGGAACAGTAACACTC-1	Ast
GGGAACATCGCAAACT-1	Ast
GGGCCATGTCATAGCT-1	Ast
GGGCCATTCCGTTTCG-1	Ast
GGGTCTGGTCACATTG-1	Ast
GGGTCTGGTGAGGTCA-1	Ast
GGGTCTGGTGCTGGCT-1	Ast
GGGTGTCCATCCGTGG-1	Ast
GGGTTATAGGACCGAT-1	Ast
GGGTTATGTTACCACA-1	Ast
GGTAGGAGTCCGTAGC-1	Ast
GGTAGGAGTGCATTGT-1	Ast
GGTCATAGTCACCGCA-1	Ast
GGTCATATCTATACCT-1	Ast
GGTGCTGAGGAAGAAC-1	Ast
GGTGTCGAGCACACCC-1	Ast
GGTGTCGAGTTACCAC-1	Ast
GTAATCGTCGGTTAGT-1	Ast
GTAATCGTCGTTCTAT-1	Ast
GTACTTTAGTCTCGAT-1	Ast
GTACTTTTCTTCTCTC-1	Ast
GTAGTACGTGGTAAGC-1	Ast
GTAGTACTCACATCCC-1	Ast
GTCACAACAAGTTCGT-1	Ast
GTCACAAGTATCGCGC-1	Ast
GTCACAATCCCGGGTA-1	Ast
GTCACCTAGAGGTGGG-1	Ast
GTCACCTTCTGATCTT-1	Ast
GTCACGGTCACTAGCA-1	Ast
GTCACTCAGTTGAATG-1	Ast
GTCCATCAGCATACCT-1	Ast
GTCCATCCACTGATAC-1	Ast
GTCCATCGTACGTAGG-1	Ast
GTCCATCGTGTCGTGC-1	Ast
GTCCATCTCAGATACC-1	Ast
GTCCATCTCTCCCTTT-1	Ast
GTCGTAACAGCGCGTT-1	Ast
GTCGTAAGTACAAATG-1	Ast
GTCTACCAGAATCAAC-1	Ast
GTCTACCTCGTCGCAG-1	Ast
GTGACATCAACTCGTA-1	Ast
GTGACATTCAAAGTAG-1	Ast
GTGACATTCTCCAACC-1	Ast
GTGATCAAGATGGCAC-1	Ast
GTGCCAGAGTCTGGGA-1	Ast
GTGCCAGGTGGAAAGA-1	Ast
GTGCTGGAGACCCATT-1	Ast
GTGCTGGAGAGGAATG-1	Ast
GTGCTGGGTTACTTTC-1	Ast
GTGCTGGTCCCGTATC-1	Ast
GTGGATTAGAACCATA-1	Ast
GTGGATTAGAATCAAC-1	Ast
GTGGATTAGCATACCT-1	Ast
GTGGATTAGTACAGAT-1	Ast
GTGGATTCACTCGCAG-1	Ast
GTGGATTCATACCCGG-1	Ast
GTGGATTGTTCATTTC-1	Ast
GTGGATTTCTGACTTT-1	Ast
GTGGCGTTCATCGCAA-1	Ast
GTGTCCTCATTGCACA-1	Ast
GTGTGATCACTGCTTC-1	Ast
GTGTGATGTACGTAGG-1	Ast
GTGTGATGTCAAATCC-1	Ast
GTGTGATTCGTATAGC-1	Ast
GTGTGATTCTGGCCAG-1	Ast
GTTACGAAGGGACGTT-1	Ast
GTTACGAGTGATTCCA-1	Ast
GTTACTTCAGTCAGCC-1	Ast
GTTATGGAGTCAGCCC-1	Ast
GTTATGGAGTCCCGCA-1	Ast
GTTATGGCAAATAGTG-1	Ast
GTTCAAGAGGGCTCTC-1	Ast
GTTCAAGCAGGTAGGT-1	Ast
GTTCAAGGTTCTACGA-1	Ast
GTTGGGCGTTCTGAGT-1	Ast
GTTGGTACAAACGACG-1	Ast
GTTGGTACAAGCCAGA-1	Ast
TAAACCGGTAGAAGCC-1	Ast
TAACAGCCAGGTGGTA-1	Ast
TAACGGTCACTGATAC-1	Ast
TAACGGTTCTCCCTTT-1	Ast
TAACTTCCAGTTGCAT-1	Ast
TAACTTCGTTAACCAC-1	Ast
TAAGTGCTCGCCAGAC-1	Ast
TAAGTGCTCTAGCAAC-1	Ast
TAATCGGTCCCAATAG-1	Ast
TAATTCCAGGACTTTC-1	Ast
TAATTCCAGGATTGAT-1	Ast
TAATTCCCAGTAAGCG-1	Ast
TAATTCCGTTTAAGCC-1	Ast
TACAGCAAGTTCAGGG-1	Ast
TACAGCAGTGCCCTAG-1	Ast
TACATGGCAATTGGCT-1	Ast
TACATGGGTTCCCTTG-1	Ast
TACATGGTCGCAAACT-1	Ast
TACATTCCAGCTGATT-1	Ast
TACATTCGTAAAGGCC-1	Ast
TACATTCGTGTTAGAA-1	Ast
TACCCTGCACTCGTGG-1	Ast
TACCCTGGTTAGGCTT-1	Ast
TACCTATAGAAAGGGT-1	Ast
TACCTCGCAAGGTCGA-1	Ast
TACCTCGGTTACCCAA-1	Ast
TACCTCGTCGCCTTAC-1	Ast
TACCTCGTCGGTAGGA-1	Ast
TACGGATAGTCGAAAT-1	Ast
TACGGATCAGATTAAG-1	Ast
TACTAGGCACAGGTAG-1	Ast
TACTAGGGTAATGCCT-1	Ast
TACTAGGGTGAGGTCA-1	Ast
TACTAGGGTTATAGAG-1	Ast
TACTCGCAGCCCATGC-1	Ast
TACTCGCCACTGATAC-1	Ast
TACTCGCCATACAACC-1	Ast
TACTCGCGTTCATTTC-1	Ast
TACTCGCGTTCTCGAA-1	Ast
TACTCGCTCTCCCTTT-1	Ast
TACTGCCCAATGGCTT-1	Ast
TAGACTGAGCTCCGGT-1	Ast
TAGACTGAGGATTAAC-1	Ast
TAGCACAAGGCGTCCT-1	Ast
TAGCACAAGTGAACCG-1	Ast
TAGCATGCACAAGGGT-1	Ast
TAGCATGTCTAGCTGA-1	Ast
TAGCCGGAGGACTAGC-1	Ast
TAGCGGCGTATCATGC-1	Ast
TAGCTTTGTAGCCATT-1	Ast
TAGCTTTGTCTGAGCC-1	Ast
TAGGAGGCATAGACGG-1	Ast
TAGGTCAGTTTGTACG-1	Ast
TAGGTCATCTTGTCGC-1	Ast
TAGGTGTTCAATTCCT-1	Ast
TAGGTGTTCGATGTGT-1	Ast
TAGTCCCGTGCAAGAC-1	Ast
TATCGAGGTATTCTCT-1	Ast
TATCGAGTCAGTCAAC-1	Ast
TATCGAGTCATCGCCT-1	Ast
TATCTGTGTTGGCTAT-1	Ast
TATGTGGTCCCTAAAG-1	Ast
TATGTTCCACAAGTGG-1	Ast
TATTGCTAGGCTCAGA-1	Ast
TATTGCTTCCTGAAAC-1	Ast
TATTGCTTCTCTTCTC-1	Ast
TCAAAGCAGGCCAATG-1	Ast
TCAAAGCTCGATTACG-1	Ast
TCAAGACAGTCTAGAA-1	Ast
TCAAGACCACTGTCGG-1	Ast
TCAAGCAAGGCTTAAA-1	Ast
TCAAGGTGTGCAACAG-1	Ast
TCAATTCCAATGAAAC-1	Ast
TCAATTCGTAAGCCTT-1	Ast
TCAATTCTCGCTATAG-1	Ast
TCACAAGGTAACCATC-1	Ast
TCACAGAAGACGACTG-1	Ast
TCACAGACAGGCATTT-1	Ast
TCACAGAGTGCACATT-1	Ast
TCACAGATCCAATCCC-1	Ast
TCACCACAGTATACCC-1	Ast
TCACCACGTTGTATCG-1	Ast
TCACCACTCTTCGTTA-1	Ast
TCACCTGAGTACCCAT-1	Ast
TCACTCGAGAACCCGA-1	Ast
TCAGGGCGTTAAGTCC-1	Ast
TCAGGTAAGGACTAGC-1	Ast
TCCAGAACATTGATGC-1	Ast
TCCAGAACATTGTTCT-1	Ast
TCCCACAGTAAACGGC-1	Ast
TCCCACATCGTCCCAT-1	Ast
TCCGACTAGGTCCTCG-1	Ast
TCCGACTGTTTCAGCA-1	Ast
TCGATTTCAGCAACAG-1	Ast
TCGATTTGTTGGACGA-1	Ast
TCGCAGGAGTACGACG-1	Ast
TCGCCTAAGACACTTC-1	Ast
TCGCCTAAGTTATGAG-1	Ast
TCGGGACCAAGGTCGA-1	Ast
TCGGGACCAGGTGTCC-1	Ast
TCGTTCGGTCTGGTTA-1	Ast
TCGTTCGTCTGTGTGA-1	Ast
TCTATTGAGAGCGGTT-1	Ast
TCTCAGCCATCTGCAA-1	Ast
TCTCAGCGTATCCCTC-1	Ast
TCTCTGGAGAGAATTC-1	Ast
TCTCTGGGTGATCAGG-1	Ast
TCTCTGGTCCCAATGA-1	Ast
TGAATCGGTAGAAAGG-1	Ast
TGAATCGTCAAGGCAG-1	Ast
TGAATCGTCGCCCTTA-1	Ast
TGACAACCACTGTCGG-1	Ast
TGACTCCCACTGTAAC-1	Ast
TGACTCCGTCCGCTTT-1	Ast
TGACTCCTCTGTAGAC-1	Ast
TGAGCCGAGAACGACC-1	Ast
TGAGCCGGTTTCTTAC-1	Ast
TGAGTCAGTCTGGGCT-1	Ast
TGATCAGTCGACTGGC-1	Ast
TGATCAGTCTATTTCG-1	Ast
TGATGCACATATTGGC-1	Ast
TGATTTCAGGGCATTG-1	Ast
TGCACCTAGTTAGCGG-1	Ast
TGCACCTTCAATGCAC-1	Ast
TGCATGAAGACGAAAG-1	Ast
TGCATGAGTCACTCTC-1	Ast
TGCATGAGTGTAGGAC-1	Ast
TGCATGAGTTTGTAGC-1	Ast
TGCCTCACAAAGGTCG-1	Ast
TGCCTGTAGACACTTC-1	Ast
TGCCTGTGTGGAAGCT-1	Ast
TGCCTGTTCGCAGATT-1	Ast
TGCTATTCAAGCTTTG-1	Ast
TGCTATTCAAGGCGTA-1	Ast
TGCTATTCATCCATAG-1	Ast
TGCTATTTCGATAGGG-1	Ast
TGCTCACCACCTATTT-1	Ast
TGCTCACTCTTAATCC-1	Ast
TGCTCGTGTATGGTTC-1	Ast
TGCTTCGGTAACATAG-1	Ast
TGCTTCGTCCAGCACG-1	Ast
TGGAAGGCAGTTAAAG-1	Ast
TGGCCTTCAGCAACAG-1	Ast
TGGCCTTGTTTCTACT-1	Ast
TGGCCTTTCAGGTTTG-1	Ast
TGGGTGCTCACGATTG-1	Ast
TGGGTTAAGACGACTG-1	Ast
TGGGTTAAGTATACGA-1	Ast
TGGTCAACACTGGGCT-1	Ast
TGGTCAACATCCCTCA-1	Ast
TGGTCAATCAACACGT-1	Ast
TGTAAGCAGAACCCGA-1	Ast
TGTAAGCCAGTAGGCA-1	Ast
TGTAAGCTCGCGATGC-1	Ast
TGTACAGGTACTTGAC-1	Ast
TGTACAGGTAGCAGCA-1	Ast
TGTACGAAGATGGCAC-1	Ast
TGTAGCAGTCAGCTTA-1	Ast
TGTGACAAGGTCGTTT-1	Ast
TGTGACACATGACTGT-1	Ast
TGTGACAGTTTCACCC-1	Ast
TGTGTCCGTTTCACCC-1	Ast
TGTTAGGTCTTTATCG-1	Ast
TTAACGGGTGCATTCA-1	Ast
TTAACGGTCCATAACG-1	Ast
TTACCCGAGAAGCCGT-1	Ast
TTACCGCTCAGTAGTC-1	Ast
TTACCGCTCTTTATCG-1	Ast
TTACGGAAGAGAACCC-1	Ast
TTACGGACATTGAACC-1	Ast
TTACGGAGTAACATAG-1	Ast
TTACGGATCTGACTTT-1	Ast
TTACGTTGTATGCTAC-1	Ast
TTACTCATCCGTGCGA-1	Ast
TTACTTGCACGAACGA-1	Ast
TTACTTGGTACGTAAA-1	Ast
TTACTTGGTTCTGAAC-1	Ast
TTAGCGACAAGGCTTT-1	Ast
TTAGCTTCAGTAACGG-1	Ast
TTAGCTTCATGGTATC-1	Ast
TTAGCTTTCTTACCTA-1	Ast
TTAGGTGAGGATTGAT-1	Ast
TTAGGTGAGTCTCTAG-1	Ast
TTAGGTGGTAACCGAG-1	Ast
TTATGTCAGGCGACTA-1	Ast
TTATGTCTCGCCAGAC-1	Ast
TTCATCAAGAAAGGGT-1	Ast
TTCATCACACTCAAGT-1	Ast
TTCATCACATGTAGAA-1	Ast
TTCATCAGTGTCGTCG-1	Ast
TTCATCAGTTATAGAG-1	Ast
TTCATTGAGACCCTAT-1	Ast
TTCATTGAGAGGTGGG-1	Ast
TTCATTGAGGGCTTCC-1	Ast
TTCATTGCAGTTAAAG-1	Ast
TTCGATTCAAGCAACG-1	Ast
TTCGATTTCATCGCTC-1	Ast
TTCGATTTCATTCTTG-1	Ast
TTCGCGTAGCCGCAAA-1	Ast
TTCGCGTCATTGATGC-1	Ast
TTCGCGTGTCCTCAGG-1	Ast
TTCGCGTGTTCCTGTC-1	Ast
TTCGGTCAGCAACTGG-1	Ast
TTCGGTCGTCTGGTTA-1	Ast
TTCGGTCTCCGTGCGA-1	Ast
TTCGTTAGTTCGGGAA-1	Ast
TTCTAACAGTGCTGAG-1	Ast
TTCTAACCAAGTCTCA-1	Ast
TTCTAACCAGCAACAG-1	Ast
TTCTGTACAAATGTCC-1	Ast
TTGACGACATGTCCCT-1	Ast
TTGCAGAAGGTCACTT-1	Ast
TTGCAGAAGTTCGTTG-1	Ast
TTGCAGACACGTTGTA-1	Ast
TTGCAGATCTAGCAGT-1	Ast
TTGCCCAAGAGCGGTT-1	Ast
TTGCGAAAGGATATCA-1	Ast
TTGCGAACATCTCTCG-1	Ast
TTGCGAAGTTCAGTTG-1	Ast
TTGCGGGAGAGTTTGA-1	Ast
TTGCGGGAGTCTGGGA-1	Ast
TTGCGGGCATGTAGAA-1	Ast
TTGTCTACAAACCGAG-1	Ast
TTGTCTATCCAGAATC-1	Ast
TTGTCTATCTACTGCC-1	Ast
TTGTTCAGTTCTGAGT-1	Ast
TTGTTGTCAACTGCGC-1	Ast
TTGTTGTTCAAACCAC-1	Ast
TTGTTGTTCTGAAAGA-1	Ast
TTTACGTAGGAATGGA-1	Ast
TTTACGTGTAGAACGC-1	Ast
TTTGAGGGTTGGGAAC-1	Ast
TTTGCGCCATCATGTG-1	Ast
TTTGCGCCATCGCCTT-1	Ast
TTTGGTTAGTCAGCCC-1	Ast
TTTGGTTCAAGCGGTA-1	Ast
TTTGGTTCAGGACCTC-1	Ast
TTTGTGTAGTTGCCGC-1	Ast
Index-1	Cell
AAACGAATCGAGAAGC-1	Deid
AAACTCGGTCTCTGGG-1	Deid
AAACTGCTCACTAGGT-1	Deid
AAAGATGTCCATGTTT-1	Deid
AAAGGATAGAATGCTA-1	Deid
AAAGGATTCGTCTTAT-1	Deid
AAAGGGCTCTGTTGCC-1	Deid
AAATGCCAGACCAATA-1	Deid
AAATGCCAGGAGAACA-1	Deid
AAATGCCGTCTGAGCC-1	Deid
AACAAAGAGGGCTTCC-1	Deid
AACAAAGAGTTCTCCC-1	Deid
AACAAAGCAAGCGGTA-1	Deid
AACAGTCCACAAGTGG-1	Deid
AACATCGCATCTCACC-1	Deid
AACATCGGTGGACGAT-1	Deid
AACCAACAGACGCCCT-1	Deid
AACCAACAGGGACGTT-1	Deid
AACCAACTCCATAACG-1	Deid
AACCGATGTGCTTGAT-1	Deid
AACCGATGTTCATTTC-1	Deid
AACCGATTCTTGGCCT-1	Deid
AACCTGAAGATGGGAA-1	Deid
AACCTGAAGGCTCCTG-1	Deid
AACCTTTAGACGACTG-1	Deid
AACCTTTGTCGATTAC-1	Deid
AACCTTTTCTGTTTAC-1	Deid
AACGGGACACTACACA-1	Deid
AACGGGACATCGTACA-1	Deid
AACGGGAGTGAGGGTT-1	Deid
AACGTACTCAGTACAC-1	Deid
AACTGTGAGTCAGCCC-1	Deid
AAGGAGCTCGCACCGA-1	Deid
AAGGTTCCACTGGGCT-1	Deid
AAGGTTCGTTCTGAGT-1	Deid
AATACGCAGACACGGT-1	Deid
AATACGCCAAGCGAAC-1	Deid
AATACGCTCCAATCCC-1	Deid
AATGCCAGTAGACGCA-1	Deid
AATGGAAGTTAGGAAT-1	Deid
AATGGAATCGTCCCAT-1	Deid
AATGTCGGTGACAAGC-1	Deid
AATGTCGTCGGGCTCA-1	Deid
ACAAACCAGACCGCAA-1	Deid
ACAAACCTCCCTACGT-1	Deid
ACAAAGACATAGAATG-1	Deid
ACAAGCTGTGTTAGAA-1	Deid
ACAGAAACACGGTGTC-1	Deid
ACAGAAAGTTAACCGT-1	Deid
ACAGACTCAAGCGGTA-1	Deid
ACATGGTCAATTGCCA-1	Deid
ACCAAACCAGCACATT-1	Deid
ACCAAACTCAACTTGG-1	Deid
ACCATCCGTCAACAGG-1	Deid
ACCATCCTCCAGAGAG-1	Deid
ACCCAAACAATTAGGA-1	Deid
ACCCAAAGTCATTGGT-1	Deid
ACCCAAATCCAAGAGG-1	Deid
ACCTGCTAGGCTCCTG-1	Deid
ACCTGCTCACAACGGA-1	Deid
ACCTGCTCAGAATGCG-1	Deid
ACCTGCTGTAACCCAT-1	Deid
ACCTGCTGTGATTCCA-1	Deid
ACTACCCTCGAGTTAC-1	Deid
ACTACGAAGTAGAAGG-1	Deid
ACTAGGTTCGATAGTC-1	Deid
ACTATTCGTCAGACGA-1	Deid
ACTGCAAAGTAGTCGG-1	Deid
ACTGTCCCACCTACCT-1	Deid
ACTGTCCGTAAGCCTT-1	Deid
ACTTCCGTCACGTGTA-1	Deid
ACTTTCAAGTAGTCGG-1	Deid
ACTTTCACAGCGTAGA-1	Deid
AGATAGAGTATCTGCA-1	Deid
AGATTCGGTTACTTTC-1	Deid
AGCCAGCAGTAGTGTA-1	Deid
AGCCAGCTCGAGAAGC-1	Deid
AGCCAGCTCTCCAACC-1	Deid
AGCCGCACAAAGGAAG-1	Deid
AGCCGCACAAATGCTC-1	Deid
AGCCGCATCTCTGCGT-1	Deid
AGCCTCTAGGAATGGA-1	Deid
AGCCTCTGTTAAGGGC-1	Deid
AGCCTGGGTCATCAAC-1	Deid
AGCCTTCTCCGAATTG-1	Deid
AGCGTATCATATAGAG-1	Deid
AGCGTGCGTGGGTAGT-1	Deid
AGCTGATAGAGAGGTA-1	Deid
AGCTGATGTGCTTACA-1	Deid
AGCTGGCCAGGGTACA-1	Deid
AGGACGACATCAGCTA-1	Deid
AGGCCTGCAAAGGAAG-1	Deid
AGGCCTGGTGTACGCC-1	Deid
AGGCCTGGTTAAGGGC-1	Deid
AGGCGAATCAGCCGAC-1	Deid
AGGCGTCAGTCGTACT-1	Deid
AGTCAACGTTTGTAGC-1	Deid
AGTCCGGCAAACGACG-1	Deid
AGTGCCGTCATGTTCT-1	Deid
AGTGCGCTCGTCCCAT-1	Deid
AGTGTACGTCGCTAGC-1	Deid
AGTGTACGTGAGGTCA-1	Deid
AGTTACGAGGTCGGTA-1	Deid
ATAGGCTCAACTCGAT-1	Deid
ATAGGCTCACAACGGA-1	Deid
ATAGGCTGTGCAAGAC-1	Deid
ATAGTCGAGAACGTTA-1	Deid
ATAGTCGCAGCTATAC-1	Deid
ATATTCCGTAGTCCAT-1	Deid
ATATTCCTCGGTCCGA-1	Deid
ATCCCTGTCGTCTTAT-1	Deid
ATCCTCGTCGTGTGCG-1	Deid
ATCCTGCGTAACATAG-1	Deid
ATCCTGCGTTTGCGAT-1	Deid
ATGCATGGTGTGACCC-1	Deid
ATGTCGATCTTATCAC-1	Deid
ATGTCTTCACTGAAGG-1	Deid
ATGTTTCAGCCAGAAC-1	Deid
ATGTTTCGTCTCAAAC-1	Deid
ATTACTCAGTACCACT-1	Deid
ATTTGTCCAGACCTGC-1	Deid
CAACCAACAGCACATT-1	Deid
CAACCAAGTGTGAGGT-1	Deid
CAACCAATCGTCCCAT-1	Deid
CAACGGCAGTGCAACG-1	Deid
CAACGTAGTACTAGAA-1	Deid
CAACGTATCTATACCT-1	Deid
CAACGTATCTCTATTG-1	Deid
CAAGCTAGTCCCGAGT-1	Deid
CAAGGCCAGTGAGCTG-1	Deid
CAAGGCCGTTCCATCC-1	Deid
CAAGGCCTCGTGCTGG-1	Deid
CAATCCCTCCGGGCAT-1	Deid
CACAACATCAAACCAC-1	Deid
CACAGATGTAGTAACA-1	Deid
CACAGATTCTTCTTCC-1	Deid
CACATGACAAAGGAAG-1	Deid
CACATGAGTAGAATAC-1	Deid
CACCACTAGCTTTCCC-1	Deid
CACCTGTGTCATAAGA-1	Deid
CACCTGTGTCCATTGA-1	Deid
CACCTTGCACACGGTC-1	Deid
CACCTTGGTCCTTATT-1	Deid
CACGTTCGTCCTTATT-1	Deid
CACTAAGAGGTACTCT-1	Deid
CACTAAGGTCTCTAAG-1	Deid
CACTGAAAGCTCGGCT-1	Deid
CAGCTAACACAGGAAC-1	Deid
CAGCTAACATTTGGCA-1	Deid
CAGCTGGGTACGGATG-1	Deid
CAGGATTCAACATAAG-1	Deid
CAGGGCTTCTGGCCAG-1	Deid
CAGTGTAAGAGGCAGG-1	Deid
CAGTGTATCCACGAGC-1	Deid
CATAACGCAGTGCGAA-1	Deid
CATGCCTGTGCGTTTA-1	Deid
CATGTTTGTTAACCGT-1	Deid
CATGTTTGTTAAGGGC-1	Deid
CATTCCGAGGTTAACA-1	Deid
CATTGGAAGTCGCGTC-1	Deid
CATTGGACAAGAGCGT-1	Deid
CATTGGATCGTAGCGC-1	Deid
CCAGAATGTCAATACC-1	Deid
CCAGAATGTTACGGAG-1	Deid
CCAGATAAGTATGGGC-1	Deid
CCAGATAGTACTTCAG-1	Deid
CCAGATATCAGGTTTG-1	Deid
CCCACATCAGCTGATT-1	Deid
CCCACATGTGACCAGA-1	Deid
CCCAGAGCAATGGCTT-1	Deid
CCCTAACCAATGGTAA-1	Deid
CCCTAACTCGAGTTAC-1	Deid
CCCTAGTAGAAATACC-1	Deid
CCCTCTCAGATTGACA-1	Deid
CCCTCTCTCGGTAGGA-1	Deid
CCGCATTCAGTAACCT-1	Deid
CCGCATTGTTCTTTGT-1	Deid
CCGTACTCAGTTCGGC-1	Deid
CCGTGAGTCGTCCCAT-1	Deid
CCGTGAGTCGTTCCGT-1	Deid
CCTAAAGGTTCCAATG-1	Deid
CCTAAAGTCCTGAAAC-1	Deid
CCTATTAAGGGTCCCT-1	Deid
CCTCCCTGTATCTGCA-1	Deid
CCTTGCACAGGCATCC-1	Deid
CGAGTTAGTCGAGGAT-1	Deid
CGAGTTAGTTCCCGGA-1	Deid
CGAGTTAGTTGGAGGT-1	Deid
CGATGATAGAGAGTTT-1	Deid
CGCACAGCACACATTG-1	Deid
CGCACAGCAGTGGTCC-1	Deid
CGCAGGTTCAATGCAC-1	Deid
CGCGCAATCAGGGTTT-1	Deid
CGCGCAATCGGGAAAC-1	Deid
CGCTAGGGTTCCGGCA-1	Deid
CGCTATCCAATTCGTG-1	Deid
CGCTGGAAGACCTATC-1	Deid
CGCTGGAAGCCATGGA-1	Deid
CGGACCACAATCAGGG-1	Deid
CGGACCACACTCCTCA-1	Deid
CGGACCACACTCGCAG-1	Deid
CGGACCACATCACAAC-1	Deid
CGTTCCAAGGATTTGA-1	Deid
CGTTCCAGTGAATGGC-1	Deid
CTAACTTCAAGTTGCT-1	Deid
CTAGGATAGACACGGT-1	Deid
CTAGGATGTAAAGGCC-1	Deid
CTAGGGCCAGAATGCG-1	Deid
CTAGGGCGTGGCCTTG-1	Deid
CTAGGGCTCATGTTCT-1	Deid
CTCAACCGTGCACTTA-1	Deid
CTCAGCTTCGATAGGG-1	Deid
CTCGCTAGTAGTACAA-1	Deid
CTCGCTAGTCATTGGT-1	Deid
CTCTACGAGGTGATGC-1	Deid
CTCTACGCAAGTCTCA-1	Deid
CTCTACGTCTGGCGCA-1	Deid
CTCTAGCAGGCGTAGT-1	Deid
CTCTCAGAGTAATCAG-1	Deid
CTGAATGCAAAGGTCG-1	Deid
CTGCTCAGTCGACTGC-1	Deid
CTGGGACCATGCGCTG-1	Deid
CTGTATTAGGCCTCTG-1	Deid
CTGTTCGGTCTGGGAA-1	Deid
CTTAATCAGGAGTAGA-1	Deid
CTTCCAGAGTATGCTC-1	Deid
CTTCCAGTCTGTCGTC-1	Deid
CTTGAAGGTATTCGCA-1	Deid
CTTGAAGGTTAACCGT-1	Deid
CTTGAAGGTTAAGGGC-1	Deid
CTTGCCAGTGGAGTGT-1	Deid
CTTGCTGTCCCGCAAG-1	Deid
CTTGTCGAGAGTTCGG-1	Deid
CTTGTCGTCATGAACC-1	Deid
GAAAGTACACTGAAGG-1	Deid
GAACTTGGTTGGAGGT-1	Deid
GAAGAGCTCCGTGCAG-1	Deid
GAAGAGCTCTTACGGA-1	Deid
GAATCTGGTCATGAGG-1	Deid
GAATCTGTCTTGGCCT-1	Deid
GACCAATGTTCTCGAA-1	Deid
GACCCAGCAGGTCTGC-1	Deid
GACCTTCAGAAATACC-1	Deid
GACCTTCAGGTGTCGA-1	Deid
GACTAGTGTACTTCGA-1	Deid
GACTAGTGTCAAACAA-1	Deid
GAGAACGAGTCAACTC-1	Deid
GAGATTCCAGATAAGT-1	Deid
GAGATTCGTACTTCAG-1	Deid
GAGATTCGTTGGAGGT-1	Deid
GAGATTCTCGCTACCT-1	Deid
GAGCATTGTACTATGC-1	Deid
GAGCATTGTAGTATCC-1	Deid
GAGCGCTAGGTTCGTT-1	Deid
GAGCGCTAGTCGTATC-1	Deid
GAGCGCTCACTGTAAC-1	Deid
GAGGATGGTAACCCAT-1	Deid
GAGGATGTCGTATAGC-1	Deid
GAGGCTCCATCCCGGA-1	Deid
GAGTGAGCAAGTAACA-1	Deid
GAGTGAGGTCGAGGAT-1	Deid
GATCATGCAGTGCGTC-1	Deid
GATCATGGTCCGTCGA-1	Deid
GATCGTAAGTACCTCA-1	Deid
GATGATCAGTCGATAA-1	Deid
GATGATCCATATTGGC-1	Deid
GATGATCTCTCTGTTA-1	Deid
GATGGCCCACAAACAA-1	Deid
GCAAAGGCACAACGGA-1	Deid
GCAACCGAGCCAGAAC-1	Deid
GCACGCAGTGGCATAG-1	Deid
GCACGCATCTTAACGG-1	Deid
GCAGCCACAACTTGGT-1	Deid
GCAGCTGTCAGTTGAC-1	Deid
GCATTCCGTGAATGTA-1	Deid
GCATTGAAGCGTCAAG-1	Deid
GCATTGATCATTCATC-1	Deid
GCCAGACTCTCATCCG-1	Deid
GCCAGCAAGGATTAAC-1	Deid
GCCAGCATCAGTCAAC-1	Deid
GCCAGCATCCCACTTG-1	Deid
GCCCAGAAGCGCACAA-1	Deid
GCCCAGACAAAGCATA-1	Deid
GCCCAGATCTATATCC-1	Deid
GCGAGAATCTCTTAAC-1	Deid
GCGAGTCTCGGCAATT-1	Deid
GCGAGTCTCTGCCGAG-1	Deid
GCGATCGCAAGCAATA-1	Deid
GCGATTACACAGCTTA-1	Deid
GCGATTAGTTGCAGCC-1	Deid
GCGATTATCACTGGTA-1	Deid
GCGCATGGTTCTGATG-1	Deid
GCGCATGGTTGGGAAC-1	Deid
GCGCCAATCCATACGA-1	Deid
GCGTAGCCAACACGGA-1	Deid
GCGTAGCCACTCGCAG-1	Deid
GCGTTGGAGTCAGGAC-1	Deid
GCTCACTCAAGGTTCT-1	Deid
GCTCACTTCCCGTATC-1	Deid
GCTCAGGTCCCGAAGC-1	Deid
GCTCCTAAGCTGGAGT-1	Deid
GCTCCTAGTCGATAGG-1	Deid
GCTCGAGAGAGGAAGT-1	Deid
GCTCGAGAGGATGTAT-1	Deid
GCTGAGCAGTCAGGAC-1	Deid
GCTTGCTAGGTTGACG-1	Deid
GCTTGCTCATCAGCTA-1	Deid
GCTTGCTTCAGGCCGT-1	Deid
GGAACCCAGAGCTGTG-1	Deid
GGAACTTAGGTAGGCT-1	Deid
GGAATCTTCCATAACG-1	Deid
GGACACCTCGTGGTAT-1	Deid
GGAGAACTCTAAGGTC-1	Deid
GGCACGTAGGTTTCTG-1	Deid
GGCACGTGTCTGTCCT-1	Deid
GGCACGTTCACTGATG-1	Deid
GGCATTAAGCATTGGG-1	Deid
GGCATTACAGGCAGAT-1	Deid
GGCGTTGCACCCTTTG-1	Deid
GGGACCTGTCTGCACG-1	Deid
GGGCCATTCTCTATCA-1	Deid
GGGTCTGGTAACGTAA-1	Deid
GGGTGTCCAGAACAGC-1	Deid
GGTGCTGAGTGATTAG-1	Deid
GGTGCTGGTTTGTAGC-1	Deid
GGTGTCGAGTACCCAT-1	Deid
GGTGTCGAGTCTTAGC-1	Deid
GGTTGCGAGTAACACA-1	Deid
GGTTGCGCACGCCGAT-1	Deid
GTAATCGAGTGAGTTA-1	Deid
GTACTTTAGAGGTGGG-1	Deid
GTAGACTAGTGATCTC-1	Deid
GTCACAAAGAGGTACC-1	Deid
GTCACCTGTAAACGAT-1	Deid
GTCACCTGTTTGTGAC-1	Deid
GTCACGGAGAATCAGT-1	Deid
GTCACGGCAAATTGAG-1	Deid
GTCACGGCAGTAGTCT-1	Deid
GTCACGGCAGTTAAAG-1	Deid
GTCACGGCATCCTGGG-1	Deid
GTCACTCTCTGTGTGA-1	Deid
GTCACTCTCTTAATCC-1	Deid
GTCCATCGTTTCTTAC-1	Deid
GTCGTAATCGAGCGCT-1	Deid
GTCTACCAGGGTCCCT-1	Deid
GTCTACCTCGTTCCGT-1	Deid
GTGATCACATGGCCTG-1	Deid
GTGCACGAGTCGACCC-1	Deid
GTGCACGGTAAACGGC-1	Deid
GTGCCAGCATGTGGGA-1	Deid
GTGCCAGGTAGAAGCC-1	Deid
GTGGCGTCACGCCGAT-1	Deid
GTGTCAAGTGTACGCC-1	Deid
GTGTCCTAGGGTCCCT-1	Deid
GTGTCCTCATCATCGA-1	Deid
GTGTGATGTTTGCCAA-1	Deid
GTGTGATTCTCGTGAA-1	Deid
GTTATGGCATCATAGC-1	Deid
GTTATTCCATAGATAG-1	Deid
GTTCAAGTCGGGCTCA-1	Deid
GTTCAAGTCTTGTCGC-1	Deid
GTTGGTAGTAGCAGGT-1	Deid
TAAACCGGTATCACAC-1	Deid
TAACAGCAGAGAGTTT-1	Deid
TAACGGTAGGGCATTG-1	Deid
TAACTTCCAGCACATT-1	Deid
TAAGCCATCACATTCT-1	Deid
TAAGTGCAGGAGGCGA-1	Deid
TAAGTGCGTCAAGACG-1	Deid
TAATCGGTCTATACCT-1	Deid
TAATTCCAGCAGAGCT-1	Deid
TAATTCCTCACTACCC-1	Deid
TAATTCCTCTGAGTCA-1	Deid
TACAGCATCGTTACAG-1	Deid
TACATTCCACTCAAGT-1	Deid
TACATTCGTACGTAAA-1	Deid
TACCCTGGTTCTTATC-1	Deid
TACCTATGTCCGTCGA-1	Deid
TACCTCGTCACTAGGT-1	Deid
TACCTCGTCTACTGCC-1	Deid
TACGCAACATTTCACT-1	Deid
TACGGATAGTCGATAA-1	Deid
TACGGATCACATTGCA-1	Deid
TACGGATCATTACTCT-1	Deid
TACTAGGCATCTCTCG-1	Deid
TACTAGGTCCGTACGG-1	Deid
TACTCGCCAGGGTACA-1	Deid
TACTGCCAGGCACTAG-1	Deid
TACTGCCGTGAGGTCA-1	Deid
TAGCACAGTATTCTTC-1	Deid
TAGCATGTCTATATCC-1	Deid
TAGCCCTCAAGCCCTG-1	Deid
TAGCCCTTCTCTCAAT-1	Deid
TAGCCCTTCTTATCAC-1	Deid
TAGCCGGCACGCGATC-1	Deid
TAGCCGGCATGGCCCA-1	Deid
TAGCTTTAGCTTTCCC-1	Deid
TAGGAGGCAAGGCTTT-1	Deid
TAGGAGGTCTGGCACG-1	Deid
TAGGTCATCCCGTAGG-1	Deid
TAGGTGTCATCCCAAA-1	Deid
TAGTCCCAGGTAGGAA-1	Deid
TAGTCCCAGTCACACT-1	Deid
TATCTGTCATCCGTGG-1	Deid
TATCTGTGTGATAACA-1	Deid
TATCTGTGTTTGGATC-1	Deid
TATCTGTTCGAGGTCC-1	Deid
TATCTGTTCGCGTGAC-1	Deid
TATGTTCGTCTCAAAC-1	Deid
TATTGCTCAATGCACT-1	Deid
TATTGCTGTTGCCGCA-1	Deid
TATTGCTGTTTGACCA-1	Deid
TCACAAGCATCGCTAA-1	Deid
TCACCACTCGGTCGAC-1	Deid
TCAGGGCCACATGATC-1	Deid
TCAGTTTAGGTTTCTG-1	Deid
TCCAGAAAGAACGACC-1	Deid
TCCATCGGTCCGCTTT-1	Deid
TCGAGCGTCCCATAGA-1	Deid
TCGATTTCAGTTAAAG-1	Deid
TCGATTTGTATATGGA-1	Deid
TCGCAGGAGAGAATTC-1	Deid
TCGCAGGAGTAACATG-1	Deid
TCGGGACGTAAGTCTC-1	Deid
TCGGGACGTCGCTACG-1	Deid
TCGTTCGAGACTTGAA-1	Deid
TCGTTCGTCTGGAAGG-1	Deid
TCTAGTTCAGCGTACC-1	Deid
TCTATTGAGGCAGTAC-1	Deid
TCTATTGGTGTCGTGC-1	Deid
TCTATTGTCGCGCCAA-1	Deid
TGAATCGAGTTCCAGT-1	Deid
TGAATCGCAAAGGAAG-1	Deid
TGAATCGCAGTTGCAT-1	Deid
TGAATCGGTCACAGGA-1	Deid
TGACTCCAGAACGCCA-1	Deid
TGAGCCGCATTTCTTG-1	Deid
TGATCAGTCCCGTATC-1	Deid
TGATGCAAGACCCTAT-1	Deid
TGATGCACAGGACTGA-1	Deid
TGATGCATCTAGCAAC-1	Deid
TGCATGATCAACGTGT-1	Deid
TGCCTCATCCTAAAGC-1	Deid
TGCCTGTCACCCTTAC-1	Deid
TGCCTGTTCGGTCTCT-1	Deid
TGCGTAAAGATGGGTC-1	Deid
TGCGTAAGTCATTGCA-1	Deid
TGCGTAATCTCGACAA-1	Deid
TGCTATTAGCGTTGCC-1	Deid
TGCTATTCACTTATGG-1	Deid
TGCTCACGTCCCTAAA-1	Deid
TGCTCACTCAAGGCCC-1	Deid
TGCTCGTCAGGTCCTG-1	Deid
TGCTTCGAGATCACCT-1	Deid
TGCTTCGGTACGGAGT-1	Deid
TGGACATGTACAAGCG-1	Deid
TGGCAATTCAACGTGT-1	Deid
TGGCCTTTCAGGGTTT-1	Deid
TGGGTGCGTGCGCTCA-1	Deid
TGGGTTATCGTATAGC-1	Deid
TGGTCAACATGCACTA-1	Deid
TGGTCAATCACTGATG-1	Deid
TGTAAGCCAAGATGCG-1	Deid
TGTAAGCCAGTTGCAT-1	Deid
TGTGGCGCAGATACAA-1	Deid
TGTGGCGTCCTCCAGT-1	Deid
TGTGTCCGTATTCACG-1	Deid
TGTGTCCGTTAGTAGA-1	Deid
TGTGTCCGTTTCCGGG-1	Deid
TGTGTCCTCCTCCTGA-1	Deid
TGTGTCCTCGTTTGAG-1	Deid
TGTTAGGAGATCTAAG-1	Deid
TGTTAGGCACTCGCAG-1	Deid
TTAACGGCATCGTACA-1	Deid
TTACCGCGTGATGCTT-1	Deid
TTACGGAAGCTTCAAC-1	Deid
TTACGGACAAGTCTGT-1	Deid
TTACGGATCGCGGCAT-1	Deid
TTACGTTGTTAGGCTT-1	Deid
TTACTCAGTGTCTACA-1	Deid
TTACTTGTCACTCGTC-1	Deid
TTAGCGAAGGTAGGCT-1	Deid
TTAGCGAAGTATACCC-1	Deid
TTAGCTTAGGAGGCGA-1	Deid
TTAGCTTCATTACTTC-1	Deid
TTATGTCAGCACACCC-1	Deid
TTATGTCTCGTTACAG-1	Deid
TTCAACTGTAAAGCTA-1	Deid
TTCAACTGTGTCCAGC-1	Deid
TTCATTGAGTTACCAC-1	Deid
TTCATTGGTGCGTCCA-1	Deid
TTCGATTTCGAGAACG-1	Deid
TTCGATTTCTATATCC-1	Deid
TTCGTTATCTACATCT-1	Deid
TTCTGTACAACGACAG-1	Deid
TTGACGAGTCTGAGCC-1	Deid
TTGAGCATCTGACTTT-1	Deid
TTGAGTGGTTCATTTC-1	Deid
TTGCACCGTAGTAACA-1	Deid
TTGCACCTCGCTACCT-1	Deid
TTGCAGAGTGGTCGAA-1	Deid
TTGCCCAGTCGTAGTT-1	Deid
TTGCGAAGTAGAGAGA-1	Deid
TTGCGGGGTACGGATG-1	Deid
TTGCGGGGTCTAAAGA-1	Deid
TTGCGGGTCTCTTCTC-1	Deid
TTGCTATAGGAACCGT-1	Deid
TTGCTATCACTCAGCG-1	Deid
TTGCTATGTACAAATG-1	Deid
TTGCTTATCTCCCTTT-1	Deid
TTGGTCCAGCCCATTA-1	Deid
TTGGTCCCATGCGCTG-1	Deid
TTGGTCCTCTCCTTGG-1	Deid
TTGTTGTCATTTGGTG-1	Deid
TTGTTGTGTCAAGACG-1	Deid
TTTGGCCCACTACACA-1	Deid
TTTGGCCCACTAGCCG-1	Deid
TTTGGCCGTTGGCGAA-1	Deid
TTTGTGTGTAACATAG-1	Deid
AAACGAAAGAATGCTA-1	Ex
AAACGAAAGGAAGACA-1	Ex
AAACGAACACAAGGGT-1	Ex
AAACGAACACGTTAGT-1	Ex
AAACGAACATCCTCGT-1	Ex
AAACGAAGTACCTATG-1	Ex
AAACGAAGTATCCCTC-1	Ex
AAACGAATCACTGATG-1	Ex
AAACGAATCCAAGAGG-1	Ex
AAACGAATCGTCGCAG-1	Ex
AAACGAATCGTTTGAG-1	Ex
AAACTCGAGGAGGCGA-1	Ex
AAACTCGAGTAATCAG-1	Ex
AAACTCGAGTACGACG-1	Ex
AAACTCGCAAACCCTA-1	Ex
AAACTCGCAAGTAACA-1	Ex
AAACTCGCACTGTCGG-1	Ex
AAACTCGCAGCGTACC-1	Ex
AAACTCGCAGGTTATC-1	Ex
AAACTCGTCGGAGTTT-1	Ex
AAACTGCCACAGTAGG-1	Ex
AAACTGCCAGTATCTG-1	Ex
AAACTGCCATATACGC-1	Ex
AAACTGCGTAAGTCTC-1	Ex
AAACTGCGTATGTTCG-1	Ex
AAACTGCGTGTGCTTA-1	Ex
AAACTGCTCCGAATTG-1	Ex
AAACTGCTCGAGAAGC-1	Ex
AAACTGCTCGATCGCG-1	Ex
AAAGATGAGTCTGCTA-1	Ex
AAAGATGCACGATTAC-1	Ex
AAAGATGCAGAACTTC-1	Ex
AAAGATGCAGAAGTGC-1	Ex
AAAGATGCAGTGCTCG-1	Ex
AAAGATGCATGGTAAA-1	Ex
AAAGATGGTTCCCGGA-1	Ex
AAAGATGTCATACTTC-1	Ex
AAAGGATAGAGGTACC-1	Ex
AAAGGATAGAGTGGTC-1	Ex
AAAGGATAGTGGTGTG-1	Ex
AAAGGATAGTTGTCCA-1	Ex
AAAGGATCACAGTTCA-1	Ex
AAAGGATCAGATTTGC-1	Ex
AAAGGATCAGGTAACG-1	Ex
AAAGGATCATAGACGG-1	Ex
AAAGGATTCCAGGGAA-1	Ex
AAAGGATTCCCGAAGC-1	Ex
AAAGGGCAGATTACGA-1	Ex
AAAGGGCAGCATGTGG-1	Ex
AAAGGGCGTGGAAGCT-1	Ex
AAAGGGCTCATTCGGA-1	Ex
AAATGAGAGCAGGAGG-1	Ex
AAATGAGAGTATCTGC-1	Ex
AAATGAGAGTCTCCAA-1	Ex
AAATGAGAGTTCTCCC-1	Ex
AAATGAGGTCGCGCTA-1	Ex
AAATGAGGTGTGCGTC-1	Ex
AAATGAGTCAATTGGC-1	Ex
AAATGCCAGTCTAGAA-1	Ex
AAATGCCCAACACGGA-1	Ex
AAATGCCCAAGTAATG-1	Ex
AAATGCCCAGATTTGC-1	Ex
AAATGCCCAGTAGGCA-1	Ex
AAATGCCGTGCAAGCA-1	Ex
AAATGCCGTGTCCTTC-1	Ex
AAATGCCGTTAGCTCA-1	Ex
AAATGCCTCTTATCAC-1	Ex
AACAAAGAGCGGACAT-1	Ex
AACAAAGAGTCACACT-1	Ex
AACAAAGAGTCGTATC-1	Ex
AACAAAGAGTGAAACT-1	Ex
AACAAAGCAGAATGCG-1	Ex
AACAAAGCATGGATGG-1	Ex
AACAAAGGTTTGTGAC-1	Ex
AACAAAGTCACGGGTC-1	Ex
AACAAAGTCATGAACC-1	Ex
AACAAAGTCCACACCT-1	Ex
AACAAAGTCCATAACG-1	Ex
AACAAAGTCGACTTAG-1	Ex
AACAGTCAGAGATTAC-1	Ex
AACAGTCCAACGAGGT-1	Ex
AACAGTCCACCTGTGG-1	Ex
AACAGTCCAGAAAGAG-1	Ex
AACAGTCGTAGTATCC-1	Ex
AACAGTCGTCCGAGCT-1	Ex
AACAGTCTCCAAGAGG-1	Ex
AACAGTCTCCTTCGAC-1	Ex
AACAGTCTCGGGCTCA-1	Ex
AACAGTCTCTACTTTG-1	Ex
AACATCGAGCTTACCA-1	Ex
AACATCGCACCGATCG-1	Ex
AACATCGCAGGTTATC-1	Ex
AACATCGGTCCTTATT-1	Ex
AACATCGGTTGTATCG-1	Ex
AACATCGTCTGGACAT-1	Ex
AACCAACAGGCAGATC-1	Ex
AACCAACGTTTCAGCA-1	Ex
AACCAACTCAGTCACA-1	Ex
AACCAACTCTATCCTA-1	Ex
AACCGATAGAGAGGTA-1	Ex
AACCGATAGATCTAAG-1	Ex
AACCGATAGATGTTGA-1	Ex
AACCGATAGCCATTCA-1	Ex
AACCGATAGGCCTCTG-1	Ex
AACCGATAGTACCACT-1	Ex
AACCGATAGTCGTGAG-1	Ex
AACCGATCAAGGACCA-1	Ex
AACCGATCACGCCGAT-1	Ex
AACCGATGTAACGGTG-1	Ex
AACCGATTCAAAGTAG-1	Ex
AACCGATTCCAAGAGG-1	Ex
AACCGATTCCGCGATG-1	Ex
AACCGATTCGCATACA-1	Ex
AACCGATTCGGAGTTT-1	Ex
AACCGATTCTCCACTG-1	Ex
AACCGATTCTGATCTT-1	Ex
AACCGATTCTTCATAC-1	Ex
AACCTGAAGATCACCT-1	Ex
AACCTGAAGATTGACA-1	Ex
AACCTGAAGGGTAATT-1	Ex
AACCTGAAGTTGGAAT-1	Ex
AACCTGACAAGGACCA-1	Ex
AACCTGACACGCCGAT-1	Ex
AACCTGAGTATATGGA-1	Ex
AACCTGAGTGCACCCA-1	Ex
AACCTGAGTTGGTAAA-1	Ex
AACCTGATCCAAACCA-1	Ex
AACCTGATCCATCGAA-1	Ex
AACCTTTAGAGGCAGG-1	Ex
AACCTTTAGGTACTCT-1	Ex
AACCTTTAGTGAATAC-1	Ex
AACCTTTCAAGGTCGA-1	Ex
AACCTTTCAGGACTGA-1	Ex
AACCTTTGTATCATGC-1	Ex
AACGAGGAGCGTTGCC-1	Ex
AACGAGGCATGCTATG-1	Ex
AACGAGGCATGGAGGT-1	Ex
AACGAGGGTCCGTAGC-1	Ex
AACGAGGGTCTGGGAA-1	Ex
AACGAGGGTGCGTAGA-1	Ex
AACGAGGTCCAGTTAG-1	Ex
AACGGGAAGAAGAGTG-1	Ex
AACGGGAAGAGAGTTT-1	Ex
AACGGGACACACATTG-1	Ex
AACGGGACACAGAAGC-1	Ex
AACGGGACACGTGAAG-1	Ex
AACGGGACAGGCTACC-1	Ex
AACGGGAGTGCGACCT-1	Ex
AACGGGAGTTAGGAGC-1	Ex
AACGGGATCACTACCC-1	Ex
AACGGGATCGGTTGTA-1	Ex
AACGGGATCTCTGAGA-1	Ex
AACGTACAGACAACGC-1	Ex
AACGTACCAAGTCCTA-1	Ex
AACGTACCAATGATGA-1	Ex
AACGTACCATCATAGC-1	Ex
AACGTACTCACAACAC-1	Ex
AACGTACTCAGGCCGT-1	Ex
AACGTACTCCTTGACC-1	Ex
AACTGGTAGCAACTGG-1	Ex
AACTGGTAGGCAATTA-1	Ex
AACTGGTAGTTACCAC-1	Ex
AACTGGTCAAACCGAG-1	Ex
AACTGGTCAACGTCCG-1	Ex
AACTGGTCACTCAAGT-1	Ex
AACTGGTCAGATGGCA-1	Ex
AACTGGTCATAGCCAT-1	Ex
AACTGGTGTAAACGTA-1	Ex
AACTGGTTCCTATCAT-1	Ex
AACTGGTTCGTGGTAT-1	Ex
AACTGGTTCTCTATTG-1	Ex
AACTGGTTCTGCGTCT-1	Ex
AACTGTGCAGGCAGAT-1	Ex
AACTGTGGTAGAACGC-1	Ex
AACTGTGGTGGAAGCT-1	Ex
AACTGTGTCTTGGCCT-1	Ex
AACTTGGAGATTACGA-1	Ex
AACTTGGAGCCCATGC-1	Ex
AACTTGGAGGCAAGGG-1	Ex
AACTTGGAGGGCGAAG-1	Ex
AACTTGGCAAATGTCC-1	Ex
AACTTGGCAAGGAACC-1	Ex
AACTTGGGTATCTCAG-1	Ex
AACTTGGGTATTTGCG-1	Ex
AACTTGGTCCATCGAA-1	Ex
AAGATAGAGATGCGCA-1	Ex
AAGATAGCAATAGTGA-1	Ex
AAGATAGTCTGTGTGA-1	Ex
AAGGAGCAGAACGTTA-1	Ex
AAGGAGCAGCCTGTAT-1	Ex
AAGGAGCAGGGTTCCC-1	Ex
AAGGAGCCAAGTCCTA-1	Ex
AAGGAGCTCGTTGTTT-1	Ex
AAGGAGCTCTTGCGCT-1	Ex
AAGGTTCAGTCCGATT-1	Ex
AAGGTTCCAGTCCTGG-1	Ex
AAGGTTCGTAACGTAA-1	Ex
AAGGTTCGTCCACCAG-1	Ex
AAGGTTCGTGCTAGTT-1	Ex
AAGGTTCGTTGGGAAC-1	Ex
AAGGTTCTCCGATGCG-1	Ex
AATACGCAGGATGCCA-1	Ex
AATACGCCACTGTCAA-1	Ex
AATACGCCAGTAACCT-1	Ex
AATACGCCATAGATAG-1	Ex
AATACGCGTAACTCCA-1	Ex
AATACGCGTATTCTCT-1	Ex
AATACGCGTGGAGTGT-1	Ex
AATACGCGTTCTTTGT-1	Ex
AATACGCGTTTGAAGA-1	Ex
AATGCCAAGGATTTGA-1	Ex
AATGCCACAAAGGTCG-1	Ex
AATGCCAGTCTGGTTA-1	Ex
AATGCCATCGTGAGTT-1	Ex
AATGGAAAGACTAGCG-1	Ex
AATGGAAAGGCGTAGT-1	Ex
AATGGAAAGTACTCTG-1	Ex
AATGGAACAAGGAAGA-1	Ex
AATGGAACAGGTGGTA-1	Ex
AATGGAACATTCTCGC-1	Ex
AATGGAAGTAACAATG-1	Ex
AATGGAAGTGCTTGAT-1	Ex
AATGGAATCCCTACCA-1	Ex
AATGGAATCCGAGAGA-1	Ex
AATGGCTAGACTTCCA-1	Ex
AATGGCTCAGGCAGAT-1	Ex
AATGGCTCATCGCCTT-1	Ex
AATGGCTGTATGGTTC-1	Ex
AATGGCTGTCAACGGA-1	Ex
AATGGCTGTGATAACA-1	Ex
AATGGCTTCACTCCCA-1	Ex
AATGTCGCAAATGCTC-1	Ex
AATGTCGGTCGCTAGC-1	Ex
AATGTCGGTCTAACCA-1	Ex
AATGTCGGTGATGCGA-1	Ex
AATGTCGTCACAGGGA-1	Ex
AATGTCGTCCTGAAAC-1	Ex
AATGTCGTCGACGGAA-1	Ex
AATGTCGTCGAGGTCC-1	Ex
AATGTCGTCGGTTCCT-1	Ex
AATGTCGTCTGGCGCA-1	Ex
ACAAACCAGCCTCGCA-1	Ex
ACAAACCTCGAACACT-1	Ex
ACAAACCTCGGTCTAA-1	Ex
ACAAACCTCGTCCCAT-1	Ex
ACAAACCTCTCCACTG-1	Ex
ACAAACCTCTTGTCAT-1	Ex
ACAAAGAAGACCCATT-1	Ex
ACAAAGACAACGGACA-1	Ex
ACAAAGACACTAGGAG-1	Ex
ACAAAGACAGACTAAA-1	Ex
ACAAAGACAGATACAA-1	Ex
ACAAAGACATTTAGGC-1	Ex
ACAAAGAGTAAACGAT-1	Ex
ACAAAGAGTCTGGTTA-1	Ex
ACAAAGATCATTCATC-1	Ex
ACAAGCTAGAATAGTC-1	Ex
ACAAGCTAGTGTAATG-1	Ex
ACAAGCTCAAGATGCG-1	Ex
ACAAGCTCAGCGCGTT-1	Ex
ACAAGCTCATCGTACA-1	Ex
ACAAGCTTCCACGGCA-1	Ex
ACAAGCTTCCCGAAGC-1	Ex
ACAATCGAGAAGAGTG-1	Ex
ACAATCGCACTACACA-1	Ex
ACAATCGCATCCCTTG-1	Ex
ACAATCGGTGAATCGG-1	Ex
ACAATCGGTGATAACA-1	Ex
ACAATCGGTGTGTGTT-1	Ex
ACAATCGTCACTCGGG-1	Ex
ACAATCGTCGGCTATA-1	Ex
ACAGAAAAGGCTCAGA-1	Ex
ACAGAAACAGACTAAA-1	Ex
ACAGAAACAGGTAGGT-1	Ex
ACAGAAAGTACATGGG-1	Ex
ACAGAAAGTCACAGTT-1	Ex
ACAGAAAGTGCACATT-1	Ex
ACAGAAAGTGCGTAGA-1	Ex
ACAGAAAGTGGACGAT-1	Ex
ACAGAAATCGCATACA-1	Ex
ACAGACTCACATCATG-1	Ex
ACAGACTGTCATTGGT-1	Ex
ACAGACTGTCGACTGC-1	Ex
ACAGACTTCCCGGGTA-1	Ex
ACAGACTTCTGGTACA-1	Ex
ACAGCGCCAAATGCTC-1	Ex
ACAGCGCCAATGGCTT-1	Ex
ACAGCGCGTAATGCAA-1	Ex
ACAGCGCGTACTAGAA-1	Ex
ACAGCGCTCAATTCCT-1	Ex
ACAGGCCCAAGATGCG-1	Ex
ACAGGCCCAAGGCGTA-1	Ex
ACAGGCCCACCATTCC-1	Ex
ACAGGCCCAGAAGTGC-1	Ex
ACAGGCCCATCATCGA-1	Ex
ACAGGCCTCAAGGCCC-1	Ex
ACAGGCCTCGTCGCAG-1	Ex
ACAGGCCTCTGTCGTC-1	Ex
ACATGCAAGACTAGGC-1	Ex
ACATGCACATGGCCGT-1	Ex
ACATGCAGTACATGGG-1	Ex
ACATGCAGTCACCGCA-1	Ex
ACATGCAGTTTAGACC-1	Ex
ACATGCATCGCTATTT-1	Ex
ACATGCATCGCTTCAC-1	Ex
ACATGCATCTAGCTGA-1	Ex
ACATGGTAGTCGCGTC-1	Ex
ACATGGTCACCACCAG-1	Ex
ACATGGTCAGAATGCG-1	Ex
ACATGGTGTATTCTGG-1	Ex
ACATGGTGTCAAGACG-1	Ex
ACATGGTGTTAGTAGA-1	Ex
ACATGGTTCCCAGCAG-1	Ex
ACATGGTTCTGACATG-1	Ex
ACCAAACAGGCTCAGA-1	Ex
ACCAAACCAACGCAAG-1	Ex
ACCAAACCACGTTGTA-1	Ex
ACCAAACCAGTATACC-1	Ex
ACCAAACGTACGCAAG-1	Ex
ACCAAACGTACGCCCA-1	Ex
ACCAAACGTGCTAGTT-1	Ex
ACCAAACTCGGTCTAA-1	Ex
ACCAAACTCTCGCGGA-1	Ex
ACCATCCAGAGGAACA-1	Ex
ACCATCCAGCAGAATT-1	Ex
ACCATCCAGCTATCCA-1	Ex
ACCATCCAGGATCCTT-1	Ex
ACCATCCAGGTTGACG-1	Ex
ACCATCCCAACAACTC-1	Ex
ACCATCCCAGAAAGAG-1	Ex
ACCATCCGTGTCGTCG-1	Ex
ACCATCCGTTGGACGA-1	Ex
ACCCAAAAGCGAGCTA-1	Ex
ACCCAAAAGTGCCCTG-1	Ex
ACCCAAACATATACGC-1	Ex
ACCCAAAGTCGAGGTA-1	Ex
ACCCAAAGTCGCTAGC-1	Ex
ACCCAAAGTCTCTGGG-1	Ex
ACCCAAATCGGTCTCT-1	Ex
ACCCAAATCTATACCT-1	Ex
ACCCAAATCTGGCACG-1	Ex
ACCGAATAGCGTCAAG-1	Ex
ACCGAATAGGCTCCTG-1	Ex
ACCGAATAGGCTTTAC-1	Ex
ACCGAATCAATGGTCT-1	Ex
ACCGAATCACGTGAAG-1	Ex
ACCGAATCAGGACCTC-1	Ex
ACCGAATGTTTCGATG-1	Ex
ACCGAATTCACCACAA-1	Ex
ACCGCAGAGAGCTACG-1	Ex
ACCGCAGAGATCACCT-1	Ex
ACCGCAGCAAGCGGTA-1	Ex
ACCGCAGCACATAAAG-1	Ex
ACCGCAGCAGCCACGT-1	Ex
ACCGCAGCATGTCCCT-1	Ex
ACCGCAGGTCGCTAGC-1	Ex
ACCGCAGGTCTGATTG-1	Ex
ACCGCAGGTGCGACCT-1	Ex
ACCGCAGGTGCTGTCG-1	Ex
ACCGCAGTCCAGGCCA-1	Ex
ACCGCAGTCGCATACA-1	Ex
ACCGCAGTCGCGCCAA-1	Ex
ACCGCAGTCGTCCCTA-1	Ex
ACCGCAGTCTTCTCTC-1	Ex
ACCGGGTAGGTCACTT-1	Ex
ACCGGGTCAACCTCCT-1	Ex
ACCGGGTCACGCTAAT-1	Ex
ACCGGGTCATTCACCC-1	Ex
ACCGGGTGTAAAGGCC-1	Ex
ACCGGGTGTCCCTAAA-1	Ex
ACCGGGTTCCAGCACG-1	Ex
ACCTGCTAGAACAGGA-1	Ex
ACCTGCTAGCATGTGG-1	Ex
ACCTGCTAGTGCCCTG-1	Ex
ACCTGCTCACCAAGGA-1	Ex
ACCTGCTCAGGCTACC-1	Ex
ACCTGCTTCTACCCGT-1	Ex
ACGGATTAGTGATATG-1	Ex
ACGGATTCACGCTGTG-1	Ex
ACGGATTCACTCAGCG-1	Ex
ACGGATTCAGAAGTGC-1	Ex
ACGGATTCAGTTGCAT-1	Ex
ACGGATTGTCCAGACC-1	Ex
ACGGATTGTGGGTAGT-1	Ex
ACGGATTGTTCTTTGT-1	Ex
ACGGATTGTTTCAGCA-1	Ex
ACGGATTTCCCACTTG-1	Ex
ACGGATTTCCGTGCAG-1	Ex
ACGGATTTCGCTATAG-1	Ex
ACGGATTTCGTCGCAG-1	Ex
ACGGATTTCGTGAGTT-1	Ex
ACGGATTTCGTTGTAG-1	Ex
ACGGATTTCTTCAGAG-1	Ex
ACGTGGCAGCACGTAG-1	Ex
ACGTGGCAGTCACGCC-1	Ex
ACGTGGCGTTAGGAAT-1	Ex
ACGTGGCTCAAGAGGC-1	Ex
ACGTGGCTCCACGGCA-1	Ex
ACGTTAGAGAGAAGCA-1	Ex
ACGTTAGCACATTGCA-1	Ex
ACGTTAGCACGGCCAT-1	Ex
ACGTTAGCATCCTCGT-1	Ex
ACGTTAGGTATATGGA-1	Ex
ACGTTAGGTGTTGTTG-1	Ex
ACGTTAGGTTCTACCC-1	Ex
ACGTTAGTCAGCGGTC-1	Ex
ACGTTAGTCGGTCCGA-1	Ex
ACTAACGAGTTTGGAA-1	Ex
ACTAACGCATTCACGA-1	Ex
ACTAACGGTCAGAAGC-1	Ex
ACTAACGGTCAGGTGA-1	Ex
ACTAACGTCTATTTCG-1	Ex
ACTACCCAGGAAACTT-1	Ex
ACTACCCAGTAACACA-1	Ex
ACTACCCCAACACGGA-1	Ex
ACTACCCCAGCGTAGA-1	Ex
ACTACCCCATTCCCGT-1	Ex
ACTACCCGTAGTGATA-1	Ex
ACTACCCGTCATTGCA-1	Ex
ACTACCCTCCAACGCG-1	Ex
ACTACCCTCGATAGGG-1	Ex
ACTACGAAGGGTTCCC-1	Ex
ACTACGAAGTGCACAG-1	Ex
ACTACGAAGTGGGACT-1	Ex
ACTACGAAGTTCTCCC-1	Ex
ACTACGACAAGGAAGA-1	Ex
ACTACGACACAGAAGC-1	Ex
ACTACGACACCAAGGA-1	Ex
ACTACGACATGCGTTA-1	Ex
ACTACGACATGTGAGG-1	Ex
ACTACGATCCATGTTT-1	Ex
ACTACGATCCCAATAG-1	Ex
ACTACGATCCGAATTG-1	Ex
ACTACGATCGCTGATA-1	Ex
ACTACGATCTGATCTT-1	Ex
ACTAGGTAGACCCATT-1	Ex
ACTAGGTCACATTCTT-1	Ex
ACTAGGTCATTCACCC-1	Ex
ACTAGGTGTAGCCATT-1	Ex
ACTAGGTGTCTGAGCC-1	Ex
ACTAGGTGTGAATGGC-1	Ex
ACTAGGTGTTTCAGCA-1	Ex
ACTAGGTTCAAGAGGC-1	Ex
ACTAGGTTCGCGGCAT-1	Ex
ACTATTCAGTCGTACT-1	Ex
ACTATTCCACGCTAAT-1	Ex
ACTATTCCAGCAAACG-1	Ex
ACTATTCCAGTGGTCC-1	Ex
ACTATTCGTTCGGGAA-1	Ex
ACTATTCTCTTCATAC-1	Ex
ACTCGGGAGCGGACAT-1	Ex
ACTCGGGAGTATAGTG-1	Ex
ACTCGGGAGTCGATAA-1	Ex
ACTCGGGAGTTGTCCA-1	Ex
ACTCGGGCAAGCAACG-1	Ex
ACTCGGGGTCACCGCA-1	Ex
ACTCGGGGTCCGTGCA-1	Ex
ACTCGGGGTTAAGGGC-1	Ex
ACTCGGGGTTGAATAG-1	Ex
ACTCGGGTCAGGTTTG-1	Ex
ACTCGGGTCCCACTTG-1	Ex
ACTCGGGTCCCGCAAG-1	Ex
ACTCGGGTCCGTGCAG-1	Ex
ACTCGGGTCGCGTTCT-1	Ex
ACTCGGGTCGCTATAG-1	Ex
ACTCGGGTCGTCGCAG-1	Ex
ACTGCAAAGCGCAATG-1	Ex
ACTGCAACAACGCAAG-1	Ex
ACTGCAACACACATGT-1	Ex
ACTGCAACATGCCTTC-1	Ex
ACTGCAAGTTCTCGAA-1	Ex
ACTGCGGCAAACCCTA-1	Ex
ACTGCGGCAAACGACG-1	Ex
ACTGCGGCATGGAGGT-1	Ex
ACTGCGGGTGGACCAA-1	Ex
ACTGCGGTCTCATCCG-1	Ex
ACTGTCCAGCAACGGT-1	Ex
ACTGTCCAGTGGGACT-1	Ex
ACTGTCCCAGCGTACC-1	Ex
ACTGTCCCATACTGCA-1	Ex
ACTGTCCGTCAATACC-1	Ex
ACTTCCGAGGGTATCG-1	Ex
ACTTCCGCATTGATGC-1	Ex
ACTTCCGGTAATGCAA-1	Ex
ACTTCCGGTAGGTAAT-1	Ex
ACTTCCGGTATTGTCG-1	Ex
ACTTCCGGTATTTGCG-1	Ex
ACTTCCGGTCATCAAC-1	Ex
ACTTCCGGTTTGGATC-1	Ex
ACTTTCAAGCAATGTA-1	Ex
ACTTTCAAGGTACTCT-1	Ex
ACTTTCAAGGTAGGAA-1	Ex
ACTTTCACAGATAAGT-1	Ex
ACTTTCACATTAGCCA-1	Ex
ACTTTCAGTCAGACGA-1	Ex
ACTTTCAGTCGAGGAT-1	Ex
ACTTTCAGTGAGGTCA-1	Ex
ACTTTCAGTTACTTTC-1	Ex
ACTTTCAGTTTAGAAG-1	Ex
ACTTTCATCGTTTGAG-1	Ex
AGACAAATCCTGGGAC-1	Ex
AGACAAATCGACTTAG-1	Ex
AGACAAATCGCCGAAC-1	Ex
AGATAGAAGTCCGGAA-1	Ex
AGATAGAAGTCTAGAA-1	Ex
AGATAGAGTTATGCAC-1	Ex
AGATAGAGTTTGCGAT-1	Ex
AGATAGATCCAGAGAG-1	Ex
AGATTCGAGACAACGC-1	Ex
AGATTCGCAATGTGTC-1	Ex
AGATTCGCAGCTGATT-1	Ex
AGATTCGGTGATCAGG-1	Ex
AGATTCGTCACTAGCA-1	Ex
AGATTCGTCGTGAACT-1	Ex
AGCCAGCCACTGTCGG-1	Ex
AGCCAGCCATAGCAGG-1	Ex
AGCCAGCGTAGTAACA-1	Ex
AGCCAGCGTCCTATTT-1	Ex
AGCCAGCGTGCGACCT-1	Ex
AGCCCGAAGAAAGCAG-1	Ex
AGCCCGAAGTCGAAAT-1	Ex
AGCCCGACACAGCTTA-1	Ex
AGCCCGATCCGGCTGA-1	Ex
AGCCGCAAGATGTTCC-1	Ex
AGCCGCAAGTGTAATG-1	Ex
AGCCGCACAAGCGGTA-1	Ex
AGCCGCACATTCACCC-1	Ex
AGCCGCATCGCTGATA-1	Ex
AGCCGCATCTCGTAGA-1	Ex
AGCCTCTAGCCATGGA-1	Ex
AGCCTCTAGGTACATA-1	Ex
AGCCTCTAGTGGGACT-1	Ex
AGCCTCTCAAAGCTGG-1	Ex
AGCCTCTGTAGCGAGT-1	Ex
AGCCTCTGTAGGTGAC-1	Ex
AGCCTCTGTATTCTTC-1	Ex
AGCCTCTGTGGTTCTA-1	Ex
AGCCTCTTCAGCACGC-1	Ex
AGCCTCTTCATTCGGA-1	Ex
AGCCTCTTCCAATCCC-1	Ex
AGCCTCTTCCTGACCT-1	Ex
AGCCTCTTCGATGTAC-1	Ex
AGCCTGGAGAATACTG-1	Ex
AGCCTGGAGAGGTGGG-1	Ex
AGCCTGGAGGCTAAAT-1	Ex
AGCCTGGCAAGCGAAC-1	Ex
AGCCTGGGTAGTATCC-1	Ex
AGCCTTCAGAATAGTC-1	Ex
AGCCTTCAGCTCGGCT-1	Ex
AGCCTTCAGGGAAGCG-1	Ex
AGCCTTCCAACGTACT-1	Ex
AGCCTTCGTCTCTAAG-1	Ex
AGCCTTCGTCTGATTG-1	Ex
AGCCTTCGTGACCAGA-1	Ex
AGCCTTCTCACAGGGA-1	Ex
AGCCTTCTCATGTTCT-1	Ex
AGCCTTCTCCACGCTT-1	Ex
AGCGATTAGATTGACA-1	Ex
AGCGATTAGCATGTGG-1	Ex
AGCGATTAGGCACCTC-1	Ex
AGCGATTTCCTCCCAA-1	Ex
AGCGATTTCGACTTAG-1	Ex
AGCGATTTCTGGCGCA-1	Ex
AGCGTATAGCGCGTTC-1	Ex
AGCGTATAGCGGACTA-1	Ex
AGCGTATAGGCACTAG-1	Ex
AGCGTATCAAGTGGCA-1	Ex
AGCGTATCAATGTGCT-1	Ex
AGCGTATCACTTATGG-1	Ex
AGCGTATGTCAGACGA-1	Ex
AGCGTATGTCGAGAAC-1	Ex
AGCGTATGTGAGGTCA-1	Ex
AGCGTATTCCTTACGC-1	Ex
AGCGTATTCGACTGGC-1	Ex
AGCGTATTCTTTATCG-1	Ex
AGCGTGCAGGTGTTGG-1	Ex
AGCGTGCCATCGGCCA-1	Ex
AGCGTGCGTATTGTGC-1	Ex
AGCGTGCGTCTCGGGT-1	Ex
AGCGTGCGTTTGACCA-1	Ex
AGCTATGAGAGGCCTA-1	Ex
AGCTATGCACCGAAAG-1	Ex
AGCTATGGTAGGTAAT-1	Ex
AGCTATGGTATTCTTC-1	Ex
AGCTATGGTCAACAGG-1	Ex
AGCTATGGTCCGGTAC-1	Ex
AGCTATGTCACCGCGA-1	Ex
AGCTATGTCCGGACTG-1	Ex
AGCTGATAGAATAGTC-1	Ex
AGCTGATAGAGCCACA-1	Ex
AGCTGATAGCGCAATG-1	Ex
AGCTGATAGGCCTAAG-1	Ex
AGCTGATAGTGTAATG-1	Ex
AGCTGATAGTGTCACT-1	Ex
AGCTGATCACCAAGGA-1	Ex
AGCTGATCAGAGATGC-1	Ex
AGCTGATGTAATGTAG-1	Ex
AGCTGATTCGACTCGG-1	Ex
AGCTGATTCGCTATAG-1	Ex
AGCTGATTCGTATAGC-1	Ex
AGCTGGCAGCGTATCT-1	Ex
AGCTGGCAGGCTTCGC-1	Ex
AGCTGGCCATACAACC-1	Ex
AGCTGGCCATCCTGGG-1	Ex
AGCTGGCCATGCTATG-1	Ex
AGCTGGCTCATTCTCA-1	Ex
AGCTGGCTCCGAGAGA-1	Ex
AGCTGGCTCTTGTCAT-1	Ex
AGCTGTAAGGGCTTCC-1	Ex
AGCTGTACAAGGAGTC-1	Ex
AGCTGTACATAGTCCA-1	Ex
AGGACGAAGAACGTCG-1	Ex
AGGACGAAGGCTGGAT-1	Ex
AGGACGAAGTTGCCGC-1	Ex
AGGACGACAAAGCTTC-1	Ex
AGGACGACAATGATGA-1	Ex
AGGACGACACAGCTTA-1	Ex
AGGACGACAGGTTATC-1	Ex
AGGACGACATAGCCGC-1	Ex
AGGACGAGTAACCATC-1	Ex
AGGCCCACACGGTTAT-1	Ex
AGGCCCAGTATTCTCT-1	Ex
AGGCCCAGTGATGCTT-1	Ex
AGGCCTGAGGTTGACG-1	Ex
AGGCCTGAGTATCTGC-1	Ex
AGGCCTGAGTCTGGGA-1	Ex
AGGCCTGCATGGAGGT-1	Ex
AGGCCTGTCAGATACC-1	Ex
AGGCCTGTCCTCCAGT-1	Ex
AGGCCTGTCGCTCTAC-1	Ex
AGGCCTGTCTATACCT-1	Ex
AGGCGAAAGCTAACAA-1	Ex
AGGCGAAAGCTCCGGT-1	Ex
AGGCGAAAGCTGAATA-1	Ex
AGGCGAAAGGTCTTGT-1	Ex
AGGCGAAAGTCCGGAA-1	Ex
AGGCGAAAGTTAGAGT-1	Ex
AGGCGAAGTAAAGGCC-1	Ex
AGGCGAAGTGCACCCA-1	Ex
AGGCGAATCAAGTTGC-1	Ex
AGGCGAATCACACGTA-1	Ex
AGGCGAATCCAGTTAG-1	Ex
AGGCGTCCAAGCTTTG-1	Ex
AGGCGTCCAATCAGGG-1	Ex
AGGCGTCCACCGAAAG-1	Ex
AGGCGTCTCCTCCAGT-1	Ex
AGGCGTCTCCTTCGAC-1	Ex
AGGCGTCTCGCTCGGA-1	Ex
AGGCGTCTCGCTGATA-1	Ex
AGGCGTCTCGGCTATA-1	Ex
AGGCGTCTCTCAGATG-1	Ex
AGTCAACAGACTAGGC-1	Ex
AGTCAACAGTCGTGAG-1	Ex
AGTCAACCAAGGGAGG-1	Ex
AGTCAACCATAGTCCA-1	Ex
AGTCAACCATGTCCCT-1	Ex
AGTCAACGTCGATAGG-1	Ex
AGTCAACGTGCCAAGA-1	Ex
AGTCAACGTTGAATAG-1	Ex
AGTCAACTCTTAATCC-1	Ex
AGTCCGGAGAGAGGTA-1	Ex
AGTCCGGAGATCTAAG-1	Ex
AGTCCGGAGGTAGGCT-1	Ex
AGTCCGGCAACTCGTA-1	Ex
AGTCCGGCAAGTCCTA-1	Ex
AGTCCGGCACACATGT-1	Ex
AGTCCGGCACCCTTTG-1	Ex
AGTCCGGCAGAAGTGC-1	Ex
AGTCCGGCAGCTTACA-1	Ex
AGTCCGGCATAGACGG-1	Ex
AGTCCGGTCGAGGTAG-1	Ex
AGTCCGGTCGGTCGAC-1	Ex
AGTGCCGAGCTGCCAC-1	Ex
AGTGCCGCAAAGCTTC-1	Ex
AGTGCCGCACAGTAGG-1	Ex
AGTGCCGGTACGACCC-1	Ex
AGTGCCGGTCTCGGGT-1	Ex
AGTGCCGTCTAGCTGA-1	Ex
AGTGCCGTCTTCCGTG-1	Ex
AGTGCGCAGAAGAGTG-1	Ex
AGTGCGCCAGGCACAA-1	Ex
AGTGCGCCATGCCCTT-1	Ex
AGTGCGCCATTCTCGC-1	Ex
AGTGCGCGTAAGTGCG-1	Ex
AGTGTACAGGACTTTC-1	Ex
AGTGTACAGTACGCGA-1	Ex
AGTGTACAGTGTCCCG-1	Ex
AGTGTACGTAACAATG-1	Ex
AGTGTACGTCGAGGAT-1	Ex
AGTGTACGTTTAGAAG-1	Ex
AGTGTACTCACTTACT-1	Ex
AGTGTACTCGACTGGC-1	Ex
AGTTACGGTGAATGGC-1	Ex
AGTTACGTCGCAGATT-1	Ex
AGTTTGGAGGTGTTGG-1	Ex
AGTTTGGCATACTGCA-1	Ex
AGTTTGGGTATCGCGC-1	Ex
AGTTTGGGTCAGAGTG-1	Ex
AGTTTGGTCAGTCTTT-1	Ex
AGTTTGGTCCTGACCT-1	Ex
AGTTTGGTCGCTCTAC-1	Ex
AGTTTGGTCGGAAAGC-1	Ex
AGTTTGGTCTTCTCTC-1	Ex
ATAGGCTAGTATAGTG-1	Ex
ATAGGCTCAATAGTGA-1	Ex
ATAGGCTCAATTCAGC-1	Ex
ATAGGCTTCAGCCGGT-1	Ex
ATAGGCTTCGTCTTAT-1	Ex
ATAGTCGCAAGTTCGT-1	Ex
ATAGTCGCACCCTTAC-1	Ex
ATAGTCGGTCCATTGA-1	Ex
ATAGTCGGTGTAGGAC-1	Ex
ATAGTCGGTTTGTAGC-1	Ex
ATAGTCGTCAGGGTTT-1	Ex
ATAGTCGTCCTATCCG-1	Ex
ATAGTCGTCGCTATAG-1	Ex
ATATTCCAGAAATCTG-1	Ex
ATATTCCAGGTAGGCT-1	Ex
ATATTCCCAGGCAGAT-1	Ex
ATATTCCGTTGGAGGT-1	Ex
ATATTCCTCGGATAAA-1	Ex
ATATTCCTCTATAGGC-1	Ex
ATCCAGAAGAGCTACG-1	Ex
ATCCAGACAATGTGCT-1	Ex
ATCCAGAGTTTGCATG-1	Ex
ATCCAGATCCATATCT-1	Ex
ATCCAGATCTCTATTG-1	Ex
ATCCCTGAGATACCAA-1	Ex
ATCCCTGAGCTCGGCT-1	Ex
ATCCCTGAGGTTGACG-1	Ex
ATCCCTGGTCCAAGTT-1	Ex
ATCCCTGGTGCATTCA-1	Ex
ATCCCTGGTTACGAAA-1	Ex
ATCCCTGTCATTCTTG-1	Ex
ATCCCTGTCCCAGTAA-1	Ex
ATCCCTGTCGACCCGA-1	Ex
ATCCCTGTCGGATAAA-1	Ex
ATCCTCGAGATTGACA-1	Ex
ATCCTCGAGTAACATG-1	Ex
ATCCTCGAGTTAGCGG-1	Ex
ATCCTCGCAAATGTCC-1	Ex
ATCCTCGCAAGGATGC-1	Ex
ATCCTCGCAATGCCAT-1	Ex
ATCCTCGCACCTACCT-1	Ex
ATCCTCGCATCATAGC-1	Ex
ATCCTCGGTAACTCCA-1	Ex
ATCCTCGGTGCGTCCA-1	Ex
ATCCTCGGTGTCCCAG-1	Ex
ATCCTGCAGGCAGATC-1	Ex
ATCCTGCCAAGGGAGG-1	Ex
ATCCTGCCAATTGCCA-1	Ex
ATCCTGCGTGCAGACA-1	Ex
ATCGAGTAGAGGTCCA-1	Ex
ATCGAGTAGGGAGATA-1	Ex
ATCGAGTAGGGCGAAG-1	Ex
ATCGAGTCAGAACTTC-1	Ex
ATCGAGTCAGTAACTC-1	Ex
ATCGAGTCAGTAAGAT-1	Ex
ATCGAGTGTACCAAGG-1	Ex
ATCGAGTGTAGAAAGG-1	Ex
ATCGAGTGTGAGAGTC-1	Ex
ATCGAGTGTGCATTCA-1	Ex
ATCGAGTTCAGAACGG-1	Ex
ATGCATGAGCATGATA-1	Ex
ATGCATGAGGCTTCGC-1	Ex
ATGCATGGTAGCATGG-1	Ex
ATGCATGGTCCGTAGC-1	Ex
ATGCATGTCACAAGCT-1	Ex
ATGCATGTCAGGTTTG-1	Ex
ATGCATGTCTTCCAGC-1	Ex
ATGGATCAGGATGCCA-1	Ex
ATGGATCAGGTCTTGT-1	Ex
ATGGATCAGTACGCGA-1	Ex
ATGGATCCACCGAATT-1	Ex
ATGGATCGTTGTATCG-1	Ex
ATGGATCTCAGTCACA-1	Ex
ATGGATCTCTCTTAAC-1	Ex
ATGGATCTCTGGCGCA-1	Ex
ATGTACGAGCGAGCTA-1	Ex
ATGTACGAGGTACTCT-1	Ex
ATGTACGCAAGGGTAC-1	Ex
ATGTACGCAGGATGTG-1	Ex
ATGTACGGTATGGGTG-1	Ex
ATGTACGGTGTCGTCG-1	Ex
ATGTCGAAGTGGTGTG-1	Ex
ATGTCGACATTTGTTC-1	Ex
ATGTCGAGTCTCAAAC-1	Ex
ATGTCGAGTGCACATT-1	Ex
ATGTCGATCGATAGCT-1	Ex
ATGTCGATCTGTGTGA-1	Ex
ATGTCTTAGAGAGGTA-1	Ex
ATGTCTTAGATCTAAG-1	Ex
ATGTCTTAGATTGACA-1	Ex
ATGTCTTAGTCGCCTG-1	Ex
ATGTCTTCAACACGGA-1	Ex
ATGTCTTGTGCGTGTC-1	Ex
ATGTTTCAGAAATTCG-1	Ex
ATGTTTCAGGCGCTTC-1	Ex
ATGTTTCAGTAATGTG-1	Ex
ATGTTTCCAAACCTAC-1	Ex
ATGTTTCCACCCTTTG-1	Ex
ATGTTTCCACTTATGG-1	Ex
ATGTTTCGTCTGGTTA-1	Ex
ATGTTTCGTGGTGGTA-1	Ex
ATGTTTCTCTCTGTTA-1	Ex
ATTACCTAGTGAGTTA-1	Ex
ATTACCTCAGCGTAGA-1	Ex
ATTACCTCATCCATAG-1	Ex
ATTACCTCATCGTGAT-1	Ex
ATTACCTGTTTGGATC-1	Ex
ATTACTCCAAGCGACA-1	Ex
ATTACTCCAGATGGCA-1	Ex
ATTACTCCATAGTCCA-1	Ex
ATTACTCTCTTAATCC-1	Ex
ATTCGTTAGTAACTCC-1	Ex
ATTCGTTGTAGACACG-1	Ex
ATTCGTTGTAGTCTGT-1	Ex
ATTCGTTGTCAGTGTT-1	Ex
ATTCGTTGTTTGCGAT-1	Ex
ATTCGTTTCACTCCCA-1	Ex
ATTCGTTTCTAGCAGT-1	Ex
ATTGTCTAGCGAGAAA-1	Ex
ATTGTCTCACGGTGTC-1	Ex
ATTGTCTCACTGATAC-1	Ex
ATTGTCTTCCCACTAC-1	Ex
ATTGTGGAGTACAACA-1	Ex
ATTGTGGCATGATTGC-1	Ex
ATTGTGGGTCCTCAGG-1	Ex
ATTGTGGGTGAAACAT-1	Ex
ATTGTGGTCAGAACGG-1	Ex
ATTGTGGTCAGAATGA-1	Ex
ATTGTGGTCGGTTGTA-1	Ex
ATTGTGGTCTCCACTG-1	Ex
ATTTGTCCAAGTTGCT-1	Ex
ATTTGTCCACATATCG-1	Ex
ATTTGTCCACTGATAC-1	Ex
ATTTGTCCAGCCACGT-1	Ex
ATTTGTCCAGGCATTT-1	Ex
ATTTGTCCAGTGGTCC-1	Ex
ATTTGTCCATTGCGAT-1	Ex
ATTTGTCGTAAGGTCG-1	Ex
ATTTGTCGTGGTGGTA-1	Ex
ATTTGTCGTTCTACCC-1	Ex
ATTTGTCTCGGTCTAA-1	Ex
CAAAGCTCAGGCATTT-1	Ex
CAAAGCTCAGTGCTCG-1	Ex
CAAAGCTGTAACCCAT-1	Ex
CAAAGCTGTATCACAC-1	Ex
CAAAGCTGTCAAACAA-1	Ex
CAAAGCTGTCACAGGA-1	Ex
CAAAGCTGTCGAGGTA-1	Ex
CAAAGCTGTCGCTAGC-1	Ex
CAAAGCTGTCTCTGGG-1	Ex
CAAAGCTGTTACGGAG-1	Ex
CAAAGCTGTTCCAATG-1	Ex
CAAAGCTTCACGTCAA-1	Ex
CAAAGCTTCCAGCACG-1	Ex
CAACCAAAGCAAGGTC-1	Ex
CAACCAAAGGATTTGA-1	Ex
CAACCAAAGTGCAACG-1	Ex
CAACCAACAAGCCAGA-1	Ex
CAACCAACATAGGCGA-1	Ex
CAACCAAGTAAGCCGA-1	Ex
CAACCAAGTCCTCAGG-1	Ex
CAACCAAGTGGAAGCT-1	Ex
CAACCAAGTTAGCTCA-1	Ex
CAACCAATCATTGCCC-1	Ex
CAACCAATCCCAGCAG-1	Ex
CAACCAATCTGATCTT-1	Ex
CAACCAATCTTCCGTG-1	Ex
CAACGGCCAGCTTACA-1	Ex
CAACGGCCATCGTGAT-1	Ex
CAACGGCGTCACAGGA-1	Ex
CAACGGCGTTTAAGCC-1	Ex
CAACGGCTCGCGATGC-1	Ex
CAACGTAAGCTTTCCC-1	Ex
CAACGTAAGGTACTCT-1	Ex
CAACGTAAGGTAGGCT-1	Ex
CAACGTACAACTACTG-1	Ex
CAACGTAGTGGACAGT-1	Ex
CAACGTAGTGTGCGTC-1	Ex
CAACGTATCACGGGTC-1	Ex
CAACGTATCCCGATTC-1	Ex
CAACGTATCGCCTTAC-1	Ex
CAAGAAAAGTCAGGAC-1	Ex
CAAGAAAAGTTAGCAA-1	Ex
CAAGAAACAACAAACA-1	Ex
CAAGAAACAGAACTTC-1	Ex
CAAGAAACAGTATACC-1	Ex
CAAGAAAGTACCGGCT-1	Ex
CAAGAAAGTAGAACGC-1	Ex
CAAGAAAGTTCCCTTG-1	Ex
CAAGAAAGTTTGCCAA-1	Ex
CAAGAAATCACCCGGA-1	Ex
CAAGAAATCAGGCGCT-1	Ex
CAAGAAATCAGTGTAC-1	Ex
CAAGAAATCGGTCAGC-1	Ex
CAAGCTAAGGCCAGTA-1	Ex
CAAGCTACAGGTAGGT-1	Ex
CAAGCTAGTCAGGCTC-1	Ex
CAAGCTAGTGAATCGG-1	Ex
CAAGCTAGTTTGCGAT-1	Ex
CAAGGCCAGGCCTCTG-1	Ex
CAAGGCCAGTACAGTA-1	Ex
CAAGGCCCACACGGTC-1	Ex
CAAGGCCGTACAACGG-1	Ex
CAAGGCCGTTTCCACC-1	Ex
CAAGGCCTCGTGGAAG-1	Ex
CAATCCCCAAATGTCC-1	Ex
CAATCCCCATCCCTCA-1	Ex
CAATCCCGTGGACAGT-1	Ex
CACAACAAGGAGTACC-1	Ex
CACAACAAGTCCCTCT-1	Ex
CACAACACAAGCGTCC-1	Ex
CACAACACATAGTCCA-1	Ex
CACAACACATGGCCTG-1	Ex
CACAACAGTATCAGCT-1	Ex
CACAACAGTCCAACCG-1	Ex
CACAACAGTTTGACCA-1	Ex
CACAACATCGGTAGGA-1	Ex
CACAGATAGCAACGGT-1	Ex
CACAGATAGTAGCAAT-1	Ex
CACAGATAGTGTCACT-1	Ex
CACAGATAGTTATGAG-1	Ex
CACAGATCAGATTAAG-1	Ex
CACAGATCATTGCCTC-1	Ex
CACAGATGTTTCCGGG-1	Ex
CACATGAAGACCGCAA-1	Ex
CACATGAAGCGCAATG-1	Ex
CACATGACACCAAGGA-1	Ex
CACATGACAGGCTACC-1	Ex
CACATGACATTGAACC-1	Ex
CACATGATCAGGGTTT-1	Ex
CACATGATCATACTTC-1	Ex
CACATGATCCCTAAAG-1	Ex
CACCACTAGCTCCGGT-1	Ex
CACCACTAGTTCCAGT-1	Ex
CACCACTCAACTTGGT-1	Ex
CACCACTCACGCCGAT-1	Ex
CACCACTCATGCGCTG-1	Ex
CACCACTCATGGCCGT-1	Ex
CACCACTTCTATCCTA-1	Ex
CACCTGTAGAACCCGA-1	Ex
CACCTGTAGAGGAACA-1	Ex
CACCTGTAGGTTTCTG-1	Ex
CACCTGTAGTGTCGCC-1	Ex
CACCTGTCAAACGACG-1	Ex
CACCTGTCAAGTCCTA-1	Ex
CACCTGTCACAGGTAG-1	Ex
CACCTGTCAGGGAGTT-1	Ex
CACCTGTTCCAGAATC-1	Ex
CACCTGTTCCGCGATG-1	Ex
CACCTTGCAGGGAGTT-1	Ex
CACCTTGCAGTAACGG-1	Ex
CACCTTGGTAGACGCA-1	Ex
CACCTTGGTATGAAGT-1	Ex
CACCTTGGTCGCTAGC-1	Ex
CACCTTGGTGACAAGC-1	Ex
CACCTTGGTGCCCAGT-1	Ex
CACCTTGGTTGGTAAA-1	Ex
CACCTTGTCACGGGTC-1	Ex
CACCTTGTCGATGTGT-1	Ex
CACCTTGTCGGATAAA-1	Ex
CACGTTCAGAGGTACC-1	Ex
CACGTTCAGATGCGAC-1	Ex
CACGTTCAGCGCACAA-1	Ex
CACGTTCCAAGCACTT-1	Ex
CACGTTCCACGTACAT-1	Ex
CACGTTCCAGTAAGCG-1	Ex
CACGTTCGTAGAACGC-1	Ex
CACGTTCGTATTCGAC-1	Ex
CACGTTCGTCCGTCGA-1	Ex
CACGTTCTCGCTATTT-1	Ex
CACTAAGAGTAGTTCC-1	Ex
CACTAAGCAACCTCCT-1	Ex
CACTAAGCACGCGACT-1	Ex
CACTAAGCAGATAAGT-1	Ex
CACTAAGGTATACGCT-1	Ex
CACTAAGTCATTGCCC-1	Ex
CACTAAGTCTTCCGTG-1	Ex
CACTGAAAGGTAGGAA-1	Ex
CACTGAAAGTGTGTAA-1	Ex
CACTGAACACAGTAGG-1	Ex
CACTGAAGTATCCTTT-1	Ex
CACTGAAGTGCAAGCA-1	Ex
CACTGAATCAACTTGG-1	Ex
CACTGAATCCTCTCTT-1	Ex
CAGCCTTAGAGAGGTA-1	Ex
CAGCCTTAGATCTAAG-1	Ex
CAGCCTTAGCAGAAAG-1	Ex
CAGCCTTAGGAGTACC-1	Ex
CAGCCTTAGGTAGGCT-1	Ex
CAGCCTTAGTCATCTG-1	Ex
CAGCCTTCAAACGACG-1	Ex
CAGCCTTCAACGCAAG-1	Ex
CAGCCTTCAATTGTGC-1	Ex
CAGCCTTCACAAACGG-1	Ex
CAGCCTTCACTGTCGG-1	Ex
CAGCCTTTCAGATACC-1	Ex
CAGCTAACAAGACTAA-1	Ex
CAGCTAAGTACGTAAA-1	Ex
CAGCTAAGTAGCAGGT-1	Ex
CAGCTAAGTCGCTAGC-1	Ex
CAGCTAATCCGAGAGA-1	Ex
CAGCTGGAGATATGAC-1	Ex
CAGCTGGAGTGATTAG-1	Ex
CAGCTGGCATCCTCGT-1	Ex
CAGCTGGGTACTAGAA-1	Ex
CAGCTGGGTAGATTAG-1	Ex
CAGCTGGGTTCGGGAA-1	Ex
CAGCTGGTCGGCTATA-1	Ex
CAGGATTTCAGTAGTC-1	Ex
CAGGATTTCCTCCAGT-1	Ex
CAGGGCTAGCATGTGG-1	Ex
CAGGGCTAGGTTCGAG-1	Ex
CAGGGCTAGTTACACC-1	Ex
CAGGGCTCATTTAGGC-1	Ex
CAGGGCTTCAGCCGGT-1	Ex
CAGTATGGTCTGTTGA-1	Ex
CAGTATGTCTATCTTG-1	Ex
CAGTGCGAGACGTCAG-1	Ex
CAGTGCGAGCAATGTA-1	Ex
CAGTGCGAGCGCGTTC-1	Ex
CAGTGCGCACGGCCAT-1	Ex
CAGTGCGCAGCGCGTT-1	Ex
CAGTGCGGTTAGGAAT-1	Ex
CAGTGCGTCGCTATAG-1	Ex
CAGTGCGTCTAGCTGA-1	Ex
CATAACGAGAGCTCCC-1	Ex
CATAACGAGAGGTACC-1	Ex
CATAACGAGCCTCGCA-1	Ex
CATAACGAGGTTCGTT-1	Ex
CATAACGAGTAACATG-1	Ex
CATAACGAGTGCACAG-1	Ex
CATAACGAGTGGTGTG-1	Ex
CATAACGAGTTGTCCA-1	Ex
CATAACGCAAGCGAAC-1	Ex
CATAACGGTGGCCTTG-1	Ex
CATAACGTCGGTTGTA-1	Ex
CATGCCTAGCTTCAAC-1	Ex
CATGCCTAGTGCAACG-1	Ex
CATGCCTCACGATTAC-1	Ex
CATGCCTCACTAGCCG-1	Ex
CATGCCTCACTCGGAC-1	Ex
CATGCCTCACTGTAAC-1	Ex
CATGCCTCAGCGTCGT-1	Ex
CATGCCTGTAGACACG-1	Ex
CATGCCTGTAGTCTGT-1	Ex
CATGCCTGTCAGCAAG-1	Ex
CATGCCTGTCAGTGTT-1	Ex
CATGCCTGTCTGGATT-1	Ex
CATGCCTTCATCGCCT-1	Ex
CATGCCTTCATTGCCC-1	Ex
CATGCCTTCCCTAAAG-1	Ex
CATGCCTTCTTTCGAT-1	Ex
CATGTTTCAGATTAAG-1	Ex
CATGTTTGTGAGTAAT-1	Ex
CATGTTTGTTAACTCG-1	Ex
CATGTTTGTTATGCAC-1	Ex
CATGTTTGTTGGGAAC-1	Ex
CATTCATCATTCACGA-1	Ex
CATTCATGTGTCCAGC-1	Ex
CATTCATGTTATGCAC-1	Ex
CATTCATGTTCTTATC-1	Ex
CATTCATTCCCGTATC-1	Ex
CATTCCGAGAACGTTA-1	Ex
CATTCCGCACTGGGCT-1	Ex
CATTCCGTCAGCGGTC-1	Ex
CATTCCGTCGGATGTT-1	Ex
CATTGGAAGGCGACTA-1	Ex
CATTGGAAGTAACTCC-1	Ex
CATTGGAAGTCCGGAA-1	Ex
CATTGGAAGTCGAAAT-1	Ex
CATTGGACAAGCGAAC-1	Ex
CATTGGACACAGCTTA-1	Ex
CATTGGAGTCACATTG-1	Ex
CATTGGAGTCATAGCT-1	Ex
CATTGGAGTTTCGATG-1	Ex
CATTGGATCGGCTATA-1	Ex
CCAATGAAGAATATCG-1	Ex
CCAATGAAGGATGCCA-1	Ex
CCAATGACAGACCTGC-1	Ex
CCAATGACAGCCACGT-1	Ex
CCAATGACAGTATCTG-1	Ex
CCAATGACAGTGGTCC-1	Ex
CCAATGACATCAGAAA-1	Ex
CCAATGATCCATAACG-1	Ex
CCAATGATCCATCGAA-1	Ex
CCAATGATCCGAGGAA-1	Ex
CCAATGATCTATCTTG-1	Ex
CCACAGGAGCGGACAT-1	Ex
CCACAGGCACTCGGAC-1	Ex
CCACAGGCAGAACAGC-1	Ex
CCACAGGCAGACCTGC-1	Ex
CCACAGGCAGTGGTCC-1	Ex
CCACAGGGTTCTTTCA-1	Ex
CCACAGGTCGAGGTCC-1	Ex
CCACAGGTCTTCCAGC-1	Ex
CCACGTTAGACCAATA-1	Ex
CCACGTTAGGGCTCTC-1	Ex
CCACGTTAGTCATACC-1	Ex
CCACGTTCAAACCTAC-1	Ex
CCACGTTCAACTTGGT-1	Ex
CCACGTTCACAAACGG-1	Ex
CCACGTTCACGCCGAT-1	Ex
CCACGTTCACTCCTCA-1	Ex
CCACGTTCATTATGGC-1	Ex
CCACGTTGTAACGGTG-1	Ex
CCACGTTGTCAACTAC-1	Ex
CCACGTTGTCCAAGAG-1	Ex
CCACGTTTCCTTTGAT-1	Ex
CCACGTTTCGCACCTT-1	Ex
CCACGTTTCTTCTTCC-1	Ex
CCAGAATAGCGTTGCC-1	Ex
CCAGAATCACAGTAGG-1	Ex
CCAGAATCACATTGCA-1	Ex
CCAGAATCACGCCGAT-1	Ex
CCAGAATCAGAGCCAA-1	Ex
CCAGAATCATCCCAAA-1	Ex
CCAGAATGTTTGGATC-1	Ex
CCAGAATTCAGTCAAC-1	Ex
CCAGAATTCATCGCCT-1	Ex
CCAGAATTCCGCGATG-1	Ex
CCAGATAAGACCCATT-1	Ex
CCAGATAAGGACCGAT-1	Ex
CCAGATAAGTCAGGAC-1	Ex
CCAGATAAGTTCCCGG-1	Ex
CCAGATACAGTCAGAG-1	Ex
CCAGATACATTCCCGT-1	Ex
CCAGATAGTACCCACG-1	Ex
CCAGATAGTGACCAGA-1	Ex
CCAGATAGTTGTATCG-1	Ex
CCAGATATCACTTACT-1	Ex
CCATACCAGAGGTCCA-1	Ex
CCATACCGTAGGTAAT-1	Ex
CCATACCGTATGTTCG-1	Ex
CCATACCGTGATGCGA-1	Ex
CCCACATCAGTAACTC-1	Ex
CCCACATGTACCCATA-1	Ex
CCCACATGTCCGTAGC-1	Ex
CCCACATGTGAGGTCA-1	Ex
CCCACATGTTCTTTCA-1	Ex
CCCACATTCGTCGCAG-1	Ex
CCCAGAGAGCGGACTA-1	Ex
CCCAGAGAGGGCGAAG-1	Ex
CCCAGAGCAAGCCAGA-1	Ex
CCCAGAGCATAGAATG-1	Ex
CCCAGAGCATGACTGT-1	Ex
CCCAGAGGTCAGCTTA-1	Ex
CCCAGAGGTTTCTTAC-1	Ex
CCCAGAGTCATTCTCA-1	Ex
CCCAGAGTCCGGCTGA-1	Ex
CCCAGAGTCGGATGTT-1	Ex
CCCAGAGTCTGACTTT-1	Ex
CCCGTTAAGTCCGGAA-1	Ex
CCCGTTACACAGGTAG-1	Ex
CCCGTTACAGTGCGTC-1	Ex
CCCGTTAGTCCAAGTT-1	Ex
CCCGTTAGTGATTCCA-1	Ex
CCCGTTAGTTTCCTAT-1	Ex
CCCGTTATCCAACCTC-1	Ex
CCCGTTATCCCTACCA-1	Ex
CCCGTTATCCTTGACC-1	Ex
CCCTAACAGGAGTCTG-1	Ex
CCCTAACGTAAACGGC-1	Ex
CCCTAACGTGATAGAT-1	Ex
CCCTAACGTGCTTACA-1	Ex
CCCTAACTCGCAAACT-1	Ex
CCCTAACTCGCGTTCT-1	Ex
CCCTAACTCTATAGGC-1	Ex
CCCTAACTCTTAATCC-1	Ex
CCCTAGTAGATGGGTC-1	Ex
CCCTAGTAGGCTTTAC-1	Ex
CCCTAGTCACAGGAAC-1	Ex
CCCTAGTCAGCTATAC-1	Ex
CCCTAGTCAGTATCTG-1	Ex
CCCTAGTGTTGGCGAA-1	Ex
CCCTAGTGTTTCGACA-1	Ex
CCCTAGTTCCAAACCA-1	Ex
CCCTAGTTCGGGTCCA-1	Ex
CCCTCTCCACAGGAAC-1	Ex
CCCTCTCCAGGCATCC-1	Ex
CCCTCTCGTTCCCTTG-1	Ex
CCCTGATCAGCAACAG-1	Ex
CCCTGATCATAGCCGC-1	Ex
CCCTGATGTCCGTCGA-1	Ex
CCCTGATGTCTGTCCT-1	Ex
CCCTGATGTGCACTTA-1	Ex
CCCTGATTCACTACCC-1	Ex
CCCTGATTCTCTATCA-1	Ex
CCCTGATTCTGTGTGA-1	Ex
CCGAAGCAGAGCTACG-1	Ex
CCGAAGCAGTAGCAAT-1	Ex
CCGAAGCCAGGCACAA-1	Ex
CCGAAGCCATGGTAAA-1	Ex
CCGAAGCGTAACTCCA-1	Ex
CCGCATTAGGAAGACA-1	Ex
CCGCATTAGGAGTAGA-1	Ex
CCGCATTAGTCGATAA-1	Ex
CCGCATTAGTGAATAC-1	Ex
CCGCATTCATTAACGC-1	Ex
CCGCATTGTGTGTGCC-1	Ex
CCGCATTTCAGGATCT-1	Ex
CCGCATTTCCTAGAGT-1	Ex
CCGCATTTCCTCCATG-1	Ex
CCGTACTAGAGTGGAA-1	Ex
CCGTACTAGATTAGAC-1	Ex
CCGTACTAGGATTAAC-1	Ex
CCGTACTAGTAGAAGG-1	Ex
CCGTACTCAAGGAGGG-1	Ex
CCGTACTCACGTTGTA-1	Ex
CCGTACTCAGCCGAAA-1	Ex
CCGTACTCATTTAGGC-1	Ex
CCGTACTGTCACATTG-1	Ex
CCGTACTGTCATTGGT-1	Ex
CCGTACTGTGTGCGTC-1	Ex
CCGTACTTCCCGAAGC-1	Ex
CCGTACTTCTCCTTGG-1	Ex
CCGTAGGAGATGTTGA-1	Ex
CCGTAGGAGGAGAACA-1	Ex
CCGTAGGCACCGAATT-1	Ex
CCGTAGGCACTCGGAC-1	Ex
CCGTAGGCAGCTTACA-1	Ex
CCGTAGGCATTACCTT-1	Ex
CCGTAGGGTCCGGTAC-1	Ex
CCGTGAGCAAGCAACG-1	Ex
CCGTGAGCACAAGTGG-1	Ex
CCGTGAGGTGCAGACA-1	Ex
CCGTGAGGTGTCGTGC-1	Ex
CCGTGAGGTTACTACG-1	Ex
CCGTGAGGTTGGCTAT-1	Ex
CCGTGAGTCCTCAAGA-1	Ex
CCGTGAGTCGATAGTC-1	Ex
CCGTGAGTCGGACGAA-1	Ex
CCGTGAGTCTCTATCA-1	Ex
CCGTGAGTCTTCCGTG-1	Ex
CCTAAAGAGACGCCAA-1	Ex
CCTAAAGCAAGTCTGT-1	Ex
CCTAAAGGTCAAGACG-1	Ex
CCTAAAGGTCATAAGA-1	Ex
CCTAAAGGTTCCATCC-1	Ex
CCTAAAGGTTGCAGAG-1	Ex
CCTAAAGTCAGCCGGT-1	Ex
CCTAAAGTCCCACTTG-1	Ex
CCTATTAAGTCGTATC-1	Ex
CCTATTAGTGCTTCCT-1	Ex
CCTATTAGTGGCATAG-1	Ex
CCTATTATCCAAGAGG-1	Ex
CCTATTATCCTCCATG-1	Ex
CCTATTATCTAGCAAC-1	Ex
CCTATTATCTCTGAGA-1	Ex
CCTCCCTAGAATACTG-1	Ex
CCTCCCTGTAGCGTTT-1	Ex
CCTGCTAAGAAATCTG-1	Ex
CCTGCTAAGAGCTGTG-1	Ex
CCTGCTACACCACCAG-1	Ex
CCTGCTACATAGTCCA-1	Ex
CCTGCTAGTCATCGTA-1	Ex
CCTGCTATCGGGAAAC-1	Ex
CCTGGGAAGGCTGGAT-1	Ex
CCTGGGACAGTAAGCG-1	Ex
CCTGGGAGTCGCGCTA-1	Ex
CCTGGGAGTTACGGAG-1	Ex
CCTGGGATCAAGAGGC-1	Ex
CCTGGGATCGATGTAC-1	Ex
CCTGGGATCTGGGCGT-1	Ex
CCTTAATAGACTAGGC-1	Ex
CCTTAATAGGTTGTTC-1	Ex
CCTTAATAGTGCAACG-1	Ex
CCTTAATCAGGTAACG-1	Ex
CCTTAATGTTCCATCC-1	Ex
CCTTAATGTTGCAGAG-1	Ex
CCTTAATTCGAGAAGC-1	Ex
CCTTAATTCTGTTTAC-1	Ex
CCTTGCAAGTCTCCAA-1	Ex
CCTTGCACAATGGTCT-1	Ex
CCTTGCAGTAGATGAT-1	Ex
CCTTGCAGTATTCTTC-1	Ex
CCTTGCAGTCGACTGC-1	Ex
CCTTGCAGTTGCCGCA-1	Ex
CCTTGCATCCTCCCAA-1	Ex
CCTTGCATCGGTTGTA-1	Ex
CCTTGCATCTAAACGC-1	Ex
CCTTGCATCTCTGAGA-1	Ex
CCTTGGTAGAGAATTC-1	Ex
CCTTGGTAGGGAGATA-1	Ex
CCTTGGTCAAAGCTGG-1	Ex
CCTTGGTCACAGGAAC-1	Ex
CCTTGGTGTAACGTAA-1	Ex
CCTTGGTGTCACCCGA-1	Ex
CCTTGGTGTCAGCAAG-1	Ex
CCTTGGTGTCATAAGA-1	Ex
CCTTGGTGTGCTGTCG-1	Ex
CCTTGGTGTTCCCAAA-1	Ex
CCTTGGTTCCATAACG-1	Ex
CGAGTTAAGCGCGTTC-1	Ex
CGAGTTAAGTCCCTCT-1	Ex
CGAGTTAAGTTCCCGG-1	Ex
CGAGTTACAAATGTCC-1	Ex
CGAGTTACAAGCTTTG-1	Ex
CGAGTTAGTCGCTAGC-1	Ex
CGAGTTATCTTCATAC-1	Ex
CGATGATAGCGTAGCA-1	Ex
CGATGATAGCTAGTTC-1	Ex
CGATGATAGGATGCCA-1	Ex
CGATGATAGGTACATA-1	Ex
CGATGATAGTCCAGAG-1	Ex
CGATGATCAAGGGTAC-1	Ex
CGATGATCAAGTAACA-1	Ex
CGATGATCATAGGCGA-1	Ex
CGATGATGTACGCAAG-1	Ex
CGATGATGTCAACAGG-1	Ex
CGATGATGTCCGAGCT-1	Ex
CGATGATGTTGCCTGG-1	Ex
CGATGATTCAAACCCA-1	Ex
CGATGATTCGATGCAT-1	Ex
CGCAATAAGGTCGTTT-1	Ex
CGCAATACACTCGGAC-1	Ex
CGCAATACAGACCTGC-1	Ex
CGCAATACATAGAATG-1	Ex
CGCAATAGTAAGGTCG-1	Ex
CGCAATAGTCTGGTTA-1	Ex
CGCAATAGTGAGGGTT-1	Ex
CGCAATAGTTGGAGGT-1	Ex
CGCAATATCAAAGTAG-1	Ex
CGCAATATCCATACCC-1	Ex
CGCAATATCGCTGATA-1	Ex
CGCAATATCTTCAGAG-1	Ex
CGCACAGAGAACAGGA-1	Ex
CGCACAGAGTCCGATT-1	Ex
CGCACAGCAAACCTAC-1	Ex
CGCACAGCAACTTGGT-1	Ex
CGCACAGCAAGCCTTA-1	Ex
CGCACAGCACACGGTC-1	Ex
CGCACAGCACATATCG-1	Ex
CGCACAGCACTCGCAG-1	Ex
CGCACAGCACTCGGAC-1	Ex
CGCACAGCAGACCTGC-1	Ex
CGCACAGCAGCAACGA-1	Ex
CGCACAGCATTAACGC-1	Ex
CGCACAGCATTATGGC-1	Ex
CGCACAGGTCATAGAA-1	Ex
CGCACAGGTTTGGATC-1	Ex
CGCACAGTCAGTCAAC-1	Ex
CGCACAGTCATCGCCT-1	Ex
CGCACAGTCCATCGAA-1	Ex
CGCACAGTCGAGAACG-1	Ex
CGCACAGTCGATAGTC-1	Ex
CGCACAGTCGGGACAA-1	Ex
CGCAGGTAGCTACGCC-1	Ex
CGCAGGTAGGAAGGTA-1	Ex
CGCAGGTAGGAGTACC-1	Ex
CGCAGGTCAAGGAGTC-1	Ex
CGCAGGTGTACGACCC-1	Ex
CGCAGGTGTCGATAGG-1	Ex
CGCAGGTGTCGCTAGC-1	Ex
CGCAGGTGTGGCCTTG-1	Ex
CGCAGGTTCAACACGT-1	Ex
CGCAGGTTCAGGTTTG-1	Ex
CGCAGGTTCCCTAAAG-1	Ex
CGCAGGTTCCTCCTGA-1	Ex
CGCAGGTTCGTCGCAG-1	Ex
CGCAGGTTCTTGTCGC-1	Ex
CGCGCAAAGAGGCAGG-1	Ex
CGCGCAACAAACGACG-1	Ex
CGCGCAACAATGTGCT-1	Ex
CGCGCAAGTGCTGGCT-1	Ex
CGCGCAATCACTAGCA-1	Ex
CGCGCAATCAGTTGAC-1	Ex
CGCGCAATCCATCTAT-1	Ex
CGCGCAATCCATGTTT-1	Ex
CGCGCAATCCGATGCG-1	Ex
CGCTAGGAGAAGAGTG-1	Ex
CGCTAGGAGCATGTGG-1	Ex
CGCTAGGAGCGCATTT-1	Ex
CGCTAGGAGTCGTATC-1	Ex
CGCTAGGCAAGGGAGG-1	Ex
CGCTAGGCAGCGTGAA-1	Ex
CGCTAGGGTCTGTTGA-1	Ex
CGCTAGGGTTGGCGAA-1	Ex
CGCTAGGGTTGTCGGC-1	Ex
CGCTAGGTCGACCCGA-1	Ex
CGCTAGGTCGGTCCGA-1	Ex
CGCTAGGTCTATATCC-1	Ex
CGCTAGGTCTGAAAGA-1	Ex
CGCTATCAGTACAGTA-1	Ex
CGCTATCCAAACTACC-1	Ex
CGCTATCCAACTTGGT-1	Ex
CGCTATCCAAGCGTCC-1	Ex
CGCTATCCAAGTCCTA-1	Ex
CGCTATCCAGCAATGG-1	Ex
CGCTATCCATTCTTTG-1	Ex
CGCTATCGTATGCTAC-1	Ex
CGCTATCGTCAGTGCC-1	Ex
CGCTATCGTTCAGTAC-1	Ex
CGCTATCTCGTTCTAT-1	Ex
CGCTATCTCTCGTAGA-1	Ex
CGCTGGAAGGGTAGTC-1	Ex
CGCTGGACAAAGCTTC-1	Ex
CGCTGGACACCACAGC-1	Ex
CGCTGGACATCGGCTG-1	Ex
CGCTGGAGTCAAATCC-1	Ex
CGCTGGATCGTTCAGA-1	Ex
CGCTGGATCTACCCGT-1	Ex
CGGACCAAGTTAGCAA-1	Ex
CGGACCACAGATAAGT-1	Ex
CGGACCACAGTTGCAT-1	Ex
CGGACCACATTGCCTC-1	Ex
CGGACCAGTCATCAAC-1	Ex
CGGACCATCACGGGTC-1	Ex
CGGACCATCGATGAAA-1	Ex
CGGACTGCACACACAT-1	Ex
CGGTGCAAGAGATTAC-1	Ex
CGGTGCAAGTCGCGTC-1	Ex
CGGTGCATCCTGTGGG-1	Ex
CGGTGCATCGGTGATT-1	Ex
CGGTGCATCTGAGTAC-1	Ex
CGTAAACAGAGAGGTA-1	Ex
CGTAAACAGATCTAAG-1	Ex
CGTAAACAGCCAGAAC-1	Ex
CGTAAACAGCGGACAT-1	Ex
CGTAAACAGGCCTCTG-1	Ex
CGTAAACAGGTAGGCT-1	Ex
CGTAAACCACTCCACT-1	Ex
CGTAAACGTAAGGTCG-1	Ex
CGTAAACGTCAGCAAG-1	Ex
CGTAAACGTCTCTGCT-1	Ex
CGTAAACTCCGCGATG-1	Ex
CGTAAACTCCTGGAAT-1	Ex
CGTAAACTCGCATACA-1	Ex
CGTAAACTCGGAGTTT-1	Ex
CGTAAACTCTCCACTG-1	Ex
CGTAAACTCTGATCTT-1	Ex
CGTACAAAGCTCCATA-1	Ex
CGTACAACAACGTCGC-1	Ex
CGTACAACAATACTGC-1	Ex
CGTACAACAGTAACGG-1	Ex
CGTACAAGTAAACGGC-1	Ex
CGTACAAGTACTTGAC-1	Ex
CGTACAAGTATTGTCG-1	Ex
CGTACAAGTCTCGGGT-1	Ex
CGTACAAGTTGTCGGC-1	Ex
CGTACAAGTTTCTACT-1	Ex
CGTACAATCACCGCGA-1	Ex
CGTACAATCAGCGGTC-1	Ex
CGTGGCAAGCTCCGGT-1	Ex
CGTGGCAAGCTGGAGT-1	Ex
CGTGGCAGTACTATGC-1	Ex
CGTGGCAGTCGCGCTA-1	Ex
CGTGGCATCACTACCC-1	Ex
CGTGGCATCGACTCGG-1	Ex
CGTGGCATCGACTGGC-1	Ex
CGTTCCAAGAGAGGTA-1	Ex
CGTTCCAAGATCTAAG-1	Ex
CGTTCCAAGCAGAATT-1	Ex
CGTTCCAAGCCCATTA-1	Ex
CGTTCCAAGGTAGGCT-1	Ex
CGTTCCAAGGTGATGC-1	Ex
CGTTCCACAAAGGCCA-1	Ex
CGTTCCAGTGATAACA-1	Ex
CGTTCCAGTGCTGTGC-1	Ex
CGTTCCATCAGATACC-1	Ex
CGTTCCATCGCTGATA-1	Ex
CTAACTTAGGTACATA-1	Ex
CTAACTTAGTCTCTAG-1	Ex
CTAACTTCAAGTTCGT-1	Ex
CTAACTTCAGCGTGAA-1	Ex
CTAACTTCATATAGAG-1	Ex
CTAACTTCATGGATGG-1	Ex
CTAACTTGTAGACGCA-1	Ex
CTAACTTGTCGCTAGC-1	Ex
CTAACTTTCAGCCGAC-1	Ex
CTAACTTTCGAGTTAC-1	Ex
CTAACTTTCTCTGCAC-1	Ex
CTACAGAAGAGTAAGG-1	Ex
CTACAGAAGTGCACAG-1	Ex
CTACAGACAAGTAACA-1	Ex
CTACAGACAATACTGC-1	Ex
CTACAGACATCCGTGG-1	Ex
CTACAGAGTGAATCGG-1	Ex
CTACAGAGTGTCGTGC-1	Ex
CTACAGATCAACTTGG-1	Ex
CTACAGATCGATGTAC-1	Ex
CTACAGATCTCTGACC-1	Ex
CTACAGATCTTATCAC-1	Ex
CTACTTACATAGCAGG-1	Ex
CTACTTACATGCCCTT-1	Ex
CTACTTAGTACGTAAA-1	Ex
CTACTTAGTTGTGAGG-1	Ex
CTAGCGGAGGATTTGA-1	Ex
CTAGCGGAGTGTAATG-1	Ex
CTAGCGGGTTGGCTTA-1	Ex
CTAGGATCAATGATGA-1	Ex
CTAGGATCACAACGGA-1	Ex
CTAGGATCACGCGACT-1	Ex
CTAGGATCAGGAGCAT-1	Ex
CTAGGATCATACCCGG-1	Ex
CTAGGATCATGTGAGG-1	Ex
CTAGGATGTCAGGTGA-1	Ex
CTAGGATTCCAGGGAA-1	Ex
CTAGGGCAGAAAGGGT-1	Ex
CTAGGGCAGCGTCAAG-1	Ex
CTAGGGCAGTTCCCGG-1	Ex
CTAGGGCCAACGTCCG-1	Ex
CTAGGGCCAAGGACCA-1	Ex
CTAGGGCCACGCCGAT-1	Ex
CTAGGGCCACTCGTGG-1	Ex
CTAGGGCTCACCGCGA-1	Ex
CTAGGGCTCGAAGCCC-1	Ex
CTCAACCTCGTGTGCG-1	Ex
CTCAACCTCTCGGCGA-1	Ex
CTCAACCTCTTACGGA-1	Ex
CTCACCAAGCACGTAG-1	Ex
CTCACCAAGCCTGGTC-1	Ex
CTCACCACAACCTCCT-1	Ex
CTCACCACAAGCAACG-1	Ex
CTCACCACACGATATC-1	Ex
CTCACCACAGGTCTGC-1	Ex
CTCACCACATGGGTGA-1	Ex
CTCACCAGTAGCATGG-1	Ex
CTCACCAGTCAAGACG-1	Ex
CTCACCAGTTAACCAC-1	Ex
CTCACCATCGCTATAG-1	Ex
CTCACCATCTTCCGTG-1	Ex
CTCAGAAAGTCGTACT-1	Ex
CTCAGAAAGTCTAGAA-1	Ex
CTCAGAACACTGATTG-1	Ex
CTCAGAACATTTCACT-1	Ex
CTCAGAAGTGGACGAT-1	Ex
CTCAGAAGTGGTGGTA-1	Ex
CTCAGAATCTGGTACA-1	Ex
CTCAGCTAGAAGCCTG-1	Ex
CTCAGCTGTATATGGA-1	Ex
CTCAGCTTCTCTCAAT-1	Ex
CTCATGCCAGGGAGTT-1	Ex
CTCATGCCATCTCACC-1	Ex
CTCATGCGTTGCCGCA-1	Ex
CTCATGCTCACTACCC-1	Ex
CTCATGCTCGCTGATA-1	Ex
CTCCCAAAGGACTAGC-1	Ex
CTCCCAAGTTACACTG-1	Ex
CTCCCAAGTTTGCGAT-1	Ex
CTCCCAATCACGTCAA-1	Ex
CTCCCAATCAGCCGGT-1	Ex
CTCCCAATCCATCTAT-1	Ex
CTCGCTACAAGCTTTG-1	Ex
CTCGCTACAGGAGCAT-1	Ex
CTCGCTAGTTCCTATT-1	Ex
CTCGCTATCATGAACC-1	Ex
CTCGCTATCCGCCTAT-1	Ex
CTCGCTATCCGGGCAT-1	Ex
CTCGCTATCGGCAATT-1	Ex
CTCTACGCAATGCCAT-1	Ex
CTCTACGCAGGGTACA-1	Ex
CTCTACGCAGTAACCT-1	Ex
CTCTACGCATGTGAGG-1	Ex
CTCTACGGTAATGTAG-1	Ex
CTCTACGGTGATAGAT-1	Ex
CTCTACGTCACTGATG-1	Ex
CTCTACGTCCATCTAT-1	Ex
CTCTACGTCGCAGATT-1	Ex
CTCTACGTCTTCCACG-1	Ex
CTCTAGCAGGAATGGA-1	Ex
CTCTAGCCACCACGAC-1	Ex
CTCTAGCCACGTGAAG-1	Ex
CTCTAGCCATTACCTT-1	Ex
CTCTAGCTCGTGCTGG-1	Ex
CTCTCAGCATCGCTAA-1	Ex
CTCTCAGGTCATAAGA-1	Ex
CTCTCAGGTGCTTACA-1	Ex
CTCTCAGGTTAGGCTT-1	Ex
CTCTCAGGTTTGTACG-1	Ex
CTCTCGAAGACAGCTG-1	Ex
CTCTCGAAGCGGACTA-1	Ex
CTCTCGAAGGTTCGTT-1	Ex
CTCTCGAAGTAGGTCG-1	Ex
CTCTCGACATCGACCG-1	Ex
CTCTCGAGTGTCTCGG-1	Ex
CTCTCGATCGCCCTTA-1	Ex
CTGAATGAGGTTGACG-1	Ex
CTGAATGAGTTCAAGA-1	Ex
CTGAATGCACCGTCTT-1	Ex
CTGAATGCACTAGCCG-1	Ex
CTGAATGCAGGTAACG-1	Ex
CTGAATGCAGTCCTGG-1	Ex
CTGAATGCATATACGC-1	Ex
CTGCGTTAGTTACCAC-1	Ex
CTGCGTTCAAAGAAGG-1	Ex
CTGCGTTCACGTACAT-1	Ex
CTGCGTTCATTAGCCA-1	Ex
CTGCGTTTCGGTGATT-1	Ex
CTGCTCAAGGAAACTT-1	Ex
CTGCTCAAGGGTCTGA-1	Ex
CTGCTCAAGTGAGCAC-1	Ex
CTGCTCACAACGTACT-1	Ex
CTGCTCACAAGTCTGT-1	Ex
CTGCTCACACCTACCT-1	Ex
CTGCTCACACTCCTCA-1	Ex
CTGCTCACACTTTGGA-1	Ex
CTGCTCACAGTAACCT-1	Ex
CTGCTCAGTCAGTGTT-1	Ex
CTGCTCAGTGCAAGCA-1	Ex
CTGCTCAGTTTGCGAT-1	Ex
CTGCTCATCGACTGGC-1	Ex
CTGGCAGAGATCGATA-1	Ex
CTGGCAGAGCTGGAGT-1	Ex
CTGGCAGCAAGCCAGA-1	Ex
CTGGCAGCATATAGAG-1	Ex
CTGGCAGCATATTGGC-1	Ex
CTGGCAGCATCCTGGG-1	Ex
CTGGCAGGTCAGTGCC-1	Ex
CTGGCAGGTCGAGAAC-1	Ex
CTGGCAGGTGCACTTA-1	Ex
CTGGCAGGTGTCGTCG-1	Ex
CTGGCAGGTTAGGAGC-1	Ex
CTGGGACAGAAATCTG-1	Ex
CTGGGACAGACCTATC-1	Ex
CTGGGACAGACGTCAG-1	Ex
CTGGGACAGATCCGAG-1	Ex
CTGGGACAGCGCAATG-1	Ex
CTGGGACAGCTAACAA-1	Ex
CTGGGACAGGCAATTA-1	Ex
CTGGGACAGTCACACT-1	Ex
CTGGGACAGTCGTATC-1	Ex
CTGGGACCAATCATCG-1	Ex
CTGGGACCACACACAT-1	Ex
CTGGGACGTACGGATG-1	Ex
CTGGGACGTAGACGCA-1	Ex
CTGGGACGTCCAAGTT-1	Ex
CTGGGACGTTGCAGAG-1	Ex
CTGGGACTCGCACAAT-1	Ex
CTGGGACTCTCATATC-1	Ex
CTGGGACTCTGGACAT-1	Ex
CTGGGACTCTTGCGCT-1	Ex
CTGTATTAGAAGCCTG-1	Ex
CTGTATTAGAGAGGTA-1	Ex
CTGTATTAGAGAGTTT-1	Ex
CTGTATTAGATCTAAG-1	Ex
CTGTATTAGGTAGGCT-1	Ex
CTGTATTAGGTTAGTA-1	Ex
CTGTATTCAACTCGTA-1	Ex
CTGTATTCACACATGT-1	Ex
CTGTATTGTCAGTGCC-1	Ex
CTGTATTGTCGAGGTA-1	Ex
CTGTATTGTCGCTAGC-1	Ex
CTGTATTGTCTCTGGG-1	Ex
CTGTATTGTGTCTCGG-1	Ex
CTGTATTGTTTAAGGA-1	Ex
CTGTATTTCGCCGAAC-1	Ex
CTGTTCGAGGGTAATT-1	Ex
CTGTTCGCAATACTGC-1	Ex
CTGTTCGCACCAAGGA-1	Ex
CTGTTCGCATGCGTTA-1	Ex
CTGTTCGGTCAGTGCC-1	Ex
CTGTTCGGTCCGTCGA-1	Ex
CTGTTCGGTCGAGGAT-1	Ex
CTGTTCGGTGCAAGCA-1	Ex
CTGTTCGTCCTGTAGA-1	Ex
CTGTTCGTCCTTGACC-1	Ex
CTGTTCGTCTACTGCC-1	Ex
CTTAATCAGCACCATT-1	Ex
CTTAATCAGCTATCCA-1	Ex
CTTAATCAGGTAGGAA-1	Ex
CTTAATCAGTGGTGTG-1	Ex
CTTAATCAGTTCCAGT-1	Ex
CTTAATCCACAGGTAG-1	Ex
CTTAATCCATTCACCC-1	Ex
CTTAATCGTGGAAAGA-1	Ex
CTTAATCTCCATACGA-1	Ex
CTTAATCTCGGATAGG-1	Ex
CTTAATCTCTATCTCA-1	Ex
CTTAATCTCTTAACGG-1	Ex
CTTCCAGAGCACACCC-1	Ex
CTTCCAGAGTTAGCGG-1	Ex
CTTCCAGGTCTGATTG-1	Ex
CTTCTAAAGCTCCATA-1	Ex
CTTCTAACAATACTGC-1	Ex
CTTCTAACAGTGCGTC-1	Ex
CTTCTAAGTGAATCGG-1	Ex
CTTCTAATCAACTTGG-1	Ex
CTTCTAATCCTATCAT-1	Ex
CTTGAAGCACACGGTC-1	Ex
CTTGAAGCAGTAAGCG-1	Ex
CTTGAAGCATGGTTTG-1	Ex
CTTGAAGGTTCTACGA-1	Ex
CTTGAAGTCTATTTCG-1	Ex
CTTGCCACATTACCTT-1	Ex
CTTGCCACATTCACGA-1	Ex
CTTGCCAGTCTGCGCA-1	Ex
CTTGCCAGTGGACAGT-1	Ex
CTTGCCAGTTGGTAAA-1	Ex
CTTGCCATCAAGAGAT-1	Ex
CTTGCCATCGTTCCGT-1	Ex
CTTGCTGAGACGTCAG-1	Ex
CTTGCTGAGCACACCC-1	Ex
CTTGCTGAGGGCTTCC-1	Ex
CTTGCTGAGTCGTGAG-1	Ex
CTTGCTGCACCCATCT-1	Ex
CTTGCTGCATTAGCCA-1	Ex
CTTGCTGGTATACGCT-1	Ex
CTTGCTGGTGCTTCCT-1	Ex
CTTGCTGTCAAGAGGC-1	Ex
CTTGCTGTCTCCACTG-1	Ex
CTTGCTGTCTTGTACT-1	Ex
CTTGTCGCAACATAAG-1	Ex
CTTGTCGGTCATAAGA-1	Ex
CTTGTCGGTTGGAGGT-1	Ex
CTTGTCGGTTTGACCA-1	Ex
CTTGTCGTCCACGGCA-1	Ex
CTTTGCGAGAGCACTG-1	Ex
CTTTGCGAGAGGTGGG-1	Ex
CTTTGCGAGTCGCGTC-1	Ex
CTTTGCGCAAGTTGCT-1	Ex
CTTTGCGCACTAGGAG-1	Ex
CTTTGCGCAGCACATT-1	Ex
CTTTGCGCATCCTGGG-1	Ex
CTTTGCGGTGTAGGAC-1	Ex
CTTTGCGGTTCCTATT-1	Ex
CTTTGCGGTTTGCGAT-1	Ex
CTTTGCGTCCCTACCA-1	Ex
GAAACAAAGTACAGAT-1	Ex
GAAACAAAGTCCGTGC-1	Ex
GAAACAACAAGGTCGA-1	Ex
GAAACAACATGCTATG-1	Ex
GAAACAAGTAGTCCAT-1	Ex
GAAACAAGTTTGAAGA-1	Ex
GAAACAATCCTAAAGC-1	Ex
GAAAGTACAGGACTGA-1	Ex
GAAAGTACATGGCCGT-1	Ex
GAAAGTAGTGCCGGTT-1	Ex
GAAAGTAGTGCTGGCT-1	Ex
GAAAGTAGTTTGCATG-1	Ex
GAAAGTATCTTATCAC-1	Ex
GAAATGAAGAAACGCC-1	Ex
GAAATGAAGTGATCTC-1	Ex
GAAATGACAACCTCCT-1	Ex
GAAATGACAAGAAACT-1	Ex
GAAATGAGTGCAAGAC-1	Ex
GAAATGAGTGCGCTCA-1	Ex
GAAATGAGTGTCCAGC-1	Ex
GAAATGATCTCTTCTC-1	Ex
GAAATGATCTTATCAC-1	Ex
GAACCGCAGAGCGAAA-1	Ex
GAACCGCAGCAGGAGG-1	Ex
GAACCGCAGTAACATG-1	Ex
GAACCGCCAACGGACA-1	Ex
GAACCGCCACACATGT-1	Ex
GAACCGCCACGATTAC-1	Ex
GAACCGCCAGGAGCAT-1	Ex
GAACCGCCAGTCAGAG-1	Ex
GAACCGCGTAACTGAA-1	Ex
GAACCGCGTATCCCTC-1	Ex
GAACCGCGTCATTGGT-1	Ex
GAACCGCGTCTCAAAC-1	Ex
GAACCGCGTTCACGTA-1	Ex
GAACCGCTCACGTCAA-1	Ex
GAACCGCTCGCGATGC-1	Ex
GAACCGCTCTTAATCC-1	Ex
GAACCTAAGTAGTGTA-1	Ex
GAACCTAAGTGAGTGC-1	Ex
GAACCTAGTTACACTG-1	Ex
GAACCTAGTTCTTTCA-1	Ex
GAACCTAGTTTAGGAA-1	Ex
GAACCTATCAACTTGG-1	Ex
GAACGTTAGCAACGGT-1	Ex
GAACGTTCAGGGTACA-1	Ex
GAACGTTGTAGCTGTT-1	Ex
GAACGTTTCGGAAAGC-1	Ex
GAACTTGAGACAGCTG-1	Ex
GAACTTGAGATCTAAG-1	Ex
GAACTTGAGTCACGCC-1	Ex
GAACTTGGTGGTGGTA-1	Ex
GAACTTGGTTTGTGAC-1	Ex
GAACTTGTCAGTAGTC-1	Ex
GAACTTGTCCTAAGTG-1	Ex
GAAGAGCAGAAGAGTG-1	Ex
GAAGAGCAGATCGATA-1	Ex
GAAGAGCGTTTCACCC-1	Ex
GAAGAGCTCACTTACT-1	Ex
GAAGAGCTCTGGCTAA-1	Ex
GAAGTCTAGTACAACA-1	Ex
GAAGTCTAGTTCAAGA-1	Ex
GAAGTCTCAAACGACG-1	Ex
GAAGTCTCATTTGTTC-1	Ex
GAAGTCTGTAACATAG-1	Ex
GAAGTCTGTATTCTTC-1	Ex
GAAGTCTGTATTTGCG-1	Ex
GAAGTCTGTTAACCGT-1	Ex
GAAGTCTGTTAAGGGC-1	Ex
GAAGTGGAGCATACCT-1	Ex
GAAGTGGAGGGAAATG-1	Ex
GAAGTGGAGGGTTCTT-1	Ex
GAAGTGGAGTCAACTC-1	Ex
GAAGTGGCACATAAAG-1	Ex
GAAGTGGGTAGCAGGT-1	Ex
GAAGTGGGTCCGTAGC-1	Ex
GAAGTGGGTCTGGGAA-1	Ex
GAAGTGGGTGTTGGTT-1	Ex
GAAGTGGGTTACGCTA-1	Ex
GAAGTGGGTTACGGAG-1	Ex
GAAGTGGGTTCACGTA-1	Ex
GAAGTGGTCGAGAACG-1	Ex
GAAGTGGTCGAGTTAC-1	Ex
GAAGTGGTCGGAAAGC-1	Ex
GAAGTGGTCGGTTGTA-1	Ex
GAATCTGCAAACCCTA-1	Ex
GAATCTGCACAGTAGG-1	Ex
GAATCTGCACGGCCAT-1	Ex
GAATCTGCAGAACAGC-1	Ex
GAATCTGCAGTAAGCG-1	Ex
GAATCTGCAGTTCGGC-1	Ex
GAATCTGCATCGGCCA-1	Ex
GAATCTGCATGGTTTG-1	Ex
GAATCTGGTCCCTAAA-1	Ex
GAATCTGGTGTGTGCC-1	Ex
GAATCTGGTTGCCGCA-1	Ex
GAATCTGTCAGTGTAC-1	Ex
GAATCTGTCGGATAGG-1	Ex
GACCAATAGAAATACC-1	Ex
GACCAATAGAACTAAC-1	Ex
GACCAATAGAGAATTC-1	Ex
GACCAATAGTATACCC-1	Ex
GACCAATCAAGCCCTG-1	Ex
GACCAATCAGCAACGA-1	Ex
GACCAATGTCACTCTC-1	Ex
GACCAATGTGTAGGAC-1	Ex
GACCAATGTTTCGACA-1	Ex
GACCAATGTTTGTAGC-1	Ex
GACCAATTCGATAGTC-1	Ex
GACCCAGAGGCTTTAC-1	Ex
GACCCAGCAACTTGGT-1	Ex
GACCCAGCACCCTTTG-1	Ex
GACCCAGCAGGATAGC-1	Ex
GACCCAGGTCGCTAGC-1	Ex
GACCCAGGTTCCAGTA-1	Ex
GACCCAGTCTCGTAGA-1	Ex
GACCGACAGTCGAGCA-1	Ex
GACCGACGTGGTTCTA-1	Ex
GACCTTCAGCTGAGGT-1	Ex
GACCTTCAGGAATGGA-1	Ex
GACCTTCCAGACTAAA-1	Ex
GACCTTCGTGATGCTT-1	Ex
GACCTTCTCCAAGTCA-1	Ex
GACCTTCTCGATATGC-1	Ex
GACCTTCTCGTCCCAT-1	Ex
GACCTTCTCGTTCAGA-1	Ex
GACTAACAGCAACTGG-1	Ex
GACTAACCAAAGGAAG-1	Ex
GACTAACCACAGCTTA-1	Ex
GACTAACCACTGTAAC-1	Ex
GACTAACGTAGTACAA-1	Ex
GACTAACTCGGTGATT-1	Ex
GACTAACTCTATATCC-1	Ex
GACTAGTAGAACTCCT-1	Ex
GACTAGTAGTACCCAT-1	Ex
GACTAGTCATTTGTTC-1	Ex
GACTAGTGTAGATGAT-1	Ex
GAGAACGAGCGGACTA-1	Ex
GAGAACGAGGCTCCTG-1	Ex
GAGAACGAGGGTAGTC-1	Ex
GAGAACGAGGGTGTTG-1	Ex
GAGAACGCACTGCTCT-1	Ex
GAGAACGGTCTAAGAA-1	Ex
GAGAACGTCACGTCAA-1	Ex
GAGAACGTCGTATAGC-1	Ex
GAGAACGTCTTCACTA-1	Ex
GAGACTTAGAGCACTG-1	Ex
GAGACTTAGCAACTGG-1	Ex
GAGACTTAGGGTAATT-1	Ex
GAGACTTAGGTTGACG-1	Ex
GAGACTTAGTACAACA-1	Ex
GAGACTTAGTTGGAAT-1	Ex
GAGACTTCACGGCCAT-1	Ex
GAGACTTCAGTAAGCG-1	Ex
GAGACTTCATGGTTTG-1	Ex
GAGACTTGTACAAGCG-1	Ex
GAGACTTGTCGCTAGC-1	Ex
GAGACTTGTTACGAAA-1	Ex
GAGACTTTCCCTACCA-1	Ex
GAGACTTTCCTATCAT-1	Ex
GAGACTTTCGATTACG-1	Ex
GAGATTCAGCGTCAAG-1	Ex
GAGATTCAGTTCGCGC-1	Ex
GAGATTCCATAGAATG-1	Ex
GAGATTCGTAGGGTCA-1	Ex
GAGATTCGTCACTCTC-1	Ex
GAGATTCGTGTAGGAC-1	Ex
GAGATTCGTTTGTAGC-1	Ex
GAGCATTAGTTCCCGG-1	Ex
GAGCATTCAACTCGTA-1	Ex
GAGCATTCATCCATAG-1	Ex
GAGCATTCATGGTATC-1	Ex
GAGCATTGTGACAAGC-1	Ex
GAGCATTGTTCCTGTC-1	Ex
GAGCGCTAGAAGACTT-1	Ex
GAGCGCTAGACGACTG-1	Ex
GAGCGCTAGGTAGGCT-1	Ex
GAGCGCTCAGAGATGC-1	Ex
GAGCGCTGTATCCCTC-1	Ex
GAGCGCTGTTATCGAC-1	Ex
GAGCGCTTCCATTGAG-1	Ex
GAGGATGAGAAGGGCG-1	Ex
GAGGATGAGAGCTGTG-1	Ex
GAGGATGAGATGGCAC-1	Ex
GAGGATGAGGGACGTT-1	Ex
GAGGATGCACTGATTG-1	Ex
GAGGATGCATGATCGT-1	Ex
GAGGATGCATGGGACA-1	Ex
GAGGATGTCAGTCTTT-1	Ex
GAGGATGTCGGTCGAC-1	Ex
GAGGCTCAGAGGAATG-1	Ex
GAGGCTCAGCGGACAT-1	Ex
GAGGCTCAGGTCGTTT-1	Ex
GAGGCTCAGTGAACCG-1	Ex
GAGGCTCAGTGGTGTG-1	Ex
GAGGCTCCATAAAGTG-1	Ex
GAGGCTCGTCGAGGAT-1	Ex
GAGGCTCGTTTAGAAG-1	Ex
GAGGCTCTCACAACAC-1	Ex
GAGGCTCTCTGGAAGG-1	Ex
GAGGTCCCAAGATGCG-1	Ex
GAGGTCCGTACAAGCG-1	Ex
GAGGTCCGTGTGAGGT-1	Ex
GAGTGAGAGAGAACCC-1	Ex
GAGTGAGAGATGTTCC-1	Ex
GAGTGAGAGCAATAAC-1	Ex
GAGTGAGAGCCGCTGT-1	Ex
GAGTGAGAGCTGGAGT-1	Ex
GAGTGAGAGTACGCGA-1	Ex
GAGTGAGCAAAGAAGG-1	Ex
GAGTGAGCAAGTCTCA-1	Ex
GAGTGAGGTAGTCTGT-1	Ex
GAGTGAGGTATCTCAG-1	Ex
GAGTGAGGTGTAGGAC-1	Ex
GAGTGAGGTTAACCAC-1	Ex
GAGTGAGGTTCATTTC-1	Ex
GAGTGAGGTTTGTCTT-1	Ex
GAGTGAGTCAAATGGA-1	Ex
GAGTGAGTCGTTACAG-1	Ex
GATCATGCACTAAACC-1	Ex
GATCATGCATCCTCGT-1	Ex
GATCATGGTCCCGTGA-1	Ex
GATCATGGTCTCTAAG-1	Ex
GATCATGGTGGACGAT-1	Ex
GATCATGGTTTGCCAA-1	Ex
GATCGTAAGTCTGCTA-1	Ex
GATCGTACATTACCTT-1	Ex
GATCGTAGTAAACGAT-1	Ex
GATCGTAGTAACTCCA-1	Ex
GATGATCAGAAGCCTG-1	Ex
GATGATCAGAGTTCGG-1	Ex
GATGATCAGGGTCCCT-1	Ex
GATGATCGTATTCTCT-1	Ex
GATGATCGTTGCAGCC-1	Ex
GATGATCGTTGGCGAA-1	Ex
GATGATCTCCACGGCA-1	Ex
GATGATCTCGTGTGCG-1	Ex
GATGATCTCTAGTCGA-1	Ex
GATGATCTCTATTTCG-1	Ex
GATGGCCAGGGTATCG-1	Ex
GATGGCCAGTCTAGAA-1	Ex
GATGGCCGTAGCAGGT-1	Ex
GATGGCCGTCTAACCA-1	Ex
GATGGCCTCAACGTGT-1	Ex
GATGGCCTCCTCATTA-1	Ex
GATGGCCTCGGATAAA-1	Ex
GATTAGCAGCGTCTGC-1	Ex
GATTAGCAGTGCCCTG-1	Ex
GATTAGCAGTTTACGC-1	Ex
GATTAGCCATGATCGT-1	Ex
GATTGACGTAGGTCTT-1	Ex
GATTGACGTCATAGAA-1	Ex
GATTGACGTCATTGGT-1	Ex
GATTGACGTCCGTGCA-1	Ex
GATTGACTCACAAGCT-1	Ex
GATTGACTCTGACATG-1	Ex
GATTGACTCTTGTCGC-1	Ex
GCAAAGGAGCTACGCC-1	Ex
GCAAAGGAGTAGTGTA-1	Ex
GCAAAGGCAACGTACT-1	Ex
GCAAAGGCAAGCGGTA-1	Ex
GCAAAGGCACTCCCAT-1	Ex
GCAAAGGCAGGTCTGC-1	Ex
GCAAAGGCATCCTCGT-1	Ex
GCAAAGGGTACAACGG-1	Ex
GCAAAGGTCTGTTTAC-1	Ex
GCAACCGAGAACAGGA-1	Ex
GCAACCGAGACACGGT-1	Ex
GCAACCGAGGAGTCTG-1	Ex
GCAACCGAGTAGCAAT-1	Ex
GCAACCGCAGTCAGCC-1	Ex
GCAACCGGTAAGCCGA-1	Ex
GCAACCGGTGCTTACA-1	Ex
GCAACCGTCAGCCGAC-1	Ex
GCAACCGTCCGCCTAT-1	Ex
GCACCTTAGAGCGGTT-1	Ex
GCACCTTAGCAGGACT-1	Ex
GCACCTTAGCCTTTGA-1	Ex
GCACCTTAGCTAACAA-1	Ex
GCACCTTAGTGAGTGC-1	Ex
GCACCTTGTACAAATG-1	Ex
GCACCTTGTCCGCTTT-1	Ex
GCACCTTGTGTGAGGT-1	Ex
GCACCTTTCCAGAATC-1	Ex
GCACCTTTCCTTCGAC-1	Ex
GCACCTTTCTGACTTT-1	Ex
GCACCTTTCTTAACGG-1	Ex
GCACGCAAGTCGTGAG-1	Ex
GCACGCACAAGAGCGT-1	Ex
GCACGCAGTAACCATC-1	Ex
GCACGCAGTACGACCC-1	Ex
GCACGCAGTACGTATC-1	Ex
GCACGCAGTCTGGTCG-1	Ex
GCACGCATCATACTTC-1	Ex
GCACGGTAGTGTTCCA-1	Ex
GCACGGTCATCGTACA-1	Ex
GCACGGTCATGACTGT-1	Ex
GCACGGTGTGAGGTCA-1	Ex
GCACGGTTCCATGTTT-1	Ex
GCAGATTCAAGCGTCC-1	Ex
GCAGATTCACATATCG-1	Ex
GCAGATTCAGAAGTGC-1	Ex
GCAGATTCAGACCTGC-1	Ex
GCAGATTCAGCCACGT-1	Ex
GCAGATTCAGTGGTCC-1	Ex
GCAGATTGTCTGCGCA-1	Ex
GCAGATTGTGCTGTGC-1	Ex
GCAGCCAAGAACAGGA-1	Ex
GCAGCCAAGCATGTGG-1	Ex
GCAGCCACAAGGGTAC-1	Ex
GCAGCCACATTTGGTG-1	Ex
GCAGCTGAGCATTGGG-1	Ex
GCAGCTGAGGTAGGAA-1	Ex
GCAGCTGAGTTAGCGG-1	Ex
GCAGCTGCAAAGCTGG-1	Ex
GCAGCTGCATTTGGCA-1	Ex
GCAGCTGTCCTTGACC-1	Ex
GCAGCTGTCGCAGATT-1	Ex
GCAGCTGTCTCTATCA-1	Ex
GCATGATAGGTACACG-1	Ex
GCATGATAGGTCACTT-1	Ex
GCATGATCAACTTGGT-1	Ex
GCATGATGTATGTTCG-1	Ex
GCATTCCAGAGGAACA-1	Ex
GCATTCCCATTCACGA-1	Ex
GCATTCCTCAGGCGCT-1	Ex
GCATTCCTCCTTCGAC-1	Ex
GCATTCCTCGCACCTT-1	Ex
GCATTCCTCTACTTTG-1	Ex
GCATTCCTCTGATCCC-1	Ex
GCATTGACAAGAGATT-1	Ex
GCATTGACACATAAAG-1	Ex
GCATTGACAGAATGCG-1	Ex
GCATTGACATCGACGC-1	Ex
GCATTGAGTGACGCAA-1	Ex
GCCAGACAGACTAGGC-1	Ex
GCCAGACAGGATTTGA-1	Ex
GCCAGACCAAACCCTA-1	Ex
GCCAGACCAAAGGAAG-1	Ex
GCCAGACCACCATTCC-1	Ex
GCCAGACCACTGAAGG-1	Ex
GCCAGACGTAGCAGGT-1	Ex
GCCAGACGTTCTCGAA-1	Ex
GCCAGACTCAGAACGG-1	Ex
GCCAGACTCCGTTAGA-1	Ex
GCCAGACTCTCTGACC-1	Ex
GCCAGCAAGCGTATCT-1	Ex
GCCAGCACAAACCCTA-1	Ex
GCCAGCACAACGTCCG-1	Ex
GCCAGCAGTATCTCAG-1	Ex
GCCAGCAGTTTCTACT-1	Ex
GCCAGCATCAGGCCGT-1	Ex
GCCAGCATCCATCTAT-1	Ex
GCCAGCATCTTGCGCT-1	Ex
GCCATAAAGACTTGAA-1	Ex
GCCATAAAGAGAACCC-1	Ex
GCCATAACAAGAAACT-1	Ex
GCCATAACACCAAGGA-1	Ex
GCCATAACAGGTGTCC-1	Ex
GCCATAATCGAGGCTC-1	Ex
GCCATAATCGCTACCT-1	Ex
GCCATAATCTCTTCTC-1	Ex
GCCCAGAAGCCGCTGT-1	Ex
GCCCAGAAGTCTCTAG-1	Ex
GCCCAGACAAGCCCTG-1	Ex
GCCCAGACACAGAAGC-1	Ex
GCCCAGACAGGGTAAC-1	Ex
GCCCAGATCGGATAAA-1	Ex
GCCCAGATCGTCGCAG-1	Ex
GCCCGAAAGAGAGGTA-1	Ex
GCCCGAAAGATCTAAG-1	Ex
GCCCGAAAGCCCATTA-1	Ex
GCCCGAAAGCTCCGGT-1	Ex
GCCCGAAAGGTAGGCT-1	Ex
GCCCGAAAGGTGAACC-1	Ex
GCCCGAAAGTACCTCA-1	Ex
GCCCGAACAAACGACG-1	Ex
GCCCGAACAACGCAAG-1	Ex
GCCCGAACAATTGTGC-1	Ex
GCCCGAACACAGGTAG-1	Ex
GCCCGAACACTGTCGG-1	Ex
GCCCGAACAGAAGTGC-1	Ex
GCCCGAACAGCTTACA-1	Ex
GCCCGAACATAGATAG-1	Ex
GCCCGAACATCGACCG-1	Ex
GCCCGAATCCTTTGAT-1	Ex
GCCCGAATCGGGAAAC-1	Ex
GCCCGAATCTACATCT-1	Ex
GCCTACTAGGAGTCTG-1	Ex
GCCTACTAGGATTGCG-1	Ex
GCCTACTAGTTAGCGG-1	Ex
GCCTACTCAATGCACT-1	Ex
GCCTACTCACTCGGAC-1	Ex
GCCTACTCAGCAATGG-1	Ex
GCCTACTCATGTAGAA-1	Ex
GCCTACTTCAAACCAC-1	Ex
GCCTAGGAGAGGTGGG-1	Ex
GCCTAGGAGCGCAATG-1	Ex
GCCTAGGAGGTTACAA-1	Ex
GCCTAGGCAACTCAAC-1	Ex
GCCTAGGCACCGATCG-1	Ex
GCCTAGGCAGCAACGA-1	Ex
GCCTAGGGTTAAGGGC-1	Ex
GCCTAGGGTTACTACG-1	Ex
GCCTAGGTCCGCCTAT-1	Ex
GCCTAGGTCTACCCGT-1	Ex
GCCTAGGTCTGTTTAC-1	Ex
GCGAGAAAGAGGCAGG-1	Ex
GCGAGAAAGCTGCCAC-1	Ex
GCGAGAACAATCATCG-1	Ex
GCGAGAACAGTGCTCG-1	Ex
GCGAGAAGTAGGGTCA-1	Ex
GCGAGAAGTTTCCTAT-1	Ex
GCGAGAATCACTACCC-1	Ex
GCGAGAATCGTGGGTC-1	Ex
GCGAGTCAGAGGTACC-1	Ex
GCGAGTCAGATCACCT-1	Ex
GCGAGTCCACTCAGCG-1	Ex
GCGAGTCCACTGTTAG-1	Ex
GCGAGTCTCGAGGTAG-1	Ex
GCGATCGAGTCGAAAT-1	Ex
GCGATCGGTAGCAGGT-1	Ex
GCGATCGGTAGGGTTG-1	Ex
GCGATCGGTCCCGTGA-1	Ex
GCGATCGGTTGGACGA-1	Ex
GCGATCGTCCAACCTC-1	Ex
GCGATTAAGGCTAAAT-1	Ex
GCGATTAGTTGAATAG-1	Ex
GCGATTAGTTTGTACG-1	Ex
GCGATTATCAGCGGTC-1	Ex
GCGATTATCCCACTTG-1	Ex
GCGCATGAGTAACATG-1	Ex
GCGCATGAGTCTCTAG-1	Ex
GCGCATGCATTACCTT-1	Ex
GCGCATGTCACGTCAA-1	Ex
GCGCATGTCAGAACGG-1	Ex
GCGCATGTCTACTTTG-1	Ex
GCGCCAAAGCTACGCC-1	Ex
GCGCCAAAGTTGCGCC-1	Ex
GCGCCAACACCATTCC-1	Ex
GCGCCAAGTACCCACG-1	Ex
GCGCCAAGTGGACCAA-1	Ex
GCGCCAATCCATTGAG-1	Ex
GCGCCAATCCGAGGAA-1	Ex
GCGGAAAAGCTTTCCC-1	Ex
GCGGAAAAGGATTAAC-1	Ex
GCGGAAAGTAACTCCA-1	Ex
GCGGAAAGTACTATGC-1	Ex
GCGGAAAGTGCTAGTT-1	Ex
GCGGAAAGTTTCGTTT-1	Ex
GCGGAAATCGCGCCAA-1	Ex
GCGGGTTAGTATCTGC-1	Ex
GCGGGTTAGTCAACTC-1	Ex
GCGGGTTAGTTCCCGG-1	Ex
GCGGGTTCAACGGGTA-1	Ex
GCGGGTTCAAGTTGCT-1	Ex
GCGGGTTCACTCAAGT-1	Ex
GCGGGTTGTTAGTAGA-1	Ex
GCGGGTTTCAAACCAC-1	Ex
GCGGGTTTCGTTACAG-1	Ex
GCGGGTTTCTCGACCT-1	Ex
GCGGTGTAGCAGAGCT-1	Ex
GCGGTGTAGTGTCGCC-1	Ex
GCGGTGTCAAGAGATT-1	Ex
GCGGTGTCACCTACCT-1	Ex
GCGGTGTGTCAACTAC-1	Ex
GCGGTGTGTGAGCTAG-1	Ex
GCGGTGTGTTGCAGAG-1	Ex
GCGGTGTTCATCGCCT-1	Ex
GCGGTGTTCCTGTGGG-1	Ex
GCGGTGTTCTACATCT-1	Ex
GCGTAGCCAAGCGACA-1	Ex
GCGTAGCCACTGTCGG-1	Ex
GCGTAGCCATACCCGG-1	Ex
GCGTAGCCATCCTGGG-1	Ex
GCGTAGCGTAAACGGC-1	Ex
GCGTAGCGTAGATGAT-1	Ex
GCGTAGCGTCAACTAC-1	Ex
GCGTTGGAGCTCGGCT-1	Ex
GCGTTGGAGCTTTCCC-1	Ex
GCGTTGGAGGCGCTTC-1	Ex
GCGTTGGCAAATGTCC-1	Ex
GCGTTGGCATAGTCCA-1	Ex
GCGTTGGGTAACCCAT-1	Ex
GCTCACTAGAGAGGTA-1	Ex
GCTCACTAGATCTAAG-1	Ex
GCTCACTAGGCCTCTG-1	Ex
GCTCACTAGGTAGGCT-1	Ex
GCTCACTGTAACGGTG-1	Ex
GCTCACTGTGGATTTC-1	Ex
GCTCACTGTTCACGTA-1	Ex
GCTCACTTCTTCAGAG-1	Ex
GCTCAGGAGCGGACTA-1	Ex
GCTCAGGCACCTGAAT-1	Ex
GCTCAGGCAGTGCTCG-1	Ex
GCTCAGGCATGGGACA-1	Ex
GCTCAGGGTAGTTTGC-1	Ex
GCTCAGGTCTCGCGGA-1	Ex
GCTCAGGTCTGTGTCC-1	Ex
GCTCCTAAGTACGCGA-1	Ex
GCTCCTAAGTCAACTC-1	Ex
GCTCCTACAATGCATC-1	Ex
GCTCCTACACTGGGCT-1	Ex
GCTCCTACAGTAGTCT-1	Ex
GCTCCTAGTAGGTAAT-1	Ex
GCTCCTAGTCGTAGTT-1	Ex
GCTCCTAGTGAATCGG-1	Ex
GCTCCTATCCCGTATC-1	Ex
GCTCGAGAGGTCGTTT-1	Ex
GCTCGAGCAATTCTCT-1	Ex
GCTCGAGCACCTGTGG-1	Ex
GCTCGAGGTACGGTTT-1	Ex
GCTCGAGGTGCTAGTT-1	Ex
GCTCGAGGTGGATTCT-1	Ex
GCTCGAGGTGTAGGAC-1	Ex
GCTCGAGGTTAGGAAT-1	Ex
GCTCGAGGTTTCAGCA-1	Ex
GCTGAGCAGTAGCAAT-1	Ex
GCTGAGCAGTGAGCAC-1	Ex
GCTGAGCGTAAGTGCG-1	Ex
GCTGAGCGTTAACTCG-1	Ex
GCTGAGCGTTCTGATG-1	Ex
GCTGAGCGTTGGGAAC-1	Ex
GCTGCGAAGAAGAGTG-1	Ex
GCTGCGAAGACACTTC-1	Ex
GCTGCGAAGAGCCACA-1	Ex
GCTGCGAAGGAGTCTG-1	Ex
GCTGCGAAGTGAAGGA-1	Ex
GCTGCGACAGAAGTGC-1	Ex
GCTGCGACAGCACATT-1	Ex
GCTGCGAGTAGCCATT-1	Ex
GCTGCGAGTCTGAGCC-1	Ex
GCTGCGAGTGTACGCC-1	Ex
GCTGCGAGTTAACTCG-1	Ex
GCTGCGAGTTGGGAAC-1	Ex
GCTGTTCAGGGTAGTC-1	Ex
GCTGTTCAGTACGACG-1	Ex
GCTGTTCCAAACGTTC-1	Ex
GCTGTTCCAATAGTGA-1	Ex
GCTGTTCCATGGTATC-1	Ex
GCTTAAGAGGCCAGTA-1	Ex
GCTTAAGGTAGACACG-1	Ex
GCTTAAGGTAGTCTGT-1	Ex
GCTTAAGGTCAGTGTT-1	Ex
GCTTAAGGTTGTATCG-1	Ex
GCTTGCTAGACCGCAA-1	Ex
GCTTGCTCATCAGAAA-1	Ex
GCTTGCTCATTCACGA-1	Ex
GCTTGCTTCCATCGAA-1	Ex
GCTTGCTTCGGTCGAC-1	Ex
GCTTTCGAGAACTCCT-1	Ex
GCTTTCGAGACACTTC-1	Ex
GCTTTCGCATCGCTAA-1	Ex
GGAACCCAGTCGTGAG-1	Ex
GGAACCCCACACACCG-1	Ex
GGAACCCCACTGGGCT-1	Ex
GGAACCCGTCATCGTA-1	Ex
GGAACCCTCCAGGGAA-1	Ex
GGAACTTAGAGAGGTA-1	Ex
GGAACTTAGATCTAAG-1	Ex
GGAACTTAGCCCATTA-1	Ex
GGAACTTAGCTCCGGT-1	Ex
GGAACTTAGGCCTCTG-1	Ex
GGAACTTAGTACCTCA-1	Ex
GGAACTTCAACTCGTA-1	Ex
GGAACTTCACACATGT-1	Ex
GGAACTTCACCCTTTG-1	Ex
GGAACTTCATCGACGC-1	Ex
GGAACTTGTCTAACCA-1	Ex
GGAACTTTCAATTCCT-1	Ex
GGAACTTTCCGTACGG-1	Ex
GGAATCTAGAACCCGA-1	Ex
GGAATCTAGTCCGGAA-1	Ex
GGAATCTAGTGAGTTA-1	Ex
GGAATCTAGTGGTGTG-1	Ex
GGAATCTCAACGTCCG-1	Ex
GGAATCTCAAGGAGGG-1	Ex
GGAATCTGTAACGGAC-1	Ex
GGAATCTGTAATGTGA-1	Ex
GGAATCTGTCACAGTT-1	Ex
GGAATCTGTCAGTGTT-1	Ex
GGAATCTGTTCAGTAC-1	Ex
GGAATCTTCGCATAAC-1	Ex
GGACACCAGGCAAGCT-1	Ex
GGACACCCACGGTTAT-1	Ex
GGACACCGTCATAGAA-1	Ex
GGACACCGTCGTAGTT-1	Ex
GGACACCGTGGCGCTT-1	Ex
GGACACCGTTCTACCC-1	Ex
GGACACCTCACAGGGA-1	Ex
GGACACCTCCTAGAGT-1	Ex
GGACACCTCGACCCGA-1	Ex
GGAGAACAGGGTTCCC-1	Ex
GGAGAACAGTAGACCG-1	Ex
GGAGAACCAGAGAGAA-1	Ex
GGAGAACCAGAGCCAA-1	Ex
GGAGAACCAGGTAGCA-1	Ex
GGAGGATAGCGTTGCC-1	Ex
GGAGGATCAAAGAAGG-1	Ex
GGAGGATCAAATAGTG-1	Ex
GGAGGATCAGCTTACA-1	Ex
GGAGGATGTGAGTCGA-1	Ex
GGAGGATTCCTCCCAA-1	Ex
GGAGGATTCGCATAAC-1	Ex
GGAGGATTCGTTGTAG-1	Ex
GGAGGATTCTCCAACC-1	Ex
GGAGTAGAGTCATACC-1	Ex
GGAGTAGCAACGGACA-1	Ex
GGAGTAGCACGTTACA-1	Ex
GGAGTAGCAGACTAAA-1	Ex
GGAGTAGCAGGATAGC-1	Ex
GGAGTAGCAGGTGGTA-1	Ex
GGAGTAGGTACGCAAG-1	Ex
GGAGTAGGTATGTTCG-1	Ex
GGAGTAGGTCTGGTCG-1	Ex
GGATAGGAGAACGCCA-1	Ex
GGATAGGCAACTTGGT-1	Ex
GGATAGGTCCTGTGGG-1	Ex
GGATAGGTCTCGTAGA-1	Ex
GGATAGGTCTTTATCG-1	Ex
GGATGAGGTATGGGTG-1	Ex
GGATGAGTCGAGTTAC-1	Ex
GGATGAGTCGCGCTGA-1	Ex
GGATGAGTCGCTAGTA-1	Ex
GGATGAGTCTGCTACC-1	Ex
GGCACGTAGTCGGGAT-1	Ex
GGCACGTCAACCTCCT-1	Ex
GGCACGTCAACTCAAC-1	Ex
GGCACGTGTAGGTCTT-1	Ex
GGCACGTGTCACTCTC-1	Ex
GGCACGTGTGCTTACA-1	Ex
GGCACGTGTTATCGAC-1	Ex
GGCACGTGTTCCGCGA-1	Ex
GGCACGTTCAACGTGT-1	Ex
GGCACGTTCGGTTCCT-1	Ex
GGCATTAAGAGGAATG-1	Ex
GGCATTAAGGCTTCGC-1	Ex
GGCATTAAGGGTCTGA-1	Ex
GGCATTAAGGTGAACC-1	Ex
GGCATTACACGAACGA-1	Ex
GGCATTACATAAAGTG-1	Ex
GGCATTAGTAGAAAGG-1	Ex
GGCATTAGTCAGCAAG-1	Ex
GGCATTAGTTACGAAA-1	Ex
GGCATTATCAATGCAC-1	Ex
GGCATTATCGCGTTCT-1	Ex
GGCGAAAAGACTCGGA-1	Ex
GGCGAAAAGATGGCAC-1	Ex
GGCGAAAAGGTAGGAA-1	Ex
GGCGAAACAAGAGCGT-1	Ex
GGCGAAACACGATTAC-1	Ex
GGCGAAACATATTGGC-1	Ex
GGCGAAACATTGCCTC-1	Ex
GGCGAAAGTAAAGGCC-1	Ex
GGCGAAAGTGTGTGCC-1	Ex
GGCGAAATCCCAATGA-1	Ex
GGCGAAATCCCGCAAG-1	Ex
GGCGTTGAGGTTGACG-1	Ex
GGCGTTGAGTCATCTG-1	Ex
GGCGTTGCACGACGAA-1	Ex
GGCGTTGCACTCCTCA-1	Ex
GGCGTTGGTGGAAGCT-1	Ex
GGCGTTGGTTCATTTC-1	Ex
GGGAACAAGAAATCTG-1	Ex
GGGAACAAGAACCCGA-1	Ex
GGGAACACACCTCGTT-1	Ex
GGGAACACAGATTAAG-1	Ex
GGGAACACAGTGCGAA-1	Ex
GGGAACAGTGCCCAGT-1	Ex
GGGAACAGTGGACTGA-1	Ex
GGGAACATCGGATAGG-1	Ex
GGGAACATCTACTTTG-1	Ex
GGGAACATCTGCGTCT-1	Ex
GGGACCTAGTCCAGAG-1	Ex
GGGACCTCATATTGGC-1	Ex
GGGACCTCATTGCGAT-1	Ex
GGGACCTGTCTAAGAA-1	Ex
GGGACCTGTGCTGTGC-1	Ex
GGGACCTTCCCTACGT-1	Ex
GGGACCTTCCTCCATG-1	Ex
GGGCCATAGCAAGGTC-1	Ex
GGGCCATAGGCCTCTG-1	Ex
GGGCCATAGTCCCTCT-1	Ex
GGGCCATCAAACGACG-1	Ex
GGGCCATCAACTAGAA-1	Ex
GGGCCATCACAAGTGG-1	Ex
GGGCCATCAGTAGTCT-1	Ex
GGGCCATCATCGACCG-1	Ex
GGGCCATGTCGCTAGC-1	Ex
GGGCCATGTGAGTTGG-1	Ex
GGGCCATGTGCATCAT-1	Ex
GGGCCATGTGTTAGAA-1	Ex
GGGCCATTCTACTGCC-1	Ex
GGGTCTGAGTAGTCGG-1	Ex
GGGTCTGCAGATTGTC-1	Ex
GGGTCTGGTCTGTTGA-1	Ex
GGGTCTGTCGGTTAGT-1	Ex
GGGTCTGTCTGCGTCT-1	Ex
GGGTGTCAGAGATTAC-1	Ex
GGGTGTCAGGGAAGCG-1	Ex
GGGTGTCCAACGCACC-1	Ex
GGGTGTCCAGAATGCG-1	Ex
GGGTGTCGTCGAGAAC-1	Ex
GGGTGTCGTTTGTACG-1	Ex
GGGTGTCTCAGTTGAC-1	Ex
GGGTTATAGCCTCGCA-1	Ex
GGGTTATGTACTTGAC-1	Ex
GGGTTATGTCGTCGCA-1	Ex
GGGTTATGTGCTGTCG-1	Ex
GGGTTATTCGAGTTAC-1	Ex
GGTACCGAGGGTTCCC-1	Ex
GGTACCGGTACGTAGG-1	Ex
GGTACCGTCCGTGCAG-1	Ex
GGTACCGTCGGTCGAC-1	Ex
GGTACCGTCGGTTCCT-1	Ex
GGTACCGTCTCTTCCT-1	Ex
GGTAGGAAGTTGAATG-1	Ex
GGTAGGACAAAGGCCA-1	Ex
GGTAGGACAAGTCTGT-1	Ex
GGTAGGACACAGTAGG-1	Ex
GGTAGGACACGCTGTG-1	Ex
GGTAGGAGTCCACCAG-1	Ex
GGTAGGAGTTACGAAA-1	Ex
GGTAGGATCCGCGATG-1	Ex
GGTAGGATCTCTTAAC-1	Ex
GGTCATAAGATCTAAG-1	Ex
GGTCATAGTAGAAAGG-1	Ex
GGTCATAGTCACATTG-1	Ex
GGTCATATCACTCGGG-1	Ex
GGTCATATCGGGACAA-1	Ex
GGTGAAGAGAATGCTA-1	Ex
GGTGAAGAGTTAGCGG-1	Ex
GGTGAAGCACACACAT-1	Ex
GGTGAAGCACGCGACT-1	Ex
GGTGAAGCAGGATGTG-1	Ex
GGTGAAGGTGCCCTAG-1	Ex
GGTGAAGTCCCACTTG-1	Ex
GGTGAAGTCCTGAAAC-1	Ex
GGTGAAGTCGCGCCAA-1	Ex
GGTGAAGTCGCTACCT-1	Ex
GGTGCTGAGATCCGAG-1	Ex
GGTGCTGAGCGAGCTA-1	Ex
GGTGCTGAGTGATTAG-1	Ex
GGTGCTGCAACAACTC-1	Ex
GGTGCTGCATATTGGC-1	Ex
GGTGTCGAGAGGTCCA-1	Ex
GGTGTCGAGCGTAGCA-1	Ex
GGTGTCGCACGCGTTG-1	Ex
GGTGTCGGTATTCTGG-1	Ex
GGTGTCGGTGCCAAGA-1	Ex
GGTGTCGTCTGATCCC-1	Ex
GGTTGCGAGCAATGTA-1	Ex
GGTTGCGCAACTGCGC-1	Ex
GGTTGCGGTCATGAGG-1	Ex
GGTTGCGGTGCTGTGC-1	Ex
GGTTGCGGTTACTACG-1	Ex
GTAATCGAGGATATCA-1	Ex
GTAATCGCAATAGTGA-1	Ex
GTAATCGCACATGATC-1	Ex
GTAATCGCAGATTGTC-1	Ex
GTAATCGGTAGTCCAT-1	Ex
GTAATCGGTATTCGCA-1	Ex
GTAATCGGTCAAATCC-1	Ex
GTAATCGTCTTCCGTG-1	Ex
GTACTTTAGCCTTTGA-1	Ex
GTACTTTAGTGAGTTA-1	Ex
GTACTTTCACTCCCAT-1	Ex
GTACTTTGTCTGGATT-1	Ex
GTACTTTGTTACTACG-1	Ex
GTACTTTTCCTTACGC-1	Ex
GTACTTTTCGCCAGAC-1	Ex
GTAGACTAGCTCGTTA-1	Ex
GTAGACTAGGGCGAAG-1	Ex
GTAGACTAGTAACTCC-1	Ex
GTAGACTCACAGCTTA-1	Ex
GTAGACTCACGAACGA-1	Ex
GTAGACTCATAGAATG-1	Ex
GTAGACTCATCATGTG-1	Ex
GTAGACTGTCGAGGAT-1	Ex
GTAGACTGTGCCCGAT-1	Ex
GTAGACTGTTTCTACT-1	Ex
GTAGACTTCGGTCTAA-1	Ex
GTAGGAGAGTACCCAT-1	Ex
GTAGGAGCAAGCACTT-1	Ex
GTAGGAGCAAGCGAAC-1	Ex
GTAGGAGCAGAACGAC-1	Ex
GTAGGAGCATCTCTCG-1	Ex
GTAGGAGGTCTCTGGG-1	Ex
GTAGTACAGGATTGAT-1	Ex
GTAGTACAGTCCAGAG-1	Ex
GTAGTACGTACCTATG-1	Ex
GTAGTACGTCACATTG-1	Ex
GTAGTACGTCTCAAAC-1	Ex
GTAGTACGTTAGTAGA-1	Ex
GTAGTACGTTTAGAAG-1	Ex
GTAGTACTCAAATGGA-1	Ex
GTAGTACTCACTTACT-1	Ex
GTAGTACTCGCTATTT-1	Ex
GTAGTACTCGGAGTTT-1	Ex
GTAGTACTCTATAGGC-1	Ex
GTCACAAAGCTCGTTA-1	Ex
GTCACAAAGGATATCA-1	Ex
GTCACAAAGTCCAGAG-1	Ex
GTCACAAAGTGGTGTG-1	Ex
GTCACAACAGATAAGT-1	Ex
GTCACAAGTCGCTACG-1	Ex
GTCACAATCCACCTAC-1	Ex
GTCACCTAGAGGTACC-1	Ex
GTCACCTAGCCTCGCA-1	Ex
GTCACCTAGTGGTGTG-1	Ex
GTCACCTAGTTGTCCA-1	Ex
GTCACCTCAAGCACTT-1	Ex
GTCACCTGTTGGGAAC-1	Ex
GTCACCTTCGCTGATA-1	Ex
GTCACCTTCTCCTTAA-1	Ex
GTCACGGAGAGGCCTA-1	Ex
GTCACGGAGGTACTCT-1	Ex
GTCACGGAGTACGACG-1	Ex
GTCACGGGTCCTCAGG-1	Ex
GTCACGGGTGCGTCCA-1	Ex
GTCACGGGTGGAAAGA-1	Ex
GTCACGGGTTCAGAAA-1	Ex
GTCACGGGTTTCTACT-1	Ex
GTCACTCAGAACCATA-1	Ex
GTCACTCAGGATGTAT-1	Ex
GTCACTCAGTTCCCGG-1	Ex
GTCACTCAGTTGACAA-1	Ex
GTCACTCCACTCCTCA-1	Ex
GTCACTCCATCGCTAA-1	Ex
GTCACTCGTAACGGCA-1	Ex
GTCACTCGTACTTCGA-1	Ex
GTCACTCGTTTCTACT-1	Ex
GTCACTCTCCTTTGCG-1	Ex
GTCCATCAGCCGCTGT-1	Ex
GTCCATCAGCTGCTCG-1	Ex
GTCCATCAGTTCTCCC-1	Ex
GTCCATCCATCCATAG-1	Ex
GTCCATCCATCCTGGG-1	Ex
GTCCATCCATCGAGTT-1	Ex
GTCCATCCATGCTATG-1	Ex
GTCCATCGTATGAAGT-1	Ex
GTCCATCGTATGTCCA-1	Ex
GTCCATCGTCACCCGA-1	Ex
GTCCATCGTGGCATAG-1	Ex
GTCCATCTCATTGCCC-1	Ex
GTCCATCTCCCAGCAG-1	Ex
GTCCATCTCCGGCTGA-1	Ex
GTCCATCTCGGGAAAC-1	Ex
GTCCATCTCGTTCAGA-1	Ex
GTCCATCTCGTTTGAG-1	Ex
GTCCATCTCTTCCGTG-1	Ex
GTCGTAACACTCGTGG-1	Ex
GTCGTAACAGAGTCGA-1	Ex
GTCGTAAGTTTAGACC-1	Ex
GTCGTAATCACTCGTC-1	Ex
GTCGTAATCCGAATTG-1	Ex
GTCGTAATCCTCCAGT-1	Ex
GTCTACCAGGGTAATT-1	Ex
GTCTACCAGTTGGAAT-1	Ex
GTCTACCCAGTTGCAT-1	Ex
GTCTACCGTACCAAGG-1	Ex
GTCTACCGTCAGAGTG-1	Ex
GTCTACCGTCCCTTTG-1	Ex
GTCTACCGTCCGGTAC-1	Ex
GTCTACCGTTATAGAG-1	Ex
GTCTACCTCGAGGTCC-1	Ex
GTCTACCTCGATAGTC-1	Ex
GTCTACCTCTCTATCA-1	Ex
GTGACATAGAGTTCGG-1	Ex
GTGACATCAGGTAGGT-1	Ex
GTGACATCATTCACCC-1	Ex
GTGACATGTATACGCT-1	Ex
GTGACATGTTATGCAC-1	Ex
GTGACATTCCCACGGA-1	Ex
GTGATCAAGGATGTCG-1	Ex
GTGATCAAGTTCTCCC-1	Ex
GTGATCAGTAACTCCA-1	Ex
GTGATCATCGGTACTA-1	Ex
GTGCACGAGAGTGGTC-1	Ex
GTGCACGCAAGAGCGT-1	Ex
GTGCACGCAGGACCTC-1	Ex
GTGCACGGTCCTATTT-1	Ex
GTGCACGGTTACGAAA-1	Ex
GTGCCAGCAGTTAAAG-1	Ex
GTGCCAGGTAACTGAA-1	Ex
GTGCCAGGTATCTAGC-1	Ex
GTGCCAGGTCAACTGT-1	Ex
GTGCCAGGTCTGGGCT-1	Ex
GTGCCAGTCGATAGTC-1	Ex
GTGCCAGTCTTCATAC-1	Ex
GTGCTGGAGCCGCAAA-1	Ex
GTGCTGGCACTGTCAA-1	Ex
GTGCTGGCAGAAAGAG-1	Ex
GTGCTGGCATGCCCTT-1	Ex
GTGCTGGGTACGACCC-1	Ex
GTGCTGGGTCCGTCGA-1	Ex
GTGCTGGGTCGATAGG-1	Ex
GTGCTGGTCACGATTG-1	Ex
GTGCTGGTCACTACCC-1	Ex
GTGCTGGTCAGGCGCT-1	Ex
GTGGATTCAACGACAG-1	Ex
GTGGATTCACACTAGT-1	Ex
GTGGATTGTAACCATC-1	Ex
GTGGATTGTAAGTGCG-1	Ex
GTGGATTGTATCACAC-1	Ex
GTGGATTGTCCTATTT-1	Ex
GTGGATTTCCATACCC-1	Ex
GTGGATTTCCGGCTGA-1	Ex
GTGGATTTCCTTACGC-1	Ex
GTGGATTTCTTCCAGC-1	Ex
GTGGCGTAGTATACCC-1	Ex
GTGGCGTCACTGGGCT-1	Ex
GTGGCGTGTACCCACG-1	Ex
GTGGCGTGTCCCTTTG-1	Ex
GTGGCGTTCAGCCGGT-1	Ex
GTGGCGTTCCAACAAC-1	Ex
GTGGCGTTCGATCGCG-1	Ex
GTGTCAAAGATTACGA-1	Ex
GTGTCAAAGCTACGCC-1	Ex
GTGTCAAAGCTTTCCC-1	Ex
GTGTCAAAGGACTAGC-1	Ex
GTGTCAAAGTGTGTAA-1	Ex
GTGTCCTAGAGCGGTT-1	Ex
GTGTCCTCAAATTGAG-1	Ex
GTGTCCTCAGATAAGT-1	Ex
GTGTCCTCAGGGCTTC-1	Ex
GTGTCCTGTCACATTG-1	Ex
GTGTCCTTCAGTTGAC-1	Ex
GTGTCCTTCCTCTCTT-1	Ex
GTGTCCTTCTCGCGGA-1	Ex
GTGTGATAGTCGTACT-1	Ex
GTGTGATCAGTAGTTC-1	Ex
GTGTGATGTCCGTAGC-1	Ex
GTGTGATGTGTCCTTC-1	Ex
GTGTGATTCACAACAC-1	Ex
GTGTGATTCCAAGAGG-1	Ex
GTTACGAAGGCGACTA-1	Ex
GTTACGAGTACGGATG-1	Ex
GTTACGAGTAGTACAA-1	Ex
GTTACGAGTCCACCAG-1	Ex
GTTACGAGTGAGAGTC-1	Ex
GTTACGATCGATAGGG-1	Ex
GTTACGATCTGGCACG-1	Ex
GTTACTTAGCGTCAAG-1	Ex
GTTACTTCAATGGCTT-1	Ex
GTTACTTCATAGCCGC-1	Ex
GTTACTTGTAATGCCT-1	Ex
GTTACTTGTCAGACGA-1	Ex
GTTACTTGTCGAGGAT-1	Ex
GTTACTTGTGAGGGTT-1	Ex
GTTACTTGTGAGGTCA-1	Ex
GTTACTTGTTGGAGGT-1	Ex
GTTACTTGTTTAGAAG-1	Ex
GTTACTTTCTCGCGTT-1	Ex
GTTACTTTCTGACATG-1	Ex
GTTATGGAGGAGTCTG-1	Ex
GTTATGGAGTCTGCTA-1	Ex
GTTATGGCACTCGCAG-1	Ex
GTTATGGGTACGGATG-1	Ex
GTTATGGGTTTGCCCT-1	Ex
GTTATGGTCAGCCGAC-1	Ex
GTTATGGTCCAAACCA-1	Ex
GTTATGGTCCTATCCG-1	Ex
GTTATGGTCTCAGATG-1	Ex
GTTATGGTCTTAACGG-1	Ex
GTTATTCAGTAGAAGG-1	Ex
GTTATTCCACTGATAC-1	Ex
GTTATTCCAGAACTTC-1	Ex
GTTATTCCAGGAGCAT-1	Ex
GTTATTCCAGGATAGC-1	Ex
GTTATTCGTCTGGTCG-1	Ex
GTTATTCTCGCGCTGA-1	Ex
GTTCAAGAGCAGAATT-1	Ex
GTTCAAGAGGCTCCTG-1	Ex
GTTCAAGCAAGGAAGA-1	Ex
GTTCAAGCACCAAGGA-1	Ex
GTTCAAGCATACTGCA-1	Ex
GTTCAAGGTGATAAGT-1	Ex
GTTCAAGGTTAACTCG-1	Ex
GTTCAAGGTTCTGATG-1	Ex
GTTCAAGGTTGGGAAC-1	Ex
GTTCAAGTCAGGTTTG-1	Ex
GTTCAAGTCTATCTAC-1	Ex
GTTCAAGTCTGCGTCT-1	Ex
GTTCAAGTCTGGCGCA-1	Ex
GTTGGGCCAAACCGAG-1	Ex
GTTGGGCGTCCTATTT-1	Ex
GTTGGGCGTTGTGAGG-1	Ex
GTTGGTAAGACGAAAG-1	Ex
GTTGGTAAGGGAAGCG-1	Ex
GTTGGTAAGTCAGCCC-1	Ex
GTTGGTAAGTCATACC-1	Ex
GTTGGTAAGTGGACGT-1	Ex
GTTGGTACAAACTACC-1	Ex
GTTGGTACACAAGGGT-1	Ex
GTTGGTACACCGAAAG-1	Ex
GTTGGTACAGGCAAGT-1	Ex
GTTGGTACATCCATAG-1	Ex
GTTGGTACATCCGTGG-1	Ex
GTTGGTACATGCCCTT-1	Ex
GTTGGTAGTTACGGAG-1	Ex
GTTGGTATCACTAGCA-1	Ex
GTTGGTATCTAGCAAC-1	Ex
GTTGGTATCTGAACGT-1	Ex
TAAACCGAGAAATGGG-1	Ex
TAAACCGAGACGTCAG-1	Ex
TAAACCGAGGCAAGGG-1	Ex
TAAACCGCAGAGAGAA-1	Ex
TAAACCGCATAGCCGC-1	Ex
TAAACCGCATCGCCTT-1	Ex
TAAACCGCATTGCGAT-1	Ex
TAAACCGGTCAGCAAG-1	Ex
TAAACCGGTCGTCGCA-1	Ex
TAAACCGGTGCTGTCG-1	Ex
TAAACCGGTTCTCGAA-1	Ex
TAAACCGTCAAATGGA-1	Ex
TAAACCGTCAATTCCT-1	Ex
TAAACCGTCACCCTTG-1	Ex
TAAACCGTCAGGATCT-1	Ex
TAAACCGTCCACACCT-1	Ex
TAAACCGTCGCATAAC-1	Ex
TAAACCGTCTATTTCG-1	Ex
TAACAGCAGAACGACC-1	Ex
TAACAGCAGGCACCTC-1	Ex
TAACAGCAGTACCTCA-1	Ex
TAACAGCCACAACGGA-1	Ex
TAACAGCCACGCGACT-1	Ex
TAACAGCCACGGTTAT-1	Ex
TAACAGCCATACCCGG-1	Ex
TAACAGCCATGTCCCT-1	Ex
TAACAGCGTAGGTGAC-1	Ex
TAACAGCGTGTTGTTG-1	Ex
TAACGGTAGCGCACAA-1	Ex
TAACGGTCACCCTTAC-1	Ex
TAACGGTCATACAACC-1	Ex
TAACGGTCATCCTGGG-1	Ex
TAACGGTCATCGAGTT-1	Ex
TAACGGTCATGCTATG-1	Ex
TAACGGTGTATACGCT-1	Ex
TAACGGTGTCGCTAGC-1	Ex
TAACGGTTCATTGCCC-1	Ex
TAACGGTTCCCAGCAG-1	Ex
TAACGGTTCTTCCGTG-1	Ex
TAACTTCCAAAGGAAG-1	Ex
TAACTTCCAACCTCCT-1	Ex
TAACTTCGTCCAACCG-1	Ex
TAACTTCGTTCCCGGA-1	Ex
TAACTTCTCCATACCC-1	Ex
TAAGCCAAGTGAGCAC-1	Ex
TAAGCCACACAGGTAG-1	Ex
TAAGCCACAGTAAGCG-1	Ex
TAAGCCAGTCGATAGG-1	Ex
TAAGCCAGTGCGCATC-1	Ex
TAAGCCATCTTAAGCG-1	Ex
TAAGTGCAGAACGTCG-1	Ex
TAAGTGCAGAGATTAC-1	Ex
TAAGTGCAGGAATGGA-1	Ex
TAAGTGCCATCTCTCG-1	Ex
TAAGTGCGTCTGCACG-1	Ex
TAAGTGCGTTCAGAAA-1	Ex
TAAGTGCTCTGTTTAC-1	Ex
TAATCGGAGAGAGGTA-1	Ex
TAATCGGAGATCTAAG-1	Ex
TAATCGGAGGCCTCTG-1	Ex
TAATCGGCACACACCG-1	Ex
TAATCGGCACCACCAG-1	Ex
TAATCGGCAGGCACAA-1	Ex
TAATCGGCAGGTCTGC-1	Ex
TAATCGGCATATTGGC-1	Ex
TAATCGGCATCGTGAT-1	Ex
TAATCGGGTTACGGAG-1	Ex
TAATCGGGTTTGTACG-1	Ex
TAATCGGTCAGTCACA-1	Ex
TAATCGGTCCCACTTG-1	Ex
TAATTCCAGGCAAGGG-1	Ex
TAATTCCCAGTAACTC-1	Ex
TAATTCCGTTGGACGA-1	Ex
TAATTCCTCAAGTTGC-1	Ex
TAATTCCTCACCCTTG-1	Ex
TAATTCCTCCTCCTGA-1	Ex
TAATTCCTCGCTGATA-1	Ex
TAATTCCTCGTGGGTC-1	Ex
TAATTCCTCTATGAGC-1	Ex
TACAGCAAGTAGTGTA-1	Ex
TACAGCAGTAGATGAT-1	Ex
TACAGCATCTGTTTAC-1	Ex
TACATGGAGGATTGAT-1	Ex
TACATGGGTCTGGGCT-1	Ex
TACATTCAGGATTTGA-1	Ex
TACATTCAGTAGTCGG-1	Ex
TACATTCAGTCCCTCT-1	Ex
TACATTCAGTTAGCGG-1	Ex
TACATTCCATTGTGAC-1	Ex
TACATTCCATTGTTCT-1	Ex
TACATTCGTGAAACAT-1	Ex
TACATTCGTGGTACTT-1	Ex
TACATTCTCCAGAATC-1	Ex
TACATTCTCCGCCTAT-1	Ex
TACATTCTCCTATCAT-1	Ex
TACCCTGAGAATCAGT-1	Ex
TACCCTGAGCAAGGTC-1	Ex
TACCCTGAGTCTCGAT-1	Ex
TACCCTGCAAACAGTA-1	Ex
TACCCTGCAAGACTAA-1	Ex
TACCCTGGTAGGTAAT-1	Ex
TACCCTGGTAGTCCAT-1	Ex
TACCCTGGTTGGCTTA-1	Ex
TACCCTGTCTATACCT-1	Ex
TACCCTGTCTGTTGCC-1	Ex
TACCCTGTCTTCGTTA-1	Ex
TACCTATCAAATGTCC-1	Ex
TACCTATCACTAAACC-1	Ex
TACCTATCATGATCGT-1	Ex
TACCTATGTCTCTAAG-1	Ex
TACCTATTCTTGTGCC-1	Ex
TACCTCGAGCCTGGTC-1	Ex
TACCTCGCAACGTCGC-1	Ex
TACCTCGCAATACTGC-1	Ex
TACCTCGCAGTAACGG-1	Ex
TACCTCGCATACCCGG-1	Ex
TACCTCGGTCCCGTGA-1	Ex
TACCTCGGTCCCTTTG-1	Ex
TACCTCGGTTCCATCC-1	Ex
TACCTCGTCACCACAA-1	Ex
TACCTCGTCACTAGCA-1	Ex
TACCTCGTCACTCGTC-1	Ex
TACCTCGTCAGGCCGT-1	Ex
TACCTCGTCCACACCT-1	Ex
TACCTCGTCCGAATTG-1	Ex
TACCTCGTCGATAGTC-1	Ex
TACCTCGTCGCAGATT-1	Ex
TACCTCGTCGCGATGC-1	Ex
TACCTCGTCTATTTCG-1	Ex
TACGCAACAGTTACAC-1	Ex
TACGCAATCGGTGATT-1	Ex
TACGCAATCTATAGGC-1	Ex
TACGCCTCATAGCCGC-1	Ex
TACGCCTGTCGCTACG-1	Ex
TACGCCTGTGCTAGTT-1	Ex
TACGCCTGTTCCCGGA-1	Ex
TACGCCTGTTGTGACT-1	Ex
TACGCCTTCGACTATG-1	Ex
TACGCCTTCGCGTTCT-1	Ex
TACGGATAGACGAAAG-1	Ex
TACGGATAGCCTCGCA-1	Ex
TACGGATAGGGACGTT-1	Ex
TACGGATAGTGTGTAA-1	Ex
TACGGATCAAGGCTTT-1	Ex
TACGGATGTACGCAAG-1	Ex
TACGGATTCCCGTATC-1	Ex
TACTAGGAGGCCTCTG-1	Ex
TACTAGGGTAGAGAGA-1	Ex
TACTAGGGTCAGTGCC-1	Ex
TACTAGGTCTTCATAC-1	Ex
TACTCGCAGTGTAATG-1	Ex
TACTCGCCATCCTGGG-1	Ex
TACTCGCCATGCTATG-1	Ex
TACTCGCGTTCTGAAC-1	Ex
TACTCGCGTTTCACCC-1	Ex
TACTGCCCAACTACTG-1	Ex
TACTGCCCACATCATG-1	Ex
TACTGCCCAGGAGCAT-1	Ex
TACTGCCCAGGCAGAT-1	Ex
TACTGCCCATATTGGC-1	Ex
TACTGCCCATCAGAAA-1	Ex
TACTGCCGTAGCAGCA-1	Ex
TACTGCCTCTCTGCAC-1	Ex
TACTGCCTCTGGCGCA-1	Ex
TAGACTGAGAATCAGT-1	Ex
TAGACTGAGGGCGAAG-1	Ex
TAGACTGAGTCCCGCA-1	Ex
TAGACTGCACTACACA-1	Ex
TAGACTGGTACGGTTT-1	Ex
TAGACTGTCTCATATC-1	Ex
TAGCACAAGCCTATAC-1	Ex
TAGCACACAAAGCTGG-1	Ex
TAGCACACAACTTGGT-1	Ex
TAGCACACACTAGCCG-1	Ex
TAGCACACAGATTTGC-1	Ex
TAGCACACATAGCAGG-1	Ex
TAGCACACATAGCCGC-1	Ex
TAGCACACATTGAACC-1	Ex
TAGCACAGTGCAAGAC-1	Ex
TAGCACATCCCGTAGG-1	Ex
TAGCACATCGTCTAGA-1	Ex
TAGCATGAGTTGAATG-1	Ex
TAGCATGCAGGCAAGT-1	Ex
TAGCATGGTAGGGTCA-1	Ex
TAGCATGGTCAGTGCC-1	Ex
TAGCATGGTGATGCGA-1	Ex
TAGCATGGTGTCCAGC-1	Ex
TAGCATGGTTCTTATC-1	Ex
TAGCCCTAGATTGACA-1	Ex
TAGCCCTAGCGAGCTA-1	Ex
TAGCCCTCAAGGTTCT-1	Ex
TAGCCCTCAATTGGCT-1	Ex
TAGCCCTGTAGCCATT-1	Ex
TAGCCCTGTATCACAC-1	Ex
TAGCCCTGTATCAGCT-1	Ex
TAGCCCTGTCACCCGA-1	Ex
TAGCCCTGTCGCGCTA-1	Ex
TAGCCCTGTCTGAGCC-1	Ex
TAGCCCTTCCTCCATG-1	Ex
TAGCCCTTCTTGGCCT-1	Ex
TAGCCGGAGAGTGGTC-1	Ex
TAGCCGGAGGAAGGTA-1	Ex
TAGCCGGCACCAAGGA-1	Ex
TAGCCGGGTCCCGTGA-1	Ex
TAGCCGGGTCCGAGCT-1	Ex
TAGCCGGGTCTGTTGA-1	Ex
TAGCCGGTCAATCGTG-1	Ex
TAGCGGCCAAGTCCTA-1	Ex
TAGCGGCCACAGGTAG-1	Ex
TAGCGGCGTAGATTAG-1	Ex
TAGCGGCTCAGAGTGG-1	Ex
TAGCTTTGTTAACTCG-1	Ex
TAGCTTTGTTCTGATG-1	Ex
TAGCTTTGTTGGGAAC-1	Ex
TAGCTTTTCAAGAGAT-1	Ex
TAGCTTTTCCATAGGT-1	Ex
TAGCTTTTCCGCTATC-1	Ex
TAGCTTTTCGTATAGC-1	Ex
TAGCTTTTCTAAACGC-1	Ex
TAGGAGGAGATCCGAG-1	Ex
TAGGAGGAGCTCCGGT-1	Ex
TAGGAGGAGGTGAACC-1	Ex
TAGGAGGCATGTCCCT-1	Ex
TAGGAGGGTTCCAGTA-1	Ex
TAGGTCAAGCCTATAC-1	Ex
TAGGTCAAGGTAGGCT-1	Ex
TAGGTCAAGTATAGTG-1	Ex
TAGGTCAAGTGATAAC-1	Ex
TAGGTCACAAGCGACA-1	Ex
TAGGTCACAAGGTCGA-1	Ex
TAGGTCACAATGGCTT-1	Ex
TAGGTCACAGTAGGCA-1	Ex
TAGGTCACATGGCCCA-1	Ex
TAGGTCAGTACCGGCT-1	Ex
TAGGTCAGTGATGCTT-1	Ex
TAGGTCATCCATACGA-1	Ex
TAGGTCATCTGTTGCC-1	Ex
TAGGTGTAGACTCGGA-1	Ex
TAGGTGTAGATGGGTC-1	Ex
TAGGTGTAGCTAGCAG-1	Ex
TAGGTGTAGGCCAGTA-1	Ex
TAGGTGTAGGGCTTCC-1	Ex
TAGGTGTAGTCTAGAA-1	Ex
TAGGTGTCAAGGAAGA-1	Ex
TAGGTGTCACATAAAG-1	Ex
TAGGTGTCAGAACGAC-1	Ex
TAGGTGTCAGCAACGA-1	Ex
TAGGTGTCATTGATGC-1	Ex
TAGGTGTGTCGTAATC-1	Ex
TAGGTGTGTGCTTTGA-1	Ex
TAGGTGTTCAAGGCAG-1	Ex
TAGGTGTTCGGGACAA-1	Ex
TAGTCCCAGAACTAAC-1	Ex
TAGTCCCAGTGATCTC-1	Ex
TAGTCCCGTCAAGACG-1	Ex
TAGTCCCTCGGATGTT-1	Ex
TAGTCCCTCTCGTGAA-1	Ex
TATCGAGAGAAACGCC-1	Ex
TATCGAGAGAGGTACC-1	Ex
TATCGAGAGGCCTAAG-1	Ex
TATCGAGAGTCCCTCT-1	Ex
TATCGAGAGTGGTGTG-1	Ex
TATCGAGGTAGCGTTT-1	Ex
TATCGAGGTCAACTGT-1	Ex
TATCGAGGTGATAACA-1	Ex
TATCGAGGTTACTACG-1	Ex
TATCGAGTCAATTGGC-1	Ex
TATCTGTAGAAGCCTG-1	Ex
TATCTGTAGATCACCT-1	Ex
TATCTGTAGCTTTCCC-1	Ex
TATCTGTAGGATGTAT-1	Ex
TATCTGTCACAGAAGC-1	Ex
TATCTGTCACATAAAG-1	Ex
TATCTGTCACCAAGGA-1	Ex
TATCTGTCATGCGTTA-1	Ex
TATCTGTGTAATGTGA-1	Ex
TATCTGTTCCGGGCAT-1	Ex
TATGTGGAGATGCGCA-1	Ex
TATGTGGCAAGGGTAC-1	Ex
TATGTGGCAGCAACCC-1	Ex
TATGTGGCATCGGCTG-1	Ex
TATGTGGTCTAGCAAC-1	Ex
TATGTTCAGGAAGGTA-1	Ex
TATGTTCAGTGAGCTG-1	Ex
TATGTTCTCACCCTTG-1	Ex
TATGTTCTCCATAACG-1	Ex
TATGTTCTCGTGGCGT-1	Ex
TATGTTCTCTATACCT-1	Ex
TATTGCTAGTCCGGAA-1	Ex
TATTGCTCATCGCCTT-1	Ex
TATTGCTGTAGTAACA-1	Ex
TATTGCTGTCATCAAC-1	Ex
TATTGCTGTCCCGAGT-1	Ex
TATTGCTGTGCCCAGT-1	Ex
TATTGCTGTTTCCGGG-1	Ex
TATTGCTTCCCAGCGA-1	Ex
TATTGCTTCCTCTCTT-1	Ex
TATTGCTTCTTAAGCG-1	Ex
TCAAAGCAGACTAGGC-1	Ex
TCAAAGCAGAGAACCC-1	Ex
TCAAAGCAGAGAGTAG-1	Ex
TCAAAGCCATGCGCTG-1	Ex
TCAAAGCGTTGCAGCC-1	Ex
TCAAGACAGGAGAACA-1	Ex
TCAAGACAGTGCCCTG-1	Ex
TCAAGACCAGTCAGAG-1	Ex
TCAAGACGTATTGTGC-1	Ex
TCAAGACGTCACATTG-1	Ex
TCAAGACGTCTGCACG-1	Ex
TCAAGACGTGTCCCAG-1	Ex
TCAAGACGTTCATTTC-1	Ex
TCAAGACTCCAGAGAG-1	Ex
TCAAGACTCTTAACGG-1	Ex
TCAAGCAAGGTGATGC-1	Ex
TCAAGCAAGTAACATG-1	Ex
TCAAGCAAGTTCAACC-1	Ex
TCAAGCACAAATGCTC-1	Ex
TCAAGCAGTTAGAGAT-1	Ex
TCAAGGTAGTGTCGCC-1	Ex
TCAAGGTCACCTATTT-1	Ex
TCAAGGTCATCATGTG-1	Ex
TCAAGGTCATTCCCGT-1	Ex
TCAAGGTGTCAATACC-1	Ex
TCAAGGTGTCCGTAGC-1	Ex
TCAAGGTGTGTTGGTT-1	Ex
TCAAGGTGTTACGCTA-1	Ex
TCAAGGTGTTACGGAG-1	Ex
TCAAGGTTCCTCCCAA-1	Ex
TCAAGGTTCTTTATCG-1	Ex
TCAATTCAGAAATACC-1	Ex
TCAATTCAGGGCATTG-1	Ex
TCAATTCAGTTCAACC-1	Ex
TCAATTCCACCTCGTT-1	Ex
TCAATTCCAGAAGTGC-1	Ex
TCAATTCCAGATGGCA-1	Ex
TCAATTCCATTGAACC-1	Ex
TCAATTCGTCAATCCA-1	Ex
TCAATTCTCATCATGG-1	Ex
TCAATTCTCGCACAAT-1	Ex
TCAATTCTCTTTCGAT-1	Ex
TCACAAGAGCTTACCA-1	Ex
TCACAAGGTACGCCCA-1	Ex
TCACAAGGTCTGATTG-1	Ex
TCACAAGGTGAATACA-1	Ex
TCACAAGTCTATCTTG-1	Ex
TCACAGAAGAGGCCTA-1	Ex
TCACAGACACGCCGAT-1	Ex
TCACAGACAGAACGAC-1	Ex
TCACCACAGAACTAAC-1	Ex
TCACCACAGTGGGACT-1	Ex
TCACCACAGTTCCCGG-1	Ex
TCACCACCAGTAGTCT-1	Ex
TCACCACGTACTTCAG-1	Ex
TCACCACGTATTGTGC-1	Ex
TCACCACGTGCAAGAC-1	Ex
TCACCACGTGCTTTGA-1	Ex
TCACCACGTGGCATAG-1	Ex
TCACCACTCGCACCTT-1	Ex
TCACCACTCTCTTAAC-1	Ex
TCACCTGAGAGAATTC-1	Ex
TCACCTGCACGTTACA-1	Ex
TCACCTGCAGCGTACC-1	Ex
TCACCTGCAGGCAAGT-1	Ex
TCACCTGGTTCTTTGT-1	Ex
TCACCTGTCCACGAGC-1	Ex
TCACCTGTCTCGTGAA-1	Ex
TCACTCGAGCATGTGG-1	Ex
TCACTCGAGTCGTATC-1	Ex
TCACTCGGTTAACTCG-1	Ex
TCACTCGGTTCTGATG-1	Ex
TCACTCGGTTGGGAAC-1	Ex
TCACTCGTCTATCTTG-1	Ex
TCAGCTCAGTGATTAG-1	Ex
TCAGCTCAGTTGGAAT-1	Ex
TCAGCTCCACAAACAA-1	Ex
TCAGCTCCACCGAATT-1	Ex
TCAGCTCCAGAGATGC-1	Ex
TCAGCTCGTTCCCTTG-1	Ex
TCAGCTCTCCTAAGTG-1	Ex
TCAGGGCAGTCCGTGC-1	Ex
TCAGGGCAGTCTCCAA-1	Ex
TCAGGGCAGTGTCGCC-1	Ex
TCAGGGCCAACTCGAT-1	Ex
TCAGGGCGTAGAGAGA-1	Ex
TCAGGGCGTCCTTCAC-1	Ex
TCAGGGCGTTCCATCC-1	Ex
TCAGGGCTCAGAGTGG-1	Ex
TCAGGGCTCCGTGCGA-1	Ex
TCAGGTAAGAACTAAC-1	Ex
TCAGGTAAGACCCATT-1	Ex
TCAGGTAAGCGGACAT-1	Ex
TCAGGTACACTGGGCT-1	Ex
TCAGGTACAGGTGTCC-1	Ex
TCAGGTAGTCGATAGG-1	Ex
TCAGGTATCCGTGCGA-1	Ex
TCAGGTATCGCTCGGA-1	Ex
TCAGGTATCGCTTGAA-1	Ex
TCAGTCCAGCGTGTTT-1	Ex
TCAGTCCAGTATGCTC-1	Ex
TCAGTCCAGTCTCTAG-1	Ex
TCAGTCCCATAGCCAT-1	Ex
TCAGTCCGTACTTGAC-1	Ex
TCAGTCCGTGATAAGT-1	Ex
TCAGTCCTCAGTGTAC-1	Ex
TCAGTTTAGAGGAATG-1	Ex
TCAGTTTAGGCGACTA-1	Ex
TCAGTTTCAAGTAATG-1	Ex
TCAGTTTCACCGAATT-1	Ex
TCAGTTTCATGGAGGT-1	Ex
TCAGTTTGTCTGGTCG-1	Ex
TCAGTTTGTGCCCGAT-1	Ex
TCAGTTTTCAGTCTTT-1	Ex
TCAGTTTTCCTGACCT-1	Ex
TCAGTTTTCGGAAAGC-1	Ex
TCCAGAAAGACTCTTG-1	Ex
TCCAGAAAGATCTAAG-1	Ex
TCCAGAAAGCTTTCCC-1	Ex
TCCAGAAAGGCCTCTG-1	Ex
TCCAGAAAGGTACTCT-1	Ex
TCCAGAAAGGTAGGCT-1	Ex
TCCAGAACAACTACTG-1	Ex
TCCAGAACAGCAACAG-1	Ex
TCCAGAAGTATGGTTC-1	Ex
TCCAGAAGTTCCAGTA-1	Ex
TCCAGAATCATTCTCA-1	Ex
TCCATCGAGAATATCG-1	Ex
TCCATCGAGGATTGAT-1	Ex
TCCATCGAGGCTCAGA-1	Ex
TCCATCGCAAGGGAGG-1	Ex
TCCATCGCATCTCACC-1	Ex
TCCATCGGTATCCTTT-1	Ex
TCCATCGTCCTTGACC-1	Ex
TCCATCGTCGGGTCCA-1	Ex
TCCATCGTCTCTATCA-1	Ex
TCCCACAAGCAAGGTC-1	Ex
TCCCACAAGCTAGCAG-1	Ex
TCCCACAAGTAGCAAT-1	Ex
TCCCACAAGTGCTAGG-1	Ex
TCCCACACACTCCTCA-1	Ex
TCCCACATCCGCTATC-1	Ex
TCCCACATCTGGCGCA-1	Ex
TCCGACTAGATTAGAC-1	Ex
TCCGACTAGCGATACG-1	Ex
TCCGACTAGGCAATTA-1	Ex
TCCGACTAGGCTTTAC-1	Ex
TCCGACTCAAGATTAG-1	Ex
TCCGACTCACGTTGTA-1	Ex
TCCGACTCAGTGCGAA-1	Ex
TCCGACTGTCCTATTT-1	Ex
TCCGACTTCGATAGCT-1	Ex
TCCGACTTCTTTCGAT-1	Ex
TCGAGCGCAAAGAAGG-1	Ex
TCGAGCGGTGTTGGTT-1	Ex
TCGAGCGGTTAGGAGC-1	Ex
TCGAGCGTCATCGCAA-1	Ex
TCGAGCGTCCGTTAGA-1	Ex
TCGAGCGTCGAACCGC-1	Ex
TCGAGCGTCGCCACTT-1	Ex
TCGAGCGTCTTCATAC-1	Ex
TCGATTTAGACGCCAA-1	Ex
TCGATTTAGAGTGGAA-1	Ex
TCGATTTAGCAGTAGC-1	Ex
TCGATTTAGGTTCTCA-1	Ex
TCGATTTAGTATACCC-1	Ex
TCGATTTAGTTCTCCC-1	Ex
TCGATTTGTACGCAAG-1	Ex
TCGATTTGTCAACAGG-1	Ex
TCGATTTGTTGCCTGG-1	Ex
TCGATTTTCCTCTCTT-1	Ex
TCGCAGGCAACTTGGT-1	Ex
TCGCAGGCACGCGATC-1	Ex
TCGCAGGGTGTGCTTA-1	Ex
TCGCCTAAGCAGAGCT-1	Ex
TCGCCTACACGCGTTG-1	Ex
TCGCCTACACTGTCGG-1	Ex
TCGCCTAGTAACGTAA-1	Ex
TCGCCTAGTGCGCATC-1	Ex
TCGCCTATCAACGTGT-1	Ex
TCGCCTATCCCACTAC-1	Ex
TCGGGACAGCATACCT-1	Ex
TCGGGACAGCATGTGG-1	Ex
TCGGGACCACAGGTAG-1	Ex
TCGGGACTCGCACCTT-1	Ex
TCGGGACTCGCGTTCT-1	Ex
TCGGGACTCTCTGAGA-1	Ex
TCGTTCGAGGCGATTG-1	Ex
TCGTTCGCATCCCTCA-1	Ex
TCGTTCGGTCTCTGGG-1	Ex
TCGTTCGTCATGTTCT-1	Ex
TCGTTCGTCTTCTCTC-1	Ex
TCTAGTTAGTACCACT-1	Ex
TCTAGTTCAATGCCAT-1	Ex
TCTAGTTCAGGTGTGA-1	Ex
TCTAGTTCATGCACTA-1	Ex
TCTAGTTGTAAGCCTT-1	Ex
TCTAGTTGTCAACGGA-1	Ex
TCTAGTTGTCCATTGA-1	Ex
TCTAGTTTCCCAGCGA-1	Ex
TCTAGTTTCGGCTATA-1	Ex
TCTATTGAGACGTCAG-1	Ex
TCTATTGGTATCCCTC-1	Ex
TCTATTGGTTCATTTC-1	Ex
TCTATTGTCAAGAGGC-1	Ex
TCTCAGCCAACTTGGT-1	Ex
TCTCAGCTCGCAAGCC-1	Ex
TCTCTGGAGTTCGCGC-1	Ex
TCTCTGGGTATGAAGT-1	Ex
TCTCTGGGTGACCAGA-1	Ex
TCTCTGGTCCAGTACA-1	Ex
TCTCTGGTCCGATGCG-1	Ex
TCTCTGGTCCTGAAAC-1	Ex
TCTCTGGTCTTATCAC-1	Ex
TGAATCGCAAGCACTT-1	Ex
TGAATCGCATTTCACT-1	Ex
TGAATCGGTATCGCGC-1	Ex
TGAATCGGTTCCAATG-1	Ex
TGAATCGTCCTTTGAT-1	Ex
TGAATCGTCTCTGTTA-1	Ex
TGACAACAGGAGACTC-1	Ex
TGACAACAGTGATTAG-1	Ex
TGACAACGTCCGTGCA-1	Ex
TGACAACGTGGAAGCT-1	Ex
TGACAACGTTCAGTTG-1	Ex
TGACAACTCAAGAGAT-1	Ex
TGACTCCCATAGACGG-1	Ex
TGACTCCGTCGATAGG-1	Ex
TGACTCCTCCCGATTC-1	Ex
TGACTCCTCTTAGTGG-1	Ex
TGAGCCGCAAAGGTCG-1	Ex
TGAGCCGCAAGAAACT-1	Ex
TGAGCCGCACATATCG-1	Ex
TGAGCCGCACTCGGAC-1	Ex
TGAGCCGCACTGGGCT-1	Ex
TGAGCCGCAGACCTGC-1	Ex
TGAGCCGCAGTGGTCC-1	Ex
TGAGTCAAGAGGCCTA-1	Ex
TGAGTCACAGTAGTCT-1	Ex
TGAGTCAGTTTCCACC-1	Ex
TGAGTCATCATTGCCC-1	Ex
TGAGTCATCCCGTATC-1	Ex
TGATCAGAGAAATACC-1	Ex
TGATCAGAGGATTAAC-1	Ex
TGATCAGAGTGAAACT-1	Ex
TGATCAGCAATGTGTC-1	Ex
TGATCAGGTAGGTAAT-1	Ex
TGATCAGTCACTAGCA-1	Ex
TGATCAGTCACTAGGT-1	Ex
TGATCAGTCAGGCCGT-1	Ex
TGATCAGTCCATGTTT-1	Ex
TGATCAGTCCGAATTG-1	Ex
TGATCAGTCGCTGATA-1	Ex
TGATCAGTCGGTAGGA-1	Ex
TGATCAGTCTGATCTT-1	Ex
TGATGCAAGGCCAATG-1	Ex
TGATGCAAGTCGCGTC-1	Ex
TGATGCAAGTCTGTGT-1	Ex
TGATGCAAGTTACCAC-1	Ex
TGATGCAAGTTGAATG-1	Ex
TGATGCACAACGTAGG-1	Ex
TGATGCACATGTGAGG-1	Ex
TGATGCAGTCCTTCAC-1	Ex
TGATGCATCCAGCACG-1	Ex
TGATGCATCCATCATT-1	Ex
TGATTTCAGGAGTACC-1	Ex
TGATTTCCAAGGGAGG-1	Ex
TGATTTCCAATCAGGG-1	Ex
TGATTTCCACAGATGG-1	Ex
TGATTTCGTCACAGGA-1	Ex
TGATTTCGTCTAAGAA-1	Ex
TGATTTCTCACTTACT-1	Ex
TGATTTCTCCAATAGC-1	Ex
TGCACCTAGACCCATT-1	Ex
TGCACCTAGAGCTACG-1	Ex
TGCACCTCACTGATTG-1	Ex
TGCACCTTCACCGCGA-1	Ex
TGCACCTTCATCATGG-1	Ex
TGCACCTTCCATAACG-1	Ex
TGCATGAAGAGGCAGG-1	Ex
TGCATGAAGATGTTCC-1	Ex
TGCATGACATCCTCGT-1	Ex
TGCATGAGTGCTGAAG-1	Ex
TGCATGAGTGCTGTGC-1	Ex
TGCATTTAGGACTAGC-1	Ex
TGCATTTCAAGGGAGG-1	Ex
TGCATTTCAAGGTTCT-1	Ex
TGCATTTCAATTGCCA-1	Ex
TGCATTTCACGTTACA-1	Ex
TGCATTTCACTGGGCT-1	Ex
TGCATTTGTAGAACGC-1	Ex
TGCATTTGTCCAAGTT-1	Ex
TGCATTTTCCAACGCG-1	Ex
TGCATTTTCGCAGATT-1	Ex
TGCATTTTCTCTTCCT-1	Ex
TGCCTCAAGACGCCAA-1	Ex
TGCCTCAAGGTGTTGG-1	Ex
TGCCTCAAGTGTCGGA-1	Ex
TGCCTCACAGGGTAAC-1	Ex
TGCCTCACATGATTGC-1	Ex
TGCCTCAGTCAAGACG-1	Ex
TGCCTCAGTCGAGGAT-1	Ex
TGCCTGTAGCTGAAAT-1	Ex
TGCCTGTCAGGTTATC-1	Ex
TGCCTGTCATCTCACC-1	Ex
TGCCTGTGTCGAGGAT-1	Ex
TGCCTGTGTGCGCTCA-1	Ex
TGCCTGTTCCGAATTG-1	Ex
TGCGTAAAGTACTCTG-1	Ex
TGCGTAAAGTTAGCGG-1	Ex
TGCGTAACATATAGAG-1	Ex
TGCGTAACATTGTTCT-1	Ex
TGCGTAAGTAGCAGCA-1	Ex
TGCGTAAGTAGGGTCA-1	Ex
TGCGTAAGTCGAGGTA-1	Ex
TGCGTAAGTCGCTAGC-1	Ex
TGCGTAAGTCTCTGGG-1	Ex
TGCGTAAGTTGGCGAA-1	Ex
TGCGTAATCGACTATG-1	Ex
TGCGTAATCGATATGC-1	Ex
TGCGTAATCTTACGGA-1	Ex
TGCTATTGTTAAGGGC-1	Ex
TGCTCACAGGCACTAG-1	Ex
TGCTCACAGTCCGGAA-1	Ex
TGCTCACCAAGGGAGG-1	Ex
TGCTCACCACTGTCGG-1	Ex
TGCTCACTCCGTACGG-1	Ex
TGCTCACTCTCTCAAT-1	Ex
TGCTCGTAGACTTCCA-1	Ex
TGCTCGTAGGATTTGA-1	Ex
TGCTCGTAGTCCGGAA-1	Ex
TGCTCGTGTATCGCGC-1	Ex
TGCTCGTGTCAGTGCC-1	Ex
TGCTCGTGTCTGGTCG-1	Ex
TGCTCGTGTTAGCTCA-1	Ex
TGCTCGTTCCATTGTT-1	Ex
TGCTCGTTCGCTATTT-1	Ex
TGCTTCGAGCGAGCTA-1	Ex
TGCTTCGCAAGACTAA-1	Ex
TGCTTCGGTTAACCAC-1	Ex
TGCTTCGTCGGTCAGC-1	Ex
TGCTTTAAGAATCAGT-1	Ex
TGCTTTAAGGAGACTC-1	Ex
TGCTTTAAGGATTAAC-1	Ex
TGCTTTACAAGGAAGA-1	Ex
TGCTTTACACACGGTC-1	Ex
TGCTTTACACTCCCAT-1	Ex
TGCTTTAGTATTTGCG-1	Ex
TGCTTTAGTTTCTACT-1	Ex
TGCTTTATCCCTATTA-1	Ex
TGCTTTATCGTGGTAT-1	Ex
TGGAAGGGTTCAGTAC-1	Ex
TGGAAGGTCGACTATG-1	Ex
TGGAAGGTCGAGTTAC-1	Ex
TGGAAGGTCTCGTGAA-1	Ex
TGGAAGGTCTTTGCAT-1	Ex
TGGACATAGCGTATCT-1	Ex
TGGACATAGTCTTAGC-1	Ex
TGGACATCACGTGAAG-1	Ex
TGGACATCAGCAAACG-1	Ex
TGGACATCAGCAACGA-1	Ex
TGGACATTCAAACCAC-1	Ex
TGGACATTCGGTCAGC-1	Ex
TGGCAATAGACGCCCT-1	Ex
TGGCAATAGGCTCAGA-1	Ex
TGGCAATGTATGTTCG-1	Ex
TGGCAATGTCTAACCA-1	Ex
TGGCAATTCACTAGGT-1	Ex
TGGCAATTCGGTCTAA-1	Ex
TGGCCTTAGAGAGGTA-1	Ex
TGGCCTTCACCGTCTT-1	Ex
TGGCCTTCAGAACAGC-1	Ex
TGGCCTTCAGCAACCC-1	Ex
TGGCCTTCATCACAAC-1	Ex
TGGCGCAAGACTAGCG-1	Ex
TGGCGCAAGGAAGGTA-1	Ex
TGGCGCAAGGAATGGA-1	Ex
TGGCGCAAGGCCTCGT-1	Ex
TGGCGCAAGGCGATTG-1	Ex
TGGCGCACAAACTACC-1	Ex
TGGCGCACAGGCACAA-1	Ex
TGGCGCAGTAGCAGGT-1	Ex
TGGCGCAGTCCACCAG-1	Ex
TGGCGCAGTCTGGTTA-1	Ex
TGGCGCAGTGCGTAGA-1	Ex
TGGCGCATCGAGAAGC-1	Ex
TGGGTGCAGAACGCCA-1	Ex
TGGGTGCAGTACAACA-1	Ex
TGGGTGCCAATGGTAA-1	Ex
TGGGTGCCACACATTG-1	Ex
TGGGTGCCAGGCAGAT-1	Ex
TGGGTGCGTAACCATC-1	Ex
TGGGTGCTCGGTGATT-1	Ex
TGGGTGCTCTATTGTC-1	Ex
TGGGTTAAGAATAGTC-1	Ex
TGGGTTAAGCAGTAGC-1	Ex
TGGGTTAAGGGCTCTC-1	Ex
TGGGTTACAACGAGGT-1	Ex
TGGGTTAGTGACAAGC-1	Ex
TGGGTTAGTGAGGGTT-1	Ex
TGGGTTAGTGCGCTCA-1	Ex
TGGGTTAGTTAAGTCC-1	Ex
TGGTCAAAGCCTATAC-1	Ex
TGGTCAAAGGATGTAT-1	Ex
TGGTCAACAAGGTCGA-1	Ex
TGGTCAACACCAAGGA-1	Ex
TGGTCAACAGCGTACC-1	Ex
TGGTCAACATGGGACA-1	Ex
TGGTCAAGTATACGCT-1	Ex
TGGTCAAGTGCACATT-1	Ex
TGGTCCTAGCGAATAT-1	Ex
TGGTCCTGTCCGGTAC-1	Ex
TGGTCCTTCAGTTGAC-1	Ex
TGTAAGCAGGAGTCTG-1	Ex
TGTAAGCAGGTTGTGG-1	Ex
TGTAAGCCATCGCTAA-1	Ex
TGTAAGCCATTCACGA-1	Ex
TGTAAGCGTAGACACG-1	Ex
TGTAAGCGTAGTCTGT-1	Ex
TGTAAGCGTCAGTGTT-1	Ex
TGTAAGCGTCGCGCTA-1	Ex
TGTAAGCGTTTAGACC-1	Ex
TGTAAGCTCCATACCC-1	Ex
TGTAAGCTCCATCGAA-1	Ex
TGTAAGCTCGTGAGTT-1	Ex
TGTACAGCACACACCG-1	Ex
TGTACAGTCCCATAGA-1	Ex
TGTACAGTCCTCTCTT-1	Ex
TGTACAGTCGCATACA-1	Ex
TGTACAGTCTATTGTC-1	Ex
TGTACGAAGGATCCTT-1	Ex
TGTACGACACTACACA-1	Ex
TGTACGACATCCATAG-1	Ex
TGTACGACATGTGAGG-1	Ex
TGTACGATCTAAGGTC-1	Ex
TGTAGCAAGTCAACTC-1	Ex
TGTAGCAAGTTGCGCC-1	Ex
TGTAGCACAATTGCCA-1	Ex
TGTAGCACAGACCTGC-1	Ex
TGTAGCACAGTGGTCC-1	Ex
TGTAGCATCTCTATTG-1	Ex
TGTGACACAAGTCTGT-1	Ex
TGTGACACAGCAGGTA-1	Ex
TGTGACAGTGTTGTTG-1	Ex
TGTGACATCCCGCAAG-1	Ex
TGTGACATCCGTGCAG-1	Ex
TGTGACATCGTCGCAG-1	Ex
TGTGGCGAGGCAAGGG-1	Ex
TGTGGCGAGTGCTAGG-1	Ex
TGTGGCGCACTCGCAG-1	Ex
TGTGGCGCATACCCGG-1	Ex
TGTGGCGGTACGACCC-1	Ex
TGTGGCGGTAGCGGTA-1	Ex
TGTGGCGGTAGCGTTT-1	Ex
TGTGGCGGTCAACAGG-1	Ex
TGTGGCGGTCGATAGG-1	Ex
TGTGGCGGTTGCCTGG-1	Ex
TGTGGCGTCGAGGCTC-1	Ex
TGTGTCCAGGGCATTG-1	Ex
TGTGTCCCAGGAGCAT-1	Ex
TGTGTCCCAGTCCTGG-1	Ex
TGTGTCCGTGGGTAGT-1	Ex
TGTGTCCTCCTCATTA-1	Ex
TGTTAGGAGAAAGGGT-1	Ex
TGTTAGGAGAGAGGTA-1	Ex
TGTTAGGAGCAGAAAG-1	Ex
TGTTAGGAGTCTGTGT-1	Ex
TGTTAGGAGTTCCCGG-1	Ex
TGTTAGGCAAGGCTTT-1	Ex
TGTTAGGCACGTTGTA-1	Ex
TGTTAGGCAGGCAGAT-1	Ex
TGTTAGGTCAAACCAC-1	Ex
TGTTAGGTCGCCGAAC-1	Ex
TGTTAGGTCGGACGAA-1	Ex
TGTTAGGTCTAGTCGA-1	Ex
TGTTAGGTCTTAACGG-1	Ex
TTAACGGAGTCGTATC-1	Ex
TTAACGGCACTACACA-1	Ex
TTAACGGGTGTTGTTG-1	Ex
TTAACGGGTGTTTCTT-1	Ex
TTAACGGTCACGATTG-1	Ex
TTACCCGAGAATATCG-1	Ex
TTACCCGAGCAGAAAG-1	Ex
TTACCCGAGTTAGAGT-1	Ex
TTACCCGGTCATAAGA-1	Ex
TTACCCGTCCGCGATG-1	Ex
TTACCCGTCGTTCCGT-1	Ex
TTACCCGTCTGGCGCA-1	Ex
TTACCGCAGACGCCCT-1	Ex
TTACCGCAGCCTGTAT-1	Ex
TTACCGCAGGATGTAT-1	Ex
TTACCGCCAAGGAGTC-1	Ex
TTACCGCCACTTTGGA-1	Ex
TTACCGCCATCGACGC-1	Ex
TTACCGCGTCATAGCT-1	Ex
TTACCGCGTCCTCAGG-1	Ex
TTACCGCGTGGTCGAA-1	Ex
TTACCGCGTTTCCTAT-1	Ex
TTACGGAGTAGGGTTG-1	Ex
TTACGGAGTCCCTTTG-1	Ex
TTACGGATCACCCTTG-1	Ex
TTACGGATCCAACAAC-1	Ex
TTACGGATCGAACACT-1	Ex
TTACGGATCGCATAAC-1	Ex
TTACGGATCTATTGTC-1	Ex
TTACGTTAGAACAGGA-1	Ex
TTACGTTAGAGGAATG-1	Ex
TTACGTTAGTAGTCGG-1	Ex
TTACGTTAGTGAGTGC-1	Ex
TTACGTTCATGACTGT-1	Ex
TTACGTTGTCAATCCA-1	Ex
TTACGTTGTCAGGTGA-1	Ex
TTACGTTGTTGCCGCA-1	Ex
TTACGTTTCTTCCGTG-1	Ex
TTACTCAAGTCGCGTC-1	Ex
TTACTCACAAGCACTT-1	Ex
TTACTCACAATGACTC-1	Ex
TTACTCACACACACAT-1	Ex
TTACTCACATTGCGAT-1	Ex
TTACTCACATTTCACT-1	Ex
TTACTCAGTACGGATG-1	Ex
TTACTCAGTAGGTCTT-1	Ex
TTACTCAGTCCGCTTT-1	Ex
TTACTCAGTGGAAGCT-1	Ex
TTACTCATCCATAGGT-1	Ex
TTACTCATCGACTCGG-1	Ex
TTACTCATCGGTACTA-1	Ex
TTACTCATCGGTTCCT-1	Ex
TTACTCATCTTGGCCT-1	Ex
TTACTTGGTAGCGTTT-1	Ex
TTACTTGGTGTTGTTG-1	Ex
TTACTTGTCGATAGGG-1	Ex
TTACTTGTCTCTGCAC-1	Ex
TTAGCGAAGGCACCTC-1	Ex
TTAGCGACAACTCGAT-1	Ex
TTAGCGACACTCGCAG-1	Ex
TTAGCGACATACCCGG-1	Ex
TTAGCGAGTCAGGCTC-1	Ex
TTAGCTTAGCGTTGCC-1	Ex
TTAGCTTAGTGTTCCA-1	Ex
TTAGCTTCAAGCCTTA-1	Ex
TTAGCTTCATTCGTCC-1	Ex
TTAGCTTGTCCGAGCT-1	Ex
TTAGCTTGTCGCTAGC-1	Ex
TTAGCTTGTGGCCTTG-1	Ex
TTAGCTTGTGTCGTCG-1	Ex
TTAGCTTTCATGTTCT-1	Ex
TTAGCTTTCGGGATCC-1	Ex
TTAGCTTTCTGACATG-1	Ex
TTAGGTGAGAAGAGTG-1	Ex
TTAGGTGAGTCGTACT-1	Ex
TTAGGTGCATGCCTTC-1	Ex
TTAGGTGGTACGTAAA-1	Ex
TTAGGTGGTAGTAACA-1	Ex
TTAGGTGGTCCACCAG-1	Ex
TTAGGTGGTCTAACCA-1	Ex
TTATGTCAGAGGTACC-1	Ex
TTATGTCAGGTAGGAA-1	Ex
TTATGTCGTACCTATG-1	Ex
TTATGTCTCCTTTGCG-1	Ex
TTATGTCTCGTTCCGT-1	Ex
TTATGTCTCTGTTTAC-1	Ex
TTCAACTAGCGGACTA-1	Ex
TTCAACTAGGTTAACA-1	Ex
TTCAACTCAATCCATG-1	Ex
TTCAACTCACGAACGA-1	Ex
TTCAACTCAGATACAA-1	Ex
TTCAACTCATCCCGGA-1	Ex
TTCAACTGTTTAAGCC-1	Ex
TTCATCAAGCATTGGG-1	Ex
TTCATCACAAACAGTA-1	Ex
TTCATCAGTACCCACG-1	Ex
TTCATCAGTCCGTCGA-1	Ex
TTCATCAGTGCAACAG-1	Ex
TTCATCAGTGTTTCTT-1	Ex
TTCATCAGTTATGCAC-1	Ex
TTCATCAGTTCCGCGA-1	Ex
TTCATCAGTTTAGACC-1	Ex
TTCATCATCGGTTCCT-1	Ex
TTCATCATCTGATCTT-1	Ex
TTCATTGAGTGAGTGC-1	Ex
TTCATTGCACGATATC-1	Ex
TTCATTGCAGAACTTC-1	Ex
TTCATTGGTACGACCC-1	Ex
TTCATTGGTATCATGC-1	Ex
TTCATTGGTCAGAGTG-1	Ex
TTCATTGGTCCGAGCT-1	Ex
TTCATTGGTCGATAGG-1	Ex
TTCATTGGTGGCCTCA-1	Ex
TTCATTGGTGTCTCGG-1	Ex
TTCATTGGTTAGCTCA-1	Ex
TTCATTGGTTATAGAG-1	Ex
TTCATTGGTTCAGTAC-1	Ex
TTCATTGGTTCCGGCA-1	Ex
TTCATTGTCCACACCT-1	Ex
TTCATTGTCGCATAAC-1	Ex
TTCATTGTCGCGATGC-1	Ex
TTCATTGTCTATTTCG-1	Ex
TTCGATTAGAAGCCGT-1	Ex
TTCGATTAGCACACCC-1	Ex
TTCGATTAGCCGCTGT-1	Ex
TTCGATTAGGATTGAT-1	Ex
TTCGATTAGGCCAATG-1	Ex
TTCGATTAGGGCTTCC-1	Ex
TTCGATTAGGTTAGTA-1	Ex
TTCGATTCAAACCGAG-1	Ex
TTCGATTCAGAAGTGC-1	Ex
TTCGATTCATTCACCC-1	Ex
TTCGATTGTCGATTAC-1	Ex
TTCGATTGTGAATCGG-1	Ex
TTCGATTGTGGCCTCA-1	Ex
TTCGATTTCACTCGTC-1	Ex
TTCGATTTCGTATAGC-1	Ex
TTCGCGTAGACCAATA-1	Ex
TTCGCGTAGGTCACTT-1	Ex
TTCGCGTGTGCTGTGC-1	Ex
TTCGCGTGTGTTGGTT-1	Ex
TTCGCGTTCAAACCAC-1	Ex
TTCGCGTTCCAACAAC-1	Ex
TTCGCGTTCCAGTTAG-1	Ex
TTCGCGTTCGGGCTCA-1	Ex
TTCGCGTTCGTTGTTT-1	Ex
TTCGCGTTCTCGACCT-1	Ex
TTCGGTCAGCAATGTA-1	Ex
TTCGGTCAGGTTTCTG-1	Ex
TTCGGTCAGTAGGTCG-1	Ex
TTCGGTCGTGATTCCA-1	Ex
TTCGGTCTCACAACAC-1	Ex
TTCGGTCTCAGTCAAC-1	Ex
TTCGGTCTCATCGCCT-1	Ex
TTCGGTCTCCTGGAAT-1	Ex
TTCGTTAAGACTAATG-1	Ex
TTCGTTAAGATAGGTT-1	Ex
TTCGTTATCCCGATTC-1	Ex
TTCGTTATCGATCTTT-1	Ex
TTCGTTATCGCAAGCC-1	Ex
TTCGTTATCGGTTGTA-1	Ex
TTCGTTATCGTATAGC-1	Ex
TTCGTTATCTGTGTGA-1	Ex
TTCGTTATCTTGTCAT-1	Ex
TTCTAACAGCAGAATT-1	Ex
TTCTAACCAAAGCTGG-1	Ex
TTCTAACCAGGGTACA-1	Ex
TTCTAACGTAACGGTG-1	Ex
TTCTAACGTACCGGCT-1	Ex
TTCTAACGTCAACTAC-1	Ex
TTCTAACGTGCTGTCG-1	Ex
TTCTAACTCGCTCGGA-1	Ex
TTCTGTAAGCCTGTAT-1	Ex
TTCTGTAAGTGATATG-1	Ex
TTCTGTACAAAGGTCG-1	Ex
TTCTGTACATGGGAAC-1	Ex
TTCTGTAGTCACATTG-1	Ex
TTCTGTAGTCCCGTGA-1	Ex
TTGACGAAGCTCCGGT-1	Ex
TTGACGACAAAGCTGG-1	Ex
TTGACGACAACGTCGC-1	Ex
TTGACGACATTAGCAC-1	Ex
TTGACGAGTTAACCGT-1	Ex
TTGACGAGTTAAGGGC-1	Ex
TTGACGAGTTCTCGAA-1	Ex
TTGACGAGTTTGGATC-1	Ex
TTGAGCAGTACCCACG-1	Ex
TTGAGCAGTTCCGCGA-1	Ex
TTGAGCATCAATCGTG-1	Ex
TTGAGCATCGTTGTAG-1	Ex
TTGAGCATCTGGACAT-1	Ex
TTGAGCATCTTGGCCT-1	Ex
TTGAGTGAGTGTTCCA-1	Ex
TTGAGTGCAAGTAATG-1	Ex
TTGAGTGCAATAGCGG-1	Ex
TTGAGTGGTAGATGAT-1	Ex
TTGAGTGGTGACGCAA-1	Ex
TTGAGTGTCTAGTCGA-1	Ex
TTGCACCAGCGTGTTT-1	Ex
TTGCACCCAAAGCTTC-1	Ex
TTGCACCCAAAGGCCA-1	Ex
TTGCACCGTACCTATG-1	Ex
TTGCACCGTATACGCT-1	Ex
TTGCACCGTGGCCTTG-1	Ex
TTGCACCGTGTCGGTC-1	Ex
TTGCACCTCAAAGTAG-1	Ex
TTGCACCTCACTGGTA-1	Ex
TTGCAGAAGGACTTTC-1	Ex
TTGCAGAAGTATACGA-1	Ex
TTGCAGACACCTGTGG-1	Ex
TTGCAGACATCCGTGG-1	Ex
TTGCAGAGTAAAGGCC-1	Ex
TTGCAGAGTAAGCCTT-1	Ex
TTGCAGAGTCAGGCTC-1	Ex
TTGCAGATCTCAGATG-1	Ex
TTGCCCAAGAAGAGTG-1	Ex
TTGCCCACATTGATGC-1	Ex
TTGCCCAGTCAACTGT-1	Ex
TTGCCCATCACATCCC-1	Ex
TTGCCCATCCGATGCG-1	Ex
TTGCCCATCGCTGATA-1	Ex
TTGCCCATCTCTTCTC-1	Ex
TTGCGAAAGTTCTCCC-1	Ex
TTGCGAACAATCACTG-1	Ex
TTGCGAACATTAACGC-1	Ex
TTGCGAAGTTAGGCTT-1	Ex
TTGCGAATCCAAGTCA-1	Ex
TTGCGAATCGCTCGGA-1	Ex
TTGCGAATCTCGACCT-1	Ex
TTGCGGGAGCTTCAAC-1	Ex
TTGCGGGCAAACAGTA-1	Ex
TTGCGGGCACATCATG-1	Ex
TTGCGGGTCTCGACAA-1	Ex
TTGCTATAGAGCTACG-1	Ex
TTGCTATCAAACCCTA-1	Ex
TTGCTATCAAAGACGC-1	Ex
TTGCTATCAACAACTC-1	Ex
TTGCTATCAAGTCTGT-1	Ex
TTGCTATCACACATGT-1	Ex
TTGCTATCACAGTAGG-1	Ex
TTGCTATCACGAACGA-1	Ex
TTGCTATCAGAACAGC-1	Ex
TTGCTATCAGTTCGGC-1	Ex
TTGCTATCATATAGAG-1	Ex
TTGCTATCATCGGCCA-1	Ex
TTGCTATGTCATCAAC-1	Ex
TTGCTATTCGCGCTGA-1	Ex
TTGCTATTCTATCTTG-1	Ex
TTGCTTAAGCACCATT-1	Ex
TTGCTTAAGTTGCCGC-1	Ex
TTGCTTACACCAAGGA-1	Ex
TTGCTTACACCTACCT-1	Ex
TTGCTTAGTTGGAGGT-1	Ex
TTGCTTATCACAGGGA-1	Ex
TTGCTTATCGGTAGGA-1	Ex
TTGGTCCAGGTGTCGA-1	Ex
TTGGTCCCACTAGGAG-1	Ex
TTGGTCCGTTGAATAG-1	Ex
TTGGTCCTCGCAACTA-1	Ex
TTGGTCCTCGCCAGAC-1	Ex
TTGTCTAAGACACGGT-1	Ex
TTGTCTAAGCATTGGG-1	Ex
TTGTCTAGTGAATGGC-1	Ex
TTGTCTAGTGAGGGTT-1	Ex
TTGTTCAAGAGAGGTA-1	Ex
TTGTTCAAGATCTAAG-1	Ex
TTGTTCAAGGCCTCTG-1	Ex
TTGTTCAAGGTAGGCT-1	Ex
TTGTTCACAGTAAGAT-1	Ex
TTGTTCAGTGAGGTCA-1	Ex
TTGTTCAGTTTAGAAG-1	Ex
TTGTTGTAGAACGCCA-1	Ex
TTGTTGTAGACCCTAT-1	Ex
TTGTTGTAGAGGTGGG-1	Ex
TTGTTGTAGCGATACG-1	Ex
TTGTTGTAGGGCTTCC-1	Ex
TTGTTGTCAAGATTAG-1	Ex
TTGTTGTCAGGTAACG-1	Ex
TTGTTGTGTCTCGGGT-1	Ex
TTGTTGTGTCTGGTCG-1	Ex
TTGTTGTTCGCCAGAC-1	Ex
TTGTTGTTCTCCACTG-1	Ex
TTTACGTAGATGCGAC-1	Ex
TTTACGTAGTACTCTG-1	Ex
TTTACGTCATAGAATG-1	Ex
TTTACGTCATTCTCGC-1	Ex
TTTACGTGTAACGGAC-1	Ex
TTTACGTGTAGACACG-1	Ex
TTTACGTGTAGTCTGT-1	Ex
TTTACGTGTCAGTGTT-1	Ex
TTTACGTGTGAATACA-1	Ex
TTTACGTGTGGCATAG-1	Ex
TTTACGTGTTTCACCC-1	Ex
TTTACGTTCGAGCGCT-1	Ex
TTTGAGGAGCCTCGCA-1	Ex
TTTGAGGAGCGGACAT-1	Ex
TTTGAGGAGCTATCGT-1	Ex
TTTGAGGTCAAGAGGC-1	Ex
TTTGAGGTCGCCGAAC-1	Ex
TTTGAGGTCGTAGCGC-1	Ex
TTTGAGGTCTGATCCC-1	Ex
TTTGCGCCAAAGCTTC-1	Ex
TTTGCGCCAAGCCAGA-1	Ex
TTTGCGCCAAGGCGTA-1	Ex
TTTGCGCTCCCACTTG-1	Ex
TTTGCGCTCTGGCGCA-1	Ex
TTTGGCCCAATTGTGC-1	Ex
TTTGGCCGTGATTCCA-1	Ex
TTTGGCCTCGAGGTAG-1	Ex
TTTGGTTAGCACCATT-1	Ex
TTTGGTTAGCCGCAAA-1	Ex
TTTGGTTCAGGCAAGT-1	Ex
TTTGGTTCAGTGCTCG-1	Ex
TTTGGTTGTAATGTAG-1	Ex
TTTGGTTGTAGTGATA-1	Ex
TTTGGTTTCGACTCGG-1	Ex
TTTGGTTTCGATCGCG-1	Ex
TTTGGTTTCGCAGATT-1	Ex
TTTGGTTTCGTGCTGG-1	Ex
TTTGGTTTCTGACTTT-1	Ex
TTTGTGTAGACAGTGC-1	Ex
TTTGTGTCAGACCTGC-1	Ex
TTTGTGTCATCCGTGG-1	Ex
TTTGTGTCATCGCTAA-1	Ex
TTTGTGTGTACGAGAC-1	Ex
TTTGTGTTCAGCCGAC-1	Ex
TTTGTGTTCCAATCCC-1	Ex
TTTGTGTTCCGATGCG-1	Ex
TTTGTGTTCCGATTGA-1	Ex
TTTGTGTTCCTGACCT-1	Ex
TTTGTGTTCTTCCAGC-1	Ex
AAACGAAGTGGGTAGT-1	In
AAACGAAGTTCTGAAC-1	In
AAACTCGCACTGATAC-1	In
AAACTCGGTTTAGAAG-1	In
AAACTGCCATGGATGG-1	In
AAACTGCGTCGAGGAT-1	In
AAACTGCGTTTCTCTA-1	In
AAACTGCTCCCTACCA-1	In
AAAGATGAGTCAGCCC-1	In
AAAGGATAGAAGGGCG-1	In
AAAGGATAGCCTCGCA-1	In
AAAGGATTCGGTAGGA-1	In
AAATGAGAGCCATGGA-1	In
AAATGAGGTAGTCCAT-1	In
AAATGAGGTCTGCGCA-1	In
AAATGAGGTTCTGAGT-1	In
AAATGAGTCCACGCTT-1	In
AAATGAGTCGCGCTGA-1	In
AACAGTCCAGTCCTGG-1	In
AACAGTCGTGATTCCA-1	In
AACATCGAGCTCCGGT-1	In
AACATCGCAATTCTCT-1	In
AACATCGTCGTCCCTA-1	In
AACCAACAGCAGTAGC-1	In
AACCAACAGGATTTGA-1	In
AACCAACGTACCCATA-1	In
AACCGATAGTCTCTAG-1	In
AACCGATCACGTGAAG-1	In
AACCGATTCTATGAGC-1	In
AACCTGAAGACACTTC-1	In
AACCTGAAGGATTGAT-1	In
AACCTGAAGGCTTAAA-1	In
AACCTGACACGTGAAG-1	In
AACCTGACATTCACCC-1	In
AACCTGATCCGCGATG-1	In
AACCTTTCACAAACGG-1	In
AACCTTTTCGATAGCT-1	In
AACCTTTTCGCATACA-1	In
AACGAGGCAAGCACTT-1	In
AACGAGGGTTCTGAAC-1	In
AACGGGACACCACGAC-1	In
AACGGGAGTTGCAGAG-1	In
AACGGGATCCTCCCAA-1	In
AACGTACAGATCGCCC-1	In
AACGTACAGGGTCTGA-1	In
AACGTACCAGGTGTCC-1	In
AACGTACGTGTCGGTC-1	In
AACTGGTAGAGAGTTT-1	In
AACTGGTGTTGGAGGT-1	In
AACTGGTTCAAGGCAG-1	In
AACTGTGTCGGATAAA-1	In
AACTGTGTCTGTTGCC-1	In
AACTTGGGTATTCTCT-1	In
AACTTGGTCTGATCCC-1	In
AAGGAGCAGTCCCGCA-1	In
AAGGAGCCACGGTTAT-1	In
AAGGAGCTCCACCTAC-1	In
AAGGAGCTCGGATAGG-1	In
AAGGTTCTCCATAACG-1	In
AATACGCCAATTCAGC-1	In
AATACGCGTAACATAG-1	In
AATACGCGTGCGCATC-1	In
AATACGCTCATGTTCT-1	In
AATACGCTCGCATAAC-1	In
AATGCCAGTGCTGAAG-1	In
AATGCCATCTGAACGT-1	In
AATGGAACAACTTGGT-1	In
AATGGAAGTATTCTCT-1	In
AATGGAAGTTTAGAAG-1	In
AATGGCTAGGCAATTA-1	In
AATGGCTCAATAGCGG-1	In
AATGTCGAGTGAGTGC-1	In
AATGTCGAGTTGCTTG-1	In
AATGTCGCAACTACTG-1	In
AATGTCGCAAGACTAA-1	In
AATGTCGCATAGAATG-1	In
AATGTCGTCGCTGATA-1	In
ACAAAGAAGATGCGCA-1	In
ACAAAGATCAGTGTGT-1	In
ACAATCGAGCCCATTA-1	In
ACAATCGGTGTCTCGG-1	In
ACAGAAATCGGAAAGC-1	In
ACAGACTCAATGCCAT-1	In
ACAGACTGTTCTTTGT-1	In
ACAGCGCAGAGCTGTG-1	In
ACAGCGCAGAGTGGTC-1	In
ACAGCGCAGTTATGAG-1	In
ACAGGCCAGGCAGTGT-1	In
ACAGGCCGTTCCTATT-1	In
ACAGGCCTCCAACCTC-1	In
ACATGCACAAGGAACC-1	In
ACATGCAGTACGGTTT-1	In
ACATGCAGTAGACACG-1	In
ACATGCAGTAGTCTGT-1	In
ACATGCAGTCAGTGTT-1	In
ACATGCATCTTTATCG-1	In
ACATGGTAGTGAAACT-1	In
ACATGGTCACGTTACA-1	In
ACATGGTCATCGAGTT-1	In
ACATGGTCATTGAACC-1	In
ACATGGTGTATTCGCA-1	In
ACATGGTGTTAGAGAT-1	In
ACCAAACAGCGGACAT-1	In
ACCAAACCACAGGAAC-1	In
ACCAAACCATAGTCCA-1	In
ACCAAACTCCATTGTT-1	In
ACCATCCCAAGCGACA-1	In
ACCATCCCAAGGCGTA-1	In
ACCATCCCACTGTAAC-1	In
ACCCAAAAGGTGAACC-1	In
ACCCAAATCCATAACG-1	In
ACCGAATCATCCCTCA-1	In
ACCGAATTCCGCCTAT-1	In
ACCGAATTCGACTTAG-1	In
ACCGCAGAGCAATAAC-1	In
ACCGCAGGTATCAGCT-1	In
ACCGCAGTCGGTACTA-1	In
ACCGGGTCATGCCTTC-1	In
ACCGGGTGTAGCTGTT-1	In
ACCTGCTAGAAGCCGT-1	In
ACCTGCTAGCTGAAAT-1	In
ACGGATTGTATGCTAC-1	In
ACGGATTTCGACCCGA-1	In
ACGTGGCTCCCAGTAA-1	In
ACGTGGCTCGCGTGAC-1	In
ACGTGGCTCGGTCCGA-1	In
ACGTTAGAGCCTATAC-1	In
ACGTTAGCATCCCAAA-1	In
ACGTTAGTCAAATGGA-1	In
ACTAACGGTTTAAGCC-1	In
ACTACGAAGGGAGATA-1	In
ACTACGAAGGGTGTTG-1	In
ACTACGACAGTATCTG-1	In
ACTACGACATGGGACA-1	In
ACTACGAGTGTTTCTT-1	In
ACTACGAGTTTGTACG-1	In
ACTACGATCGGTAGGA-1	In
ACTACGATCTACCCGT-1	In
ACTAGGTAGAATCAGT-1	In
ACTAGGTAGCTCCGGT-1	In
ACTAGGTCAATCACTG-1	In
ACTAGGTTCGTGGAAG-1	In
ACTATTCAGACCCTAT-1	In
ACTATTCCATGGATGG-1	In
ACTATTCTCCAACCTC-1	In
ACTCGGGAGGTACATA-1	In
ACTCGGGCAAGGCTTT-1	In
ACTCGGGCACCTGTGG-1	In
ACTCGGGTCTGGACAT-1	In
ACTGCAAAGAAATGGG-1	In
ACTGCAACAATCACTG-1	In
ACTGCGGCACAGATGG-1	In
ACTGCGGTCCATTGTT-1	In
ACTGCGGTCGTCCCTA-1	In
ACTGCGGTCTCTTCTC-1	In
ACTGTCCAGCAGAATT-1	In
ACTGTCCGTGTGCTTA-1	In
ACTGTCCTCTCGCGTT-1	In
ACTTCCGGTATTTGCG-1	In
ACTTCCGGTCAACTGT-1	In
ACTTTCACATTGCGAT-1	In
AGACAAACATGGTAAA-1	In
AGACAAAGTAACGGTG-1	In
AGACAAATCAGCGGTC-1	In
AGACAAATCTTGTCAT-1	In
AGATAGACATGCGCTG-1	In
AGATAGATCGAGCGCT-1	In
AGATTCGCAACGTACT-1	In
AGATTCGTCAAACCAC-1	In
AGATTCGTCATTGCCC-1	In
AGCCAGCTCAAACCAC-1	In
AGCCAGCTCTATTGTC-1	In
AGCCCGAAGTCCGATT-1	In
AGCCCGACAGCGTAGA-1	In
AGCCGCAAGATGGGAA-1	In
AGCCGCACAAGCCAGA-1	In
AGCCGCATCTGGTACA-1	In
AGCCTCTCAAGGTCGA-1	In
AGCCTCTGTTTCCGGG-1	In
AGCCTGGCATCGACGC-1	In
AGCCTGGGTGTGTGCC-1	In
AGCCTGGTCTGGCACG-1	In
AGCCTTCAGGATTAAC-1	In
AGCCTTCGTCACTCTC-1	In
AGCGATTAGCCGCTGT-1	In
AGCGATTAGGAGTACC-1	In
AGCGATTTCTGACATG-1	In
AGCGTATAGCAGAGCT-1	In
AGCGTATAGTGATATG-1	In
AGCGTATCACGCCGAT-1	In
AGCGTATCAGAACTTC-1	In
AGCGTGCAGGTACTCT-1	In
AGCTATGAGCTACGTT-1	In
AGCTATGAGTGCCCTG-1	In
AGCTATGTCTTAAGCG-1	In
AGCTGATAGCGATACG-1	In
AGCTGATCAAAGCTTC-1	In
AGCTGATCACAACGGA-1	In
AGCTGATCATACCCGG-1	In
AGCTGATTCTATCCTA-1	In
AGCTGGCCAGGTTATC-1	In
AGCTGGCCAGTTAAAG-1	In
AGCTGGCCATCGACGC-1	In
AGCTGGCTCAGAGTGG-1	In
AGCTGTACACGATTAC-1	In
AGCTGTACATGGCCGT-1	In
AGCTGTAGTATTCTGG-1	In
AGCTGTATCACGATTG-1	In
AGGACGAAGCAGAAAG-1	In
AGGACGAAGGTGATGC-1	In
AGGACGATCGGATAAA-1	In
AGGCCCAAGCGATACG-1	In
AGGCCCACAGAAAGAG-1	In
AGGCCCACATGATCGT-1	In
AGGCCCAGTCTAAAGA-1	In
AGGCCTGCACCGAATT-1	In
AGGCCTGGTAACAATG-1	In
AGGCCTGTCCACACCT-1	In
AGGCCTGTCCATGACA-1	In
AGGCGAAAGGAGACTC-1	In
AGGCGAAGTGCTTACA-1	In
AGGCGAATCGGATAGG-1	In
AGGCGAATCTACTGCC-1	In
AGGCGTCAGGAATGGA-1	In
AGGCGTCCAAGCCTTA-1	In
AGTCAACCATGTATCG-1	In
AGTCCGGAGGCCTCTG-1	In
AGTCCGGCACGGCCAT-1	In
AGTCCGGCATAGGCGA-1	In
AGTCCGGCATCATCGA-1	In
AGTCCGGCATGGTATC-1	In
AGTCCGGGTCCATTGA-1	In
AGTGCCGCAATGACTC-1	In
AGTGCCGCATACTGCA-1	In
AGTGCCGGTACGTAGG-1	In
AGTGCGCCAGGCATCC-1	In
AGTGCGCCATCCTCGT-1	In
AGTGCGCGTGAATCAA-1	In
AGTGTACCAATGATGA-1	In
AGTGTACCACGCGTTG-1	In
AGTGTACTCAGTCACA-1	In
AGTTACGTCGTCCCAT-1	In
AGTTTGGAGGGAAATG-1	In
AGTTTGGTCAAACCCA-1	In
AGTTTGGTCCCGGGTA-1	In
ATAGGCTAGCATGTGG-1	In
ATAGGCTCATCCATAG-1	In
ATAGTCGGTTATCGAC-1	In
ATATTCCAGCGATACG-1	In
ATATTCCGTGCACTTA-1	In
ATATTCCTCATGTTCT-1	In
ATATTCCTCTTTCGAT-1	In
ATCCAGAAGTGTCGGA-1	In
ATCCAGACAACCTCCT-1	In
ATCCAGACATCGTGAT-1	In
ATCCCTGCATCATAGC-1	In
ATCCCTGGTTCCTATT-1	In
ATCCTCGAGCATTGGG-1	In
ATCCTCGCATAGAATG-1	In
ATCCTCGGTCCAGACC-1	In
ATCCTCGTCCACACCT-1	In
ATCCTCGTCTGATCTT-1	In
ATCCTGCTCACGTGTA-1	In
ATCGAGTAGAAATGGG-1	In
ATCGAGTAGCTATCGT-1	In
ATGCATGAGTTCGTTG-1	In
ATGCATGTCACTCGGG-1	In
ATGGATCTCGCATAAC-1	In
ATGTACGAGGAGACTC-1	In
ATGTACGAGTCGTACT-1	In
ATGTACGCAGAAGTGC-1	In
ATGTACGGTCTGTTGA-1	In
ATGTACGTCCATAACG-1	In
ATGTACGTCCTGGAAT-1	In
ATGTCGAAGAAGGGCG-1	In
ATGTCGAAGCATGATA-1	In
ATGTCGACAAACTACC-1	In
ATGTCTTCAGGGTAAC-1	In
ATGTTTCAGAGTTTGA-1	In
ATGTTTCCAGATAAGT-1	In
ATGTTTCGTAAGTCTC-1	In
ATTACCTAGGGAAATG-1	In
ATTACCTAGTCGACCC-1	In
ATTACCTGTAACGGAC-1	In
ATTACCTTCCTGAAAC-1	In
ATTACCTTCTCGCGGA-1	In
ATTACTCAGGACTAGC-1	In
ATTACTCTCCAACGCG-1	In
ATTACTCTCTCGTAGA-1	In
ATTGTCTGTACAACGG-1	In
ATTGTCTGTATGTTCG-1	In
ATTGTCTGTCAGGTGA-1	In
ATTGTGGAGATCGAGC-1	In
ATTGTGGGTGAGGGTT-1	In
ATTTGTCCAACAAACA-1	In
CAAAGCTGTAAGCCTT-1	In
CAAAGCTGTTACCCAA-1	In
CAACCAAAGTCTCTAG-1	In
CAACCAACAAGTAACA-1	In
CAACCAACAATTAGGA-1	In
CAACCAACACTCGCAG-1	In
CAACCAACATACCCGG-1	In
CAACCAAGTCATAGAA-1	In
CAACCAATCACCGCGA-1	In
CAACCAATCAGCACGC-1	In
CAACCAATCCCACTAC-1	In
CAACCAATCGCTTACC-1	In
CAACCAATCGGGAAAC-1	In
CAACCAATCTTCATAC-1	In
CAACGGCAGGTAGGCT-1	In
CAACGGCCAGTATCTG-1	In
CAACGGCGTCATCGTA-1	In
CAACGGCTCCAATAGC-1	In
CAACGGCTCCTTACGC-1	In
CAACGTACACACTAGT-1	In
CAAGAAAAGACCAATA-1	In
CAAGAAACACTTACAG-1	In
CAAGAAAGTCCAGACC-1	In
CAAGAAATCAGCACTA-1	In
CAAGCTAAGTCCGGAA-1	In
CAAGCTATCGCCCTTA-1	In
CAAGCTATCTCTGACC-1	In
CAAGCTATCTTCATAC-1	In
CAAGGCCAGGCCTCGT-1	In
CAAGGCCAGTAGACCG-1	In
CAAGGCCGTTAAGGGC-1	In
CAATCCCTCGAACCGC-1	In
CAATCCCTCTACATCT-1	In
CACAACACATGGCCTG-1	In
CACAACAGTTTCGACA-1	In
CACAACATCGCTAGTA-1	In
CACAACATCGGGAATG-1	In
CACAGATGTGAATGGC-1	In
CACAGATGTGCCGGTT-1	In
CACATGAAGGCAAGCT-1	In
CACATGAAGTATGCTC-1	In
CACATGATCCAACCTC-1	In
CACATGATCGCTATTT-1	In
CACCACTAGTAGTGTA-1	In
CACCACTGTACGTAAA-1	In
CACCTGTGTATTCTGG-1	In
CACCTTGAGTCACACT-1	In
CACCTTGAGTCTGGGA-1	In
CACCTTGCATCCGTGG-1	In
CACGTTCAGAGGAAGT-1	In
CACGTTCGTACTATGC-1	In
CACGTTCTCGATGTGT-1	In
CACGTTCTCGTCCCTA-1	In
CACGTTCTCTCGACAA-1	In
CACTAAGTCACCGCGA-1	In
CACTAAGTCCCACGGA-1	In
CACTGAAAGGTTTCTG-1	In
CACTGAAAGTGATAAC-1	In
CAGCCTTAGAAATTCG-1	In
CAGCCTTAGGCTTCGC-1	In
CAGCCTTCAGGGCTTC-1	In
CAGCCTTGTGTGCTTA-1	In
CAGCCTTTCCAGGCCA-1	In
CAGCCTTTCGTATAGC-1	In
CAGCTAAAGTCCGGAA-1	In
CAGCTAAGTGCGTCCA-1	In
CAGCTGGAGGAATGGA-1	In
CAGCTGGTCGACTTAG-1	In
CAGGATTCACACGGTC-1	In
CAGGATTTCCACGCTT-1	In
CAGGATTTCGAGGCTC-1	In
CAGGGCTCAACGTACT-1	In
CAGGGCTCACGTACAT-1	In
CAGGGCTGTCTGGGAA-1	In
CAGTATGCAACGAGGT-1	In
CAGTATGGTATCACAC-1	In
CAGTATGGTCACAGTT-1	In
CAGTATGTCCAGGCCA-1	In
CAGTGCGAGATTACGA-1	In
CAGTGCGAGGTCGTTT-1	In
CAGTGCGAGTATGGGC-1	In
CAGTGCGGTGTTAGAA-1	In
CAGTGTAAGGTTAACA-1	In
CAGTGTACACATCATG-1	In
CAGTGTAGTCTGGTTA-1	In
CAGTGTATCCGAATTG-1	In
CAGTGTATCGTTACAG-1	In
CAGTGTATCTCATATC-1	In
CATAACGAGAAGGGCG-1	In
CATAACGGTACGCAAG-1	In
CATAACGTCCAAGAGG-1	In
CATGCCTTCGCACAAT-1	In
CATGCCTTCGCGATGC-1	In
CATGTTTCAGCCACGT-1	In
CATGTTTTCTCTCAAT-1	In
CATTCATCACACGGTC-1	In
CATTCCGCACCTGTGG-1	In
CATTCCGCATGCTATG-1	In
CATTCCGTCTACATCT-1	In
CATTGGAGTAAGTCTC-1	In
CATTGGAGTAGCGAGT-1	In
CCAATGAGTAGGTCTT-1	In
CCAATGAGTCCTCAGG-1	In
CCAATGATCGGACGAA-1	In
CCAATGATCTTCACTA-1	In
CCACAGGAGCGTCAAG-1	In
CCACAGGAGGCGACTA-1	In
CCACAGGAGTTGCTTG-1	In
CCACAGGCACAGCCAC-1	In
CCACAGGTCCAGTACA-1	In
CCACGTTTCGTGGGTC-1	In
CCACGTTTCTATGAGC-1	In
CCAGAATTCACGATTG-1	In
CCAGATACACGCGTTG-1	In
CCAGATACAGCAACGA-1	In
CCAGATACAGTGCGTC-1	In
CCAGATATCTTCACTA-1	In
CCATACCCAAGCAACG-1	In
CCATACCCATCACAAC-1	In
CCCACATCAAACCCTA-1	In
CCCACATCAAGTCTGT-1	In
CCCACATCAATTGGCT-1	In
CCCACATCACAGTAGG-1	In
CCCACATCACGAACGA-1	In
CCCACATCAGAACAGC-1	In
CCCACATCAGTTCGGC-1	In
CCCACATCATACCCGG-1	In
CCCACATCATCGGCCA-1	In
CCCGTTACAAACTACC-1	In
CCCGTTACAGTTAAAG-1	In
CCCGTTATCTTCCAGC-1	In
CCCTAACCACCTGAAT-1	In
CCCTAACGTTGTGAGG-1	In
CCCTAACTCAAATGGA-1	In
CCCTAACTCTTCCGTG-1	In
CCCTAGTAGCGATACG-1	In
CCCTAGTTCCAACAAC-1	In
CCCTCTCAGGTTAGTA-1	In
CCCTCTCGTAACGGCA-1	In
CCCTGATAGATAGGTT-1	In
CCCTGATAGATCTAAG-1	In
CCCTGATAGTTGCCGC-1	In
CCCTGATGTCGCTAGC-1	In
CCCTGATGTGTGACCC-1	In
CCGAAGCAGGCATGCA-1	In
CCGAAGCGTTCCTGTC-1	In
CCGCATTAGGGCTCTC-1	In
CCGCATTCACATCATG-1	In
CCGCATTGTATCCCTC-1	In
CCGCATTGTCACTCTC-1	In
CCGCATTGTGTAGGAC-1	In
CCGCATTGTTTGTAGC-1	In
CCGCATTTCAACTTGG-1	In
CCGTACTCACCCTTTG-1	In
CCGTAGGAGTCTTAGC-1	In
CCGTAGGGTCATGAGG-1	In
CCGTAGGGTCCCGAGT-1	In
CCGTAGGTCAGGAAGC-1	In
CCGTGAGAGCGTATCT-1	In
CCGTGAGAGTAGAAGG-1	In
CCGTGAGGTCAGTGTT-1	In
CCGTGAGTCGCTTACC-1	In
CCGTGAGTCTCTGAGA-1	In
CCTAAAGTCAATTCCT-1	In
CCTAAAGTCCCAGTAA-1	In
CCTATTAAGGTACTCT-1	In
CCTCCCTTCGAACCGC-1	In
CCTGCTAAGGCCTAAG-1	In
CCTGCTACACAGTTAC-1	In
CCTGCTATCTGTTGCC-1	In
CCTTAATAGATGTTCC-1	In
CCTTAATCAAGACTTC-1	In
CCTTAATCACTAAACC-1	In
CCTTAATCAGCAACAG-1	In
CCTTGCACATTGCCTC-1	In
CCTTGCAGTAGTACAA-1	In
CCTTGCAGTCTCAAAC-1	In
CCTTGGTAGATCACCT-1	In
CCTTGGTGTTTCCTAT-1	In
CCTTGGTTCTGGCCAG-1	In
CGAGTTAAGCATACCT-1	In
CGAGTTAGTAATGCCT-1	In
CGAGTTAGTCAGACGA-1	In
CGAGTTAGTGAGGTCA-1	In
CGATGATAGAGCAGCT-1	In
CGATGATCAAATTGAG-1	In
CGATGATCACGCTGTG-1	In
CGATGATGTCGGCTGT-1	In
CGCACAGCACGCTGTG-1	In
CGCACAGCACTCCTCA-1	In
CGCACAGCAGAGCCAA-1	In
CGCACAGTCGTTCAGA-1	In
CGCAGGTAGGTACTCT-1	In
CGCAGGTCAAGCCAGA-1	In
CGCAGGTGTATCATGC-1	In
CGCAGGTTCTTCTTCC-1	In
CGCGCAACAATGGTCT-1	In
CGCGCAAGTCGCTAGC-1	In
CGCGCAATCACTTACT-1	In
CGCGCAATCTCGTGAA-1	In
CGCTAGGCAAAGAGAG-1	In
CGCTAGGTCGCAAACT-1	In
CGCTATCAGGCTCAGA-1	In
CGCTATCGTACCTATG-1	In
CGCTATCGTCTGCACG-1	In
CGCTGGAAGGCGCTTC-1	In
CGCTGGACACAGATGG-1	In
CGCTGGACAGGGTACA-1	In
CGCTGGATCGCGTTCT-1	In
CGGACCAAGACTAGGC-1	In
CGGACCACAGCACATT-1	In
CGGACCATCGCACCTT-1	In
CGGACTGCAAGCCTTA-1	In
CGGACTGCAAGGCTTT-1	In
CGGTGCAGTTGTGAGG-1	In
CGGTGCATCAAATGGA-1	In
CGGTGCATCTATCTAC-1	In
CGTAAACAGGCCTCTG-1	In
CGTAAACCAATGCATC-1	In
CGTAAACCACCTGGTG-1	In
CGTAAACCACTGGGCT-1	In
CGTACAACAGAAGTGC-1	In
CGTACAACATTGTTCT-1	In
CGTACAATCGTTGTAG-1	In
CGTGGCAAGAACCCGA-1	In
CGTGGCAAGCAGTAGC-1	In
CGTGGCACAGGGTAAC-1	In
CGTTCCAAGTTCCCGG-1	In
CGTTCCATCCTCATTA-1	In
CTAACTTAGTGGTGTG-1	In
CTACAGAGTATCCCTC-1	In
CTACTTAAGCCAGAAC-1	In
CTACTTAAGCTATCCA-1	In
CTACTTACATCGACCG-1	In
CTAGCGGCAAGGCTTT-1	In
CTAGCGGCAATACTGC-1	In
CTAGCGGGTGGTCGAA-1	In
CTAGGGCCAAATGTCC-1	In
CTAGGGCCAAGGATGC-1	In
CTAGGGCCACACACCG-1	In
CTAGGGCCACGTGAAG-1	In
CTAGGGCCAGAACTTC-1	In
CTCAACCAGCTATCCA-1	In
CTCAACCAGGCATGCA-1	In
CTCAACCAGTCGATAA-1	In
CTCAACCAGTGAACCG-1	In
CTCAACCGTACATGGG-1	In
CTCAACCTCCTAAGTG-1	In
CTCAACCTCCTTTGCG-1	In
CTCACCATCCAGGTAT-1	In
CTCAGAAAGTAGTCGG-1	In
CTCAGAATCAGCACGC-1	In
CTCAGCTAGTCAGCCC-1	In
CTCAGCTCATCCGTGG-1	In
CTCATGCCAAGACTTC-1	In
CTCATGCCACAATAAG-1	In
CTCATGCCACAGATGG-1	In
CTCATGCGTATTCGCA-1	In
CTCATGCGTCTAAGAA-1	In
CTCATGCTCACCGCGA-1	In
CTCCCAAGTATGCTAC-1	In
CTCGCTAAGAGGAAGT-1	In
CTCTACGAGAATCAGT-1	In
CTCTACGAGCGGACTA-1	In
CTCTACGCAATGGTAA-1	In
CTCTACGCAGCCACGT-1	In
CTCTACGGTATGAAGT-1	In
CTCTACGGTTAGCTCA-1	In
CTCTACGGTTTGTACG-1	In
CTCTAGCAGTCCGTGC-1	In
CTCTCAGAGCAGAGCT-1	In
CTCTCAGTCCGATTGA-1	In
CTCTCGAAGTGCTCGC-1	In
CTCTCGACAACGCAAG-1	In
CTCTCGAGTTTAGGAA-1	In
CTGAATGCACTCGCAG-1	In
CTGAATGGTCAAATCC-1	In
CTGCGTTAGTCCAGAG-1	In
CTGCGTTGTTCTACCC-1	In
CTGCTCAAGGGTTCTT-1	In
CTGCTCACATTGCACA-1	In
CTGCTCAGTTGTGAGG-1	In
CTGGCAGAGCGAGAAA-1	In
CTGGCAGCATCCCAAA-1	In
CTGGCAGTCCGTTTCG-1	In
CTGGGACGTGCCCAGT-1	In
CTGTATTAGATTAGAC-1	In
CTGTATTCAAGCCAGA-1	In
CTGTATTCACGGCCAT-1	In
CTGTATTCATAGGCGA-1	In
CTGTATTGTAACCCAT-1	In
CTGTATTTCTTGGCCT-1	In
CTGTTCGAGGATTAAC-1	In
CTGTTCGGTTAGCTCA-1	In
CTGTTCGTCCGCTCTA-1	In
CTGTTCGTCGGATCGC-1	In
CTGTTCGTCTTTGCAT-1	In
CTTAATCGTAAACGGC-1	In
CTTCCAGAGAAATGGG-1	In
CTTCCAGGTCTCTGCT-1	In
CTTCTAAAGAACGTCG-1	In
CTTCTAACATTGCACA-1	In
CTTCTAAGTAGTCTGT-1	In
CTTCTAATCCCACTAC-1	In
CTTCTAATCTTCGTTA-1	In
CTTGAAGCACCTGAAT-1	In
CTTGCCAAGTAGTGTA-1	In
CTTGCCATCCTTTGAT-1	In
CTTGCCATCGACTCGG-1	In
CTTGCTGGTAATGTGA-1	In
CTTGCTGGTCTGGATT-1	In
CTTGCTGGTGCGACCT-1	In
CTTGTCGAGGATGTAT-1	In
CTTGTCGAGTATAGTG-1	In
CTTGTCGCACAGAAGC-1	In
CTTTGCGAGTGAAACT-1	In
CTTTGCGAGTTCGTTG-1	In
CTTTGCGGTGTGCGTC-1	In
GAAACAAGTCTGAGCC-1	In
GAAACAAGTGGTAGAC-1	In
GAAACAATCACTAGGT-1	In
GAAAGTAAGTGAGTTA-1	In
GAAATGAAGGTAGGAA-1	In
GAACCGCAGAACTAAC-1	In
GAACCGCAGGTGATGC-1	In
GAACCGCCACTTTGGA-1	In
GAACCGCGTCAACTGT-1	In
GAACCGCTCACGTGTA-1	In
GAACCGCTCTGTAGAC-1	In
GAACCTATCCAACAAC-1	In
GAACGTTGTACCCATA-1	In
GAACGTTTCTGACATG-1	In
GAACTTGCACTGTCAA-1	In
GAACTTGGTCCGAGCT-1	In
GAACTTGTCAAACCAC-1	In
GAAGAGCCACAGCCAC-1	In
GAAGAGCCACCCATCT-1	In
GAAGAGCGTAAGCCGA-1	In
GAAGTCTAGGTTCGAG-1	In
GAAGTCTCATCTCACC-1	In
GAAGTGGAGTCCGTGC-1	In
GAAGTGGCAGGCAGAT-1	In
GAATCTGCATCCCTCA-1	In
GAATCTGGTGATAACA-1	In
GAATCTGGTGTCCCAG-1	In
GACCAATAGTCCGTGC-1	In
GACCAATCACGCGACT-1	In
GACCCAGAGCAATGTA-1	In
GACCCAGCATTCACCC-1	In
GACCGACGTACTTCAG-1	In
GACCGACGTCCGCTTT-1	In
GACCTTCAGAACGTTA-1	In
GACCTTCAGCAGTAGC-1	In
GACCTTCTCGTGGAAG-1	In
GACTAACCAATTCTCT-1	In
GACTAACGTGACAAGC-1	In
GACTAACGTGTTTCTT-1	In
GACTAACTCCGTGCAG-1	In
GACTAACTCGCATAAC-1	In
GACTAGTGTAGCGAGT-1	In
GACTAGTTCCTCCTGA-1	In
GAGAACGAGCGAATAT-1	In
GAGAACGAGTCAGCCC-1	In
GAGAACGCAAGTCTGT-1	In
GAGAACGGTCTTAGCA-1	In
GAGAACGGTGCTTACA-1	In
GAGACTTAGACACTTC-1	In
GAGACTTAGGCATGCA-1	In
GAGACTTCATCCCTCA-1	In
GAGACTTTCCAATAGC-1	In
GAGACTTTCGCCTTAC-1	In
GAGATTCCACTAGGAG-1	In
GAGATTCGTTCCAGTA-1	In
GAGATTCTCGAGCGCT-1	In
GAGATTCTCTTGTCAT-1	In
GAGCATTAGCCCATTA-1	In
GAGCATTGTTCAGAAA-1	In
GAGCGCTAGCAGGAGG-1	In
GAGCGCTAGCATTCCA-1	In
GAGCGCTCACTGGGCT-1	In
GAGGATGAGTTAGCAA-1	In
GAGGCTCCAATGCACT-1	In
GAGGTCCAGACAGCTG-1	In
GAGGTCCAGAGTTCGG-1	In
GAGGTCCCAAGGACCA-1	In
GAGGTCCGTCCGTAGC-1	In
GAGGTCCGTGCATTGT-1	In
GAGGTCCGTGTCCAGC-1	In
GAGGTCCGTTCTTATC-1	In
GAGTGAGAGATCCGAG-1	In
GAGTGAGAGTCGATAA-1	In
GAGTGAGCAGAACGAC-1	In
GAGTGAGGTGCTGAAG-1	In
GAGTGAGTCCCTAAAG-1	In
GAGTGAGTCGATAGGG-1	In
GATCATGGTACGACCC-1	In
GATCGTACAAGCGTCC-1	In
GATCGTATCAAGAGGC-1	In
GATGATCAGAGCACTG-1	In
GATGATCCAAAGCATA-1	In
GATGATCCAGCTGATT-1	In
GATGATCCATGGTAAA-1	In
GATGATCTCGCATAAC-1	In
GATGGCCAGGGTTCCC-1	In
GATGGCCAGTCTGCTA-1	In
GATGGCCCAAGACTAA-1	In
GATGGCCCAGCGTAGA-1	In
GATGGCCCATTCGTCC-1	In
GATTAGCGTTAGCTCA-1	In
GATTAGCTCCATACCC-1	In
GATTGACAGGGTATCG-1	In
GCAAAGGGTCACAGGA-1	In
GCAAAGGTCAGGGTTT-1	In
GCAAAGGTCCCGATTC-1	In
GCAACCGAGCGGACAT-1	In
GCACCTTCACGCGTTG-1	In
GCACCTTCATGGCCTG-1	In
GCACCTTGTACGCAAG-1	In
GCACCTTGTCAACAGG-1	In
GCACCTTGTCATTGGT-1	In
GCACCTTTCGAAGCCC-1	In
GCACGCAAGCGCGTTC-1	In
GCACGCACACGCTGTG-1	In
GCACGCACATGGTAAA-1	In
GCACGCAGTCTAAAGA-1	In
GCACGCAGTGCGTAGA-1	In
GCACGCATCCGCTCTA-1	In
GCACGCATCTATAGGC-1	In
GCACGCATCTTGGCCT-1	In
GCACGGTAGTTCTCCC-1	In
GCACGGTCAAGCGACA-1	In
GCACGGTGTAAAGGCC-1	In
GCACGGTGTATCGCGC-1	In
GCAGCCAAGCTGAAAT-1	In
GCAGCCACAGATGGCA-1	In
GCAGCCATCGCACCGA-1	In
GCAGCCATCTGGCCAG-1	In
GCAGCTGGTTTGTCTT-1	In
GCAGCTGTCGGGTCCA-1	In
GCATGATAGCTGAATA-1	In
GCATGATCAGTAGTTC-1	In
GCATGATGTTCTGAAC-1	In
GCATGATTCGATAGTC-1	In
GCATTCCAGTACTCTG-1	In
GCATTCCAGTGAATAC-1	In
GCATTCCTCGGATAAA-1	In
GCATTGAAGTGTTCCA-1	In
GCCAGACAGTGCAACG-1	In
GCCAGACGTCTGCACG-1	In
GCCAGCAAGCCATGGA-1	In
GCCAGCACAGAAGTGC-1	In
GCCAGCATCAGCACGC-1	In
GCCAGCATCTTAAGCG-1	In
GCCATAAAGCGAATAT-1	In
GCCATAACACGCTCAG-1	In
GCCATAAGTCTGCACG-1	In
GCCCAGACAACAACTC-1	In
GCCCAGACAGGCAAGT-1	In
GCCCAGATCGACTGGC-1	In
GCCCGAAAGCGCGTTC-1	In
GCCCGAACAGGGCTTC-1	In
GCCCGAACATCATCGA-1	In
GCCCGAAGTAACATAG-1	In
GCCTACTCAAGGAACC-1	In
GCCTACTGTGCAAAGC-1	In
GCCTAGGCACCACAGC-1	In
GCCTAGGCATGGCCCA-1	In
GCCTAGGGTGCTGTCG-1	In
GCCTAGGGTGGCCTCA-1	In
GCCTAGGGTTGCTTGA-1	In
GCGAGAAGTTTGTCTT-1	In
GCGAGTCCATGTGAGG-1	In
GCGAGTCGTTGGCTAT-1	In
GCGAGTCTCCATAACG-1	In
GCGATCGAGGGTCCCT-1	In
GCGATCGGTAGTATCC-1	In
GCGATTACAGTTACAC-1	In
GCGCATGCACGCCGAT-1	In
GCGCATGGTCTCAAAC-1	In
GCGCATGGTCTTAGCA-1	In
GCGCATGGTGGACGAT-1	In
GCGCATGGTTGGAGGT-1	In
GCGCCAAAGGTTCGAG-1	In
GCGCCAAGTTTCCTAT-1	In
GCGCCAATCCGATTGA-1	In
GCGGAAAAGAAAGGGT-1	In
GCGGAAAAGTGATTAG-1	In
GCGGAAACATTGAACC-1	In
GCGGAAAGTTCTTTGT-1	In
GCGGAAATCTGGCGCA-1	In
GCGGGTTAGCTATCCA-1	In
GCGGGTTGTCGATAGG-1	In
GCGGGTTTCTCGTGAA-1	In
GCGTAGCAGAGAGGTA-1	In
GCGTAGCCACAATAAG-1	In
GCGTAGCGTCTCTGCT-1	In
GCGTAGCTCCGAGGAA-1	In
GCGTTGGAGCTACGCC-1	In
GCGTTGGGTACGGATG-1	In
GCGTTGGGTAGTGATA-1	In
GCGTTGGTCTGGCACG-1	In
GCTCACTAGGTTAACA-1	In
GCTCACTGTGTGTGTT-1	In
GCTCACTTCTGTCGGG-1	In
GCTCAGGCACGTACAT-1	In
GCTCAGGCACTCCACT-1	In
GCTCCTACAATTCTCT-1	In
GCTCCTAGTACGTATC-1	In
GCTCCTAGTAGGTAAT-1	In
GCTCCTAGTGCACATT-1	In
GCTCCTATCCAGTACA-1	In
GCTCCTATCGAAGCCC-1	In
GCTCGAGAGTCTCTAG-1	In
GCTCGAGGTAGGTAAT-1	In
GCTGAGCGTGCAAGAC-1	In
GCTGCGAAGCGTTGCC-1	In
GCTGTTCAGACGCCAA-1	In
GCTGTTCCAAAGCATA-1	In
GCTTAAGAGGCTTTAC-1	In
GCTTAAGCAAGGGTAC-1	In
GCTTAAGTCCGGACTG-1	In
GCTTGCTAGGTCGTTT-1	In
GCTTGCTAGTGAATAC-1	In
GCTTGCTGTCAGTGTT-1	In
GCTTGCTGTGCACATT-1	In
GCTTGCTGTGGCCTCA-1	In
GCTTGCTGTTTCAGCA-1	In
GCTTTCGAGCCATTCA-1	In
GCTTTCGAGTATACGA-1	In
GCTTTCGGTAGTCCAT-1	In
GCTTTCGGTCGGCTGT-1	In
GCTTTCGGTGTTGGTT-1	In
GGAACCCCACAGTAGG-1	In
GGAACCCGTCCAAGAG-1	In
GGAACTTCACGGCCAT-1	In
GGAACTTGTTCTGAAC-1	In
GGAATCTCAGTGCTCG-1	In
GGAATCTGTCTCAAAC-1	In
GGACACCAGTGAACCG-1	In
GGACACCCATCCGTGG-1	In
GGACACCTCCGCGATG-1	In
GGAGAACAGAACGTCG-1	In
GGAGAACAGACTCGGA-1	In
GGAGGATAGGGTCCCT-1	In
GGAGGATAGTGGTGTG-1	In
GGAGTAGAGCTACGCC-1	In
GGAGTAGGTCAAATCC-1	In
GGATAGGGTCGGCTGT-1	In
GGATAGGTCGAACACT-1	In
GGATGAGCACCTTGTC-1	In
GGCACGTCACTCAAGT-1	In
GGCATTAAGCGTAGCA-1	In
GGCATTAAGGTTTCTG-1	In
GGCATTAAGTAGGAAG-1	In
GGCGAAACACTGATTG-1	In
GGCGAAACACTTATGG-1	In
GGCGAAAGTGGACAGT-1	In
GGGAACATCTGAGTCA-1	In
GGGACCTAGGTCCTCG-1	In
GGGACCTCAGTGCTCG-1	In
GGGACCTTCCTTTGCG-1	In
GGGCCATAGCTGAAAT-1	In
GGGCCATGTAGGTCTT-1	In
GGGCCATGTAGTGATA-1	In
GGGCCATTCCGCTATC-1	In
GGGCCATTCGTTCCGT-1	In
GGGTCTGCAGAAGTGC-1	In
GGGTCTGCATGTGGGA-1	In
GGGTCTGGTGGAGTGT-1	In
GGGTCTGTCGGGAATG-1	In
GGGTCTGTCTCTTCCT-1	In
GGGTCTGTCTTGTCAT-1	In
GGGTGTCAGTTCAAGA-1	In
GGGTTATAGATGGCAC-1	In
GGGTTATCAAACAGTA-1	In
GGGTTATGTCGTCGCA-1	In
GGGTTATGTGTCGTGC-1	In
GGGTTATGTTCCTATT-1	In
GGGTTATGTTTCGATG-1	In
GGGTTATTCGACTCGG-1	In
GGTACCGCAATTCTCT-1	In
GGTACCGGTAGACACG-1	In
GGTACCGGTAGCTGTT-1	In
GGTACCGGTAGTCTGT-1	In
GGTACCGGTCAGTGTT-1	In
GGTAGGAAGATTCCGT-1	In
GGTAGGAAGGGTTCTT-1	In
GGTAGGAAGGTGATGC-1	In
GGTAGGATCTCCACTG-1	In
GGTCATAGTCATAAGA-1	In
GGTGAAGTCCCAGCGA-1	In
GGTGCTGGTATCTCAG-1	In
GGTGTCGAGAAGCCTG-1	In
GGTGTCGGTAAACGTA-1	In
GGTTGCGAGTGTGTAA-1	In
GGTTGCGCAAGCCCTG-1	In
GGTTGCGCAAGTTCGT-1	In
GGTTGCGGTACCCATA-1	In
GGTTGCGGTGTCCTTC-1	In
GGTTGCGTCAGGAAGC-1	In
GTAATCGCACCTGGTG-1	In
GTAATCGCAGGTAGCA-1	In
GTAATCGGTTCAGTAC-1	In
GTAATCGGTTTCTTAC-1	In
GTACTTTAGAAGCCGT-1	In
GTACTTTCACTAGCCG-1	In
GTACTTTCACTCGGAC-1	In
GTACTTTCAGAGATGC-1	In
GTACTTTCATGTAGAA-1	In
GTACTTTGTTGTATCG-1	In
GTACTTTTCCAGTTAG-1	In
GTAGACTAGCGCGTTC-1	In
GTAGACTAGTACGCGA-1	In
GTAGACTGTGGTCGAA-1	In
GTAGACTTCCGCTATC-1	In
GTAGGAGAGGAAGACA-1	In
GTAGTACAGCATTGGG-1	In
GTAGTACCATCTGCAA-1	In
GTAGTACGTCTCTAAG-1	In
GTAGTACGTGTCGTCG-1	In
GTAGTACTCTCGACCT-1	In
GTCACAACACCAAGGA-1	In
GTCACAATCCTTTGAT-1	In
GTCACCTAGAAGGGCG-1	In
GTCACCTAGATGGGTC-1	In
GTCACCTAGTAGTTCC-1	In
GTCACCTAGTGAGCTG-1	In
GTCACCTCAGCAACCC-1	In
GTCACCTGTAGCAGCA-1	In
GTCACCTGTAGTTTGC-1	In
GTCACGGTCCAGGGAA-1	In
GTCACTCAGACAACGC-1	In
GTCACTCGTCGCGCTA-1	In
GTCACTCGTTTCTCTA-1	In
GTCCATCAGGCCTAAG-1	In
GTCCATCCAAACCTAC-1	In
GTCCATCGTAAACGGC-1	In
GTCCATCGTACCCATA-1	In
GTCCATCGTATGGATA-1	In
GTCCATCTCACCGCGA-1	In
GTCCATCTCCCACTAC-1	In
GTCCATCTCGCTTACC-1	In
GTCGTAAAGTGTAATG-1	In
GTCGTAATCAAACCAC-1	In
GTCGTAATCGATATGC-1	In
GTCGTAATCTCGACCT-1	In
GTCTACCAGACACTTC-1	In
GTCTACCAGGCTTAAA-1	In
GTCTACCCAGCACATT-1	In
GTCTACCGTGTGCGTC-1	In
GTGACATGTACGCCCA-1	In
GTGACATGTGAGGTCA-1	In
GTGACATGTGAGTAAT-1	In
GTGACATTCGCATAAC-1	In
GTGATCAAGGGTGTTG-1	In
GTGATCAGTGATCAGG-1	In
GTGCACGGTTCGGGAA-1	In
GTGCCAGAGTCTGCTA-1	In
GTGCCAGGTGAGGGTT-1	In
GTGCCAGGTTCTGAGT-1	In
GTGCCAGTCAATCGTG-1	In
GTGCCAGTCACTCGTC-1	In
GTGCCAGTCCCACGGA-1	In
GTGCTGGCACCTACCT-1	In
GTGCTGGGTCACCGCA-1	In
GTGCTGGGTCACTCTC-1	In
GTGCTGGGTGTAGGAC-1	In
GTGCTGGGTTACCCAA-1	In
GTGCTGGGTTTGTAGC-1	In
GTGGATTAGATATGTG-1	In
GTGGATTAGGATGTCG-1	In
GTGGCGTAGAAAGGGT-1	In
GTGGCGTGTGTGCGTC-1	In
GTGTCAACAGTAGTCT-1	In
GTGTCAACATCACAAC-1	In
GTGTCCTAGAGGTGGG-1	In
GTGTGATTCAAGGCCC-1	In
GTGTGATTCGTATAGC-1	In
GTTACGATCAAGAGAT-1	In
GTTACGATCACTCGTC-1	In
GTTACTTGTAGCAGCA-1	In
GTTACTTGTTTCCTAT-1	In
GTTATGGAGCCATTCA-1	In
GTTATTCAGCACACCC-1	In
GTTATTCAGTTACCAC-1	In
GTTATTCCAATACTGC-1	In
GTTATTCCATCATAGC-1	In
GTTATTCCATCCCAAA-1	In
GTTATTCGTGTCCAGC-1	In
GTTATTCTCTGACTTT-1	In
GTTCAAGAGGAAGAAC-1	In
GTTCAAGCAAGGACCA-1	In
GTTCAAGCAGTAACCT-1	In
GTTCAAGCATCCCGGA-1	In
GTTCAAGTCAAGTTGC-1	In
GTTGGGCAGACAGTGC-1	In
GTTGGGCAGCCTGTAT-1	In
GTTGGGCTCCCTACGT-1	In
GTTGGTAAGAAAGGGT-1	In
GTTGGTAAGCGTCTGC-1	In
GTTGGTATCCACCTAC-1	In
GTTGGTATCCTTGACC-1	In
TAAACCGTCCTAGAGT-1	In
TAAACCGTCTTAGTGG-1	In
TAACAGCAGTCTGCTA-1	In
TAACAGCGTCTGCACG-1	In
TAACGGTGTACGCCCA-1	In
TAACGGTGTCTCAAAC-1	In
TAACGGTTCACCGCGA-1	In
TAACGGTTCCCACTAC-1	In
TAACGGTTCGCTTACC-1	In
TAACGGTTCTTCACTA-1	In
TAACTTCAGTTAGAGT-1	In
TAACTTCTCAGGCCGT-1	In
TAACTTCTCTGTTTAC-1	In
TAAGCCAAGACGAAAG-1	In
TAAGCCAAGTGAATAC-1	In
TAAGCCACATCCGTGG-1	In
TAAGCCAGTTACGAAA-1	In
TAAGCCATCCTGGAAT-1	In
TAAGTGCAGAACGTTA-1	In
TAAGTGCAGGTTGTTC-1	In
TAAGTGCCACAAACGG-1	In
TAAGTGCCACATCATG-1	In
TAAGTGCTCAGATACC-1	In
TAAGTGCTCGACTGGC-1	In
TAATCGGCATACAACC-1	In
TAATCGGGTCGCGCTA-1	In
TAATCGGGTTGGACGA-1	In
TAATCGGTCAAGAGAT-1	In
TAATTCCCACAAGGGT-1	In
TAATTCCCAGAACAGC-1	In
TACAGCAAGCTGCTCG-1	In
TACAGCACATCCCTTG-1	In
TACAGCACATGGTAAA-1	In
TACAGCAGTGGAAGCT-1	In
TACAGCATCCCGGGTA-1	In
TACAGCATCGCGTGAC-1	In
TACATGGAGGTTCGAG-1	In
TACATGGTCCAGGGAA-1	In
TACATTCAGAATCAAC-1	In
TACATTCAGGAGTCTG-1	In
TACATTCAGGGCTTCC-1	In
TACATTCTCTTATCAC-1	In
TACCCTGCATGCTATG-1	In
TACCCTGTCCATACGA-1	In
TACCTATAGTGTCACT-1	In
TACCTATCAAAGCTGG-1	In
TACCTATGTACGACCC-1	In
TACCTATGTCGATAGG-1	In
TACCTCGAGACGAAAG-1	In
TACCTCGCACTCGTGG-1	In
TACCTCGCAGAAGTGC-1	In
TACCTCGCATTGTTCT-1	In
TACCTCGGTTCCAGTA-1	In
TACCTCGTCCGCTCTA-1	In
TACCTCGTCTATACCT-1	In
TACGCAAGTGCACTTA-1	In
TACGGATAGAAATACC-1	In
TACGGATAGAGGAATG-1	In
TACGGATAGAGTAAGG-1	In
TACGGATCAATTCTCT-1	In
TACGGATCATTTCACT-1	In
TACGGATTCCAGTACA-1	In
TACGGATTCGAAGCCC-1	In
TACTAGGAGACTCTTG-1	In
TACTAGGAGATCGATA-1	In
TACTAGGGTAACGGAC-1	In
TACTAGGGTGGCATAG-1	In
TACTAGGTCAGAACGG-1	In
TACTCGCAGTAGCAAT-1	In
TACTCGCAGTCTAGAA-1	In
TACTCGCTCCCACTAC-1	In
TACTCGCTCGCTTACC-1	In
TACTGCCAGCTAACAA-1	In
TACTGCCAGTGTAATG-1	In
TACTGCCGTCAGGCTC-1	In
TACTGCCGTGAGCTAG-1	In
TACTGCCTCTGATCCC-1	In
TAGACTGAGAGTCCGA-1	In
TAGACTGCAGATTTGC-1	In
TAGACTGTCCTTACGC-1	In
TAGCACAAGCGTTGCC-1	In
TAGCACACACTCCACT-1	In
TAGCACAGTCTAAGAA-1	In
TAGCATGCAAGTTCGT-1	In
TAGCATGCAGGCATCC-1	In
TAGCCCTAGAAGCCGT-1	In
TAGCCCTAGGATTGAT-1	In
TAGCCCTAGTAGCAAT-1	In
TAGCCCTGTGAGTTGG-1	In
TAGCCGGCATACCCGG-1	In
TAGCCGGGTCGCTAGC-1	In
TAGCCGGGTTAGTAGA-1	In
TAGCGGCCATGGCCTG-1	In
TAGCTTTAGACCAATA-1	In
TAGCTTTAGTCTAGAA-1	In
TAGCTTTGTACAACGG-1	In
TAGCTTTGTGATGCTT-1	In
TAGGTCAAGATTAGAC-1	In
TAGGTCAAGTCCGGAA-1	In
TAGGTCACATCATAGC-1	In
TAGGTCACATCGGCTG-1	In
TAGGTGTAGCTGGAGT-1	In
TAGGTGTCAACTAGAA-1	In
TAGGTGTCATGGCCCA-1	In
TAGGTGTTCCAAGAGG-1	In
TAGTCCCGTCCGAGCT-1	In
TAGTCCCGTGGATTCT-1	In
TATCGAGGTCTGAGCC-1	In
TATCGAGTCCATCATT-1	In
TATCTGTAGACTCTTG-1	In
TATCTGTAGATCGATA-1	In
TATCTGTTCACTCGGG-1	In
TATGTGGAGAGCCTGA-1	In
TATGTGGCACCCTTAC-1	In
TATGTGGCACGATTAC-1	In
TATGTGGGTGTCTACA-1	In
TATGTGGGTTTAGACC-1	In
TATGTTCCAAGTAATG-1	In
TATGTTCCATGCGCTG-1	In
TATTGCTCACAGCTTA-1	In
TATTGCTGTGGTACTT-1	In
TCAAAGCCAGAACGAC-1	In
TCAAAGCCAGCAAACG-1	In
TCAAAGCCATCCTGGG-1	In
TCAAAGCGTGCATCAT-1	In
TCAAAGCTCAATTGGC-1	In
TCAAAGCTCGTGGGTC-1	In
TCAAGACGTCAGAAGC-1	In
TCAAGCAAGACAGTGC-1	In
TCAAGCAAGGTACACG-1	In
TCAAGCAAGTGATATG-1	In
TCAAGCACAACTCGAT-1	In
TCAAGCAGTAAACCCT-1	In
TCAAGCAGTAGTCTGT-1	In
TCAAGGTAGTGTGTAA-1	In
TCAAGGTCAGGACTGA-1	In
TCAAGGTGTCAGCAAG-1	In
TCAAGGTGTGTCCCAG-1	In
TCAAGGTTCCGCTCTA-1	In
TCAAGGTTCTAAGGTC-1	In
TCAATTCAGAGGAAGT-1	In
TCAATTCAGATGGCAC-1	In
TCAATTCCAATTAGGA-1	In
TCAATTCCATCGACCG-1	In
TCACAAGAGTATACCC-1	In
TCACAAGCACTCGGAC-1	In
TCACAAGCATGTAGAA-1	In
TCACAAGGTTGTATCG-1	In
TCACAAGTCACTGGTA-1	In
TCACAGAAGCCTGTAT-1	In
TCACAGACAACACGGA-1	In
TCACAGACAGGGTACA-1	In
TCACCACAGGTCTTTG-1	In
TCACCACCATCCGTGG-1	In
TCACCACTCGCTAGTA-1	In
TCACTCGCAACTACTG-1	In
TCACTCGCAGTGCGAA-1	In
TCACTCGCATTAGCCA-1	In
TCACTCGTCCCACTAC-1	In
TCAGCTCAGTCGTACT-1	In
TCAGCTCCAACCTCTC-1	In
TCAGCTCGTGATGCGA-1	In
TCAGCTCGTTTGTCTT-1	In
TCAGCTCTCCAATCCC-1	In
TCAGGGCAGCCTGGTC-1	In
TCAGGGCTCGAGAACG-1	In
TCAGGTAAGGGAGATA-1	In
TCAGGTAGTGTCGTGC-1	In
TCAGGTATCCAGTACA-1	In
TCAGTTTAGTACTCTG-1	In
TCAGTTTGTATCCTTT-1	In
TCCAGAACAGTAAGCG-1	In
TCCATCGCAAGCGACA-1	In
TCCATCGCAATGGCTT-1	In
TCCATCGCAGGTAACG-1	In
TCCATCGGTATCGCGC-1	In
TCCATCGGTTGGCTAT-1	In
TCCCACAAGTCGATAA-1	In
TCCCACACAAGGTCGA-1	In
TCCCACATCTGATCTT-1	In
TCCCACATCTGTTTAC-1	In
TCCGACTAGTCGTGAG-1	In
TCCGACTCAAGACTAA-1	In
TCCGACTGTGCCCTAG-1	In
TCGAGCGGTACCTATG-1	In
TCGAGCGTCGATGTAC-1	In
TCGATTTAGCTATCCA-1	In
TCGATTTCAGGTTATC-1	In
TCGATTTCATGATCGT-1	In
TCGATTTGTACATGGG-1	In
TCGATTTTCGCGCCAA-1	In
TCGCAGGAGCTAACAA-1	In
TCGCAGGGTGTAGGAC-1	In
TCGCCTAAGACAGCTG-1	In
TCGCCTACAACTGCGC-1	In
TCGCCTAGTACAAATG-1	In
TCGCCTATCGCTTGAA-1	In
TCGTTCGAGGATTTGA-1	In
TCGTTCGAGGTGTTGG-1	In
TCGTTCGAGTTTACGC-1	In
TCGTTCGCAATTCTCT-1	In
TCGTTCGTCCTGTAGA-1	In
TCTAGTTGTACGTAGG-1	In
TCTAGTTGTCGATTAC-1	In
TCTAGTTTCGGGACAA-1	In
TCTCAGCCAACTAGAA-1	In
TCTCAGCCACTAAACC-1	In
TCTCTGGCATATACGC-1	In
TGAATCGAGTGATAAC-1	In
TGAATCGCACGCGACT-1	In
TGAATCGCAGTTAAAG-1	In
TGACAACAGAAATACC-1	In
TGACAACCAGGTAGCA-1	In
TGACTCCCAACTCGTA-1	In
TGACTCCTCATTCATC-1	In
TGACTCCTCCAGGTAT-1	In
TGAGCCGCACCATTCC-1	In
TGAGTCAAGCGGACTA-1	In
TGAGTCACAACGTAGG-1	In
TGAGTCACAGGGAGTT-1	In
TGAGTCACATGATTGC-1	In
TGAGTCAGTACAAGCG-1	In
TGATCAGCAACTACTG-1	In
TGATCAGCAAGCACTT-1	In
TGATCAGGTCGATTAC-1	In
TGATCAGGTGTCCTTC-1	In
TGATCAGTCTACCCGT-1	In
TGATGCAAGTCGATAA-1	In
TGATGCACAAGTTGCT-1	In
TGATGCAGTTTGAAGA-1	In
TGATGCATCTTATCAC-1	In
TGATGCATCTTCAGAG-1	In
TGATTTCGTCCATTGA-1	In
TGATTTCTCCATATCT-1	In
TGATTTCTCTTAATCC-1	In
TGCACCTAGAACGTTA-1	In
TGCACCTCACTGTCAA-1	In
TGCACCTTCGGTCGAC-1	In
TGCATTTAGTTCCCGG-1	In
TGCATTTTCGCCAGAC-1	In
TGCCTCAGTCCGCTTT-1	In
TGCCTCATCGGTTAGT-1	In
TGCCTCATCTTTATCG-1	In
TGCCTGTGTTCCCAAA-1	In
TGCCTGTTCTATTGTC-1	In
TGCGTAACATTGAACC-1	In
TGCGTAAGTATGGGTG-1	In
TGCGTAAGTTACGCTA-1	In
TGCGTAAGTTACGGAG-1	In
TGCGTAATCCGGAAAG-1	In
TGCTATTAGCATACCT-1	In
TGCTATTGTCCTTCAC-1	In
TGCTCACGTAATGCCT-1	In
TGCTCACGTGAGGTCA-1	In
TGCTCACTCGCGGCAT-1	In
TGCTCGTAGAACCATA-1	In
TGCTCGTAGAACGTTA-1	In
TGCTCGTAGATTACGA-1	In
TGCTCGTAGTATGGGC-1	In
TGCTCGTGTCCGTAGC-1	In
TGCTCGTGTCCGTCGA-1	In
TGCTTCGTCGGGTCCA-1	In
TGCTTTAAGGTTGTTC-1	In
TGCTTTACATACCCGG-1	In
TGGAAGGAGACGTCAG-1	In
TGGAAGGAGGAGTACC-1	In
TGGAAGGCAAAGCATA-1	In
TGGAAGGCATGGTAAA-1	In
TGGAAGGGTGATAGAT-1	In
TGGAAGGTCGTAGCGC-1	In
TGGAAGGTCTGAAAGA-1	In
TGGACATCATTCCCGT-1	In
TGGCCTTAGTCCGTGC-1	In
TGGCCTTTCTGTTTAC-1	In
TGGCGCAAGCAGTAGC-1	In
TGGCGCACATGCACTA-1	In
TGGCGCATCATTCTCA-1	In
TGGGTGCCACTGTCAA-1	In
TGGGTGCTCTATCTAC-1	In
TGGGTTAAGGGTTCCC-1	In
TGGGTTAGTCTCTGCT-1	In
TGGGTTAGTTTGTACG-1	In
TGGGTTATCCATACCC-1	In
TGGTCCTCAGGATGTG-1	In
TGGTCCTGTGCCGGTT-1	In
TGTACAGAGGGTATCG-1	In
TGTACGAAGAACTCCT-1	In
TGTACGAGTCTGTGTA-1	In
TGTAGCAAGGTTGTGG-1	In
TGTAGCAAGTTAGAGT-1	In
TGTAGCAAGTTCCAGT-1	In
TGTAGCACAAGGTCGA-1	In
TGTAGCACAGCCGAAA-1	In
TGTAGCATCCATCTAT-1	In
TGTGACAGTCCTTCAC-1	In
TGTGACAGTCGAGGAT-1	In
TGTGACAGTGCTGAAG-1	In
TGTGACATCTGGACAT-1	In
TGTGGCGAGTCTCTAG-1	In
TGTGGCGTCAATCGTG-1	In
TGTGGCGTCTGCGTCT-1	In
TGTGTCCAGACACGGT-1	In
TGTGTCCAGGAAACTT-1	In
TGTGTCCCAACTCGTA-1	In
TGTGTCCGTACGGAGT-1	In
TGTGTCCGTCTGGTTA-1	In
TGTGTCCGTTACGAAA-1	In
TGTGTCCTCGCGCTGA-1	In
TGTTAGGAGGGACGTT-1	In
TGTTAGGCAAGACTTC-1	In
TGTTAGGGTTACCACA-1	In
TGTTAGGTCGTCTTAT-1	In
TTAACGGCACCACGAC-1	In
TTAACGGTCAAAGTAG-1	In
TTACCCGAGCTTACCA-1	In
TTACCCGCACTCAAGT-1	In
TTACCCGTCGTATAGC-1	In
TTACCCGTCTCTTCCT-1	In
TTACGGAGTCTCAAAC-1	In
TTACGGATCCCAATAG-1	In
TTACGGATCTGTCGTC-1	In
TTACGTTAGCGCAATG-1	In
TTACGTTTCCAGGTAT-1	In
TTACTCAAGTGAACCG-1	In
TTACTTGTCACATCCC-1	In
TTACTTGTCGGACGAA-1	In
TTAGCGACACAGGAAC-1	In
TTAGCGATCGCTGATA-1	In
TTAGCTTAGATCGAGC-1	In
TTAGCTTAGATGAGGA-1	In
TTAGCTTGTTACCACA-1	In
TTAGCTTTCTTATCAC-1	In
TTAGGTGAGAGAACCC-1	In
TTAGGTGCAGAGATGC-1	In
TTAGGTGGTTGGAGGT-1	In
TTATGTCGTAGTCCAT-1	In
TTATGTCGTCTCAAAC-1	In
TTCAACTAGAGGAAGT-1	In
TTCAACTCAACTAGAA-1	In
TTCAACTGTTGAAGCG-1	In
TTCATCAAGTAACACA-1	In
TTCATTGCAAAGCATA-1	In
TTCATTGCACAAGGGT-1	In
TTCATTGCATGGTAAA-1	In
TTCATTGCATTTGTTC-1	In
TTCATTGTCCGCTCTA-1	In
TTCATTGTCCTAGAGT-1	In
TTCATTGTCTTAGTGG-1	In
TTCGATTAGTACCTCA-1	In
TTCGATTAGTGTCGGA-1	In
TTCGATTCACTCGCAG-1	In
TTCGATTCAGTAACGG-1	In
TTCGATTTCTAGCAAC-1	In
TTCGCGTAGGACTAGC-1	In
TTCGCGTGTTACTACG-1	In
TTCGGTCTCGATGTGT-1	In
TTCGTTAAGGGTGTTG-1	In
TTCGTTAAGGGTTCTT-1	In
TTCGTTAAGTCGCCTG-1	In
TTCGTTACAATAGCGG-1	In
TTCGTTACATTACTTC-1	In
TTCGTTAGTACGTATC-1	In
TTCTAACCAGGGTACA-1	In
TTCTAACCAGTAGTCT-1	In
TTCTAACGTACCTATG-1	In
TTCTAACTCGTCGCAG-1	In
TTCTAACTCTAGCAGT-1	In
TTCTGTAAGTACCTCA-1	In
TTCTGTAAGTGAATAC-1	In
TTGACGAAGAACGCCA-1	In
TTGACGAAGCCTCGCA-1	In
TTGACGAGTCGTAATC-1	In
TTGAGCAGTTTCTTAC-1	In
TTGAGCATCACATTCT-1	In
TTGAGTGCATTTGTTC-1	In
TTGAGTGGTGCCCTAG-1	In
TTGCACCAGAGCTGTG-1	In
TTGCACCCAAATGTCC-1	In
TTGCACCCAATTAGGA-1	In
TTGCACCCAGAAAGAG-1	In
TTGCACCTCGGTACTA-1	In
TTGCACCTCTCGACCT-1	In
TTGCAGACAAGCACTT-1	In
TTGCAGACATCACAGT-1	In
TTGCAGACATTGTTCT-1	In
TTGCCCAAGACACAAT-1	In
TTGCCCAAGCTACGCC-1	In
TTGCCCAAGTGAGCAC-1	In
TTGCCCATCGCGCTGA-1	In
TTGCCCATCTATCTAC-1	In
TTGCGAACATACTGCA-1	In
TTGCGAATCCATTGTT-1	In
TTGCGGGAGACACAAT-1	In
TTGCGGGTCCATGTTT-1	In
TTGCGGGTCTGGTACA-1	In
TTGCTATAGGCTCAGA-1	In
TTGCTTAGTATCACAC-1	In
TTGCTTATCGAGGTCC-1	In
TTGGTCCCAGGATAGC-1	In
TTGGTCCTCCGGAAAG-1	In
TTGTCTACACACACAT-1	In
TTGTTCACATTCCCGT-1	In
TTGTTGTTCGATGCAT-1	In
TTTACGTCAAGCAGGT-1	In
TTTACGTCAAGCCAGA-1	In
TTTACGTCATTTCTTG-1	In
TTTACGTTCGTCCCTA-1	In
TTTGCGCAGCAGGACT-1	In
TTTGCGCCAGTAGTCT-1	In
TTTGCGCGTGGATTCT-1	In
TTTGCGCGTGTGTGTT-1	In
TTTGGTTAGTACGCGA-1	In
TTTGTGTAGCCATTCA-1	In
TTTGTGTAGCCCATGC-1	In
TTTGTGTCATCGAGTT-1	In
TTTGTGTGTTACTTTC-1	In
AAACTCGAGAACGTCG-1	Microglia
AAACTCGTCTATCTTG-1	Microglia
AAACTGCAGAGGAACA-1	Microglia
AAAGGATTCGTGGTAT-1	Microglia
AAATGAGGTACGGATG-1	Microglia
AAATGAGTCGTCAACA-1	Microglia
AAATGCCCACAGGTAG-1	Microglia
AAATGCCCATCCGTGG-1	Microglia
AAATGCCGTGCTTTGA-1	Microglia
AACAAAGTCTATCTAC-1	Microglia
AACATCGAGCTGAAAT-1	Microglia
AACATCGCAGTGCGAA-1	Microglia
AACCAACGTTTGCATG-1	Microglia
AACCTTTCAGTAACGG-1	Microglia
AACCTTTTCGATCGCG-1	Microglia
AACGAGGCATCGACCG-1	Microglia
AACGAGGCATGCGTTA-1	Microglia
AACGAGGTCTCCACTG-1	Microglia
AACGGGACACTCGCAG-1	Microglia
AACGTACCAATGAAAC-1	Microglia
AACTGTGAGCACCATT-1	Microglia
AACTTGGCATTCACGA-1	Microglia
AACTTGGGTGGAAGCT-1	Microglia
AAGGAGCGTCATAGAA-1	Microglia
AAGGAGCGTCTGGGCT-1	Microglia
AAGGAGCGTGAATACA-1	Microglia
AAGGAGCGTTACCCAA-1	Microglia
AATGCCAGTTCTCGAA-1	Microglia
AATGGCTGTCGTAGTT-1	Microglia
ACAAACCGTCTTAGCA-1	Microglia
ACAAACCTCTCTTAAC-1	Microglia
ACAAAGATCACTTACT-1	Microglia
ACAAAGATCCGAATTG-1	Microglia
ACAGAAACATGACTGT-1	Microglia
ACAGACTGTGATGCTT-1	Microglia
ACAGCGCAGCCATCAT-1	Microglia
ACAGCGCTCTCAGATG-1	Microglia
ACAGGCCAGCGAGAAA-1	Microglia
ACAGGCCCATCGACGC-1	Microglia
ACATGGTAGAGGCGGA-1	Microglia
ACATGGTCATCATAGC-1	Microglia
ACCAAACCATAGATAG-1	Microglia
ACCAAACTCAAGAGGC-1	Microglia
ACGGATTAGTAACTCC-1	Microglia
ACGTGGCTCAATCGTG-1	Microglia
ACGTGGCTCGTCGCAG-1	Microglia
ACTACGACATATAGAG-1	Microglia
ACTATTCTCCGCGATG-1	Microglia
ACTCGGGGTGTCTCGG-1	Microglia
ACTGCAAAGAGCGAAA-1	Microglia
ACTGCAAGTAATGCCT-1	Microglia
ACTGCAAGTGAGGTCA-1	Microglia
ACTGCGGAGTCGCGTC-1	Microglia
ACTGCGGTCGTCTAGA-1	Microglia
AGACAAACACACGGTC-1	Microglia
AGATAGAAGGTTAACA-1	Microglia
AGATAGAGTATCGCGC-1	Microglia
AGATAGATCTCTCAAT-1	Microglia
AGATTCGTCCTGACCT-1	Microglia
AGCCAGCGTGCGTCCA-1	Microglia
AGCCAGCTCACTGGTA-1	Microglia
AGCCCGAAGCCATTCA-1	Microglia
AGCCCGATCCTGACCT-1	Microglia
AGCCTCTTCACGTGTA-1	Microglia
AGCCTGGGTCATTGGT-1	Microglia
AGCCTTCCATACTGCA-1	Microglia
AGCCTTCGTTGCAGCC-1	Microglia
AGCCTTCTCGAGGTAG-1	Microglia
AGCGATTAGCATGATA-1	Microglia
AGCGATTGTCGTAATC-1	Microglia
AGCGTATGTAGCGAGT-1	Microglia
AGCTATGAGCAGAATT-1	Microglia
AGCTGATTCTATCTTG-1	Microglia
AGCTGTAGTGAATCGG-1	Microglia
AGGACGAGTCCACCAG-1	Microglia
AGGCCCAGTATATGGA-1	Microglia
AGTCAACAGCTATCCA-1	Microglia
AGTCAACTCTCCCTTT-1	Microglia
AGTCCGGCAGTATACC-1	Microglia
AGTCCGGCAGTGCGAA-1	Microglia
AGTCCGGGTTAGCTCA-1	Microglia
AGTGCCGCACTCGGAC-1	Microglia
AGTGTACCAACTACTG-1	Microglia
AGTTTGGAGATCGCCC-1	Microglia
AGTTTGGAGGCCAATG-1	Microglia
ATAGGCTGTTACCACA-1	Microglia
ATAGTCGCATGCCCTT-1	Microglia
ATATTCCAGGATTGAT-1	Microglia
ATCCAGAGTCCGGTAC-1	Microglia
ATCCCTGCAGTTCGGC-1	Microglia
ATCCCTGGTACCAAGG-1	Microglia
ATCCTCGGTATTCACG-1	Microglia
ATCCTCGGTGGAGTGT-1	Microglia
ATCCTCGTCACACGTA-1	Microglia
ATGTACGTCGGATGTT-1	Microglia
ATGTCTTAGAACTAAC-1	Microglia
ATTCGTTTCCGATTGA-1	Microglia
CAACCAACATGGGACA-1	Microglia
CAACGGCGTAAGTCTC-1	Microglia
CAACGGCGTCTGAGCC-1	Microglia
CAACGGCGTGGTAGAC-1	Microglia
CAACGGCGTTATGCAC-1	Microglia
CAAGAAAGTGACCAGA-1	Microglia
CAAGCTAGTCATAAGA-1	Microglia
CAAGGCCCAACGGGTA-1	Microglia
CACAGATGTCATAAGA-1	Microglia
CACATGAAGTACCCAT-1	Microglia
CACATGACAAGGAAGA-1	Microglia
CACATGATCTCTGTTA-1	Microglia
CACCACTTCACTACCC-1	Microglia
CACCTGTAGCAATAAC-1	Microglia
CACCTGTAGGCTGGAT-1	Microglia
CACCTGTTCAGAGTGG-1	Microglia
CACCTTGGTACCCACG-1	Microglia
CACGTTCTCTTACCTA-1	Microglia
CAGCTAATCGCAGATT-1	Microglia
CAGGATTTCGAAGCCC-1	Microglia
CAGTGTAGTTCAGTAC-1	Microglia
CATAACGAGTAGACCG-1	Microglia
CATGCCTGTCTGGTCG-1	Microglia
CATTCCGCAAAGCTTC-1	Microglia
CATTCCGCAGCGCGTT-1	Microglia
CCAATGACAAGCACTT-1	Microglia
CCACAGGAGCAACGGT-1	Microglia
CCACGTTGTTAGCTCA-1	Microglia
CCAGATAAGCGTCTGC-1	Microglia
CCCAGAGTCGACTGGC-1	Microglia
CCCTAGTCAGCTGATT-1	Microglia
CCCTAGTGTGGCCTCA-1	Microglia
CCGAAGCAGCTGAATA-1	Microglia
CCGAAGCCATGGGACA-1	Microglia
CCGCATTAGCAGAAAG-1	Microglia
CCGCATTAGTGATAAC-1	Microglia
CCGCATTTCCATCTAT-1	Microglia
CCGTGAGCAAGCGAAC-1	Microglia
CCTCCCTAGTCCGGAA-1	Microglia
CCTCCCTAGTTGCCGC-1	Microglia
CCTCCCTCATGCTATG-1	Microglia
CCTCCCTGTGATGTGG-1	Microglia
CCTCCCTTCTAGTCGA-1	Microglia
CCTGCTACAGTATACC-1	Microglia
CCTGGGAGTTTGCCAA-1	Microglia
CCTTAATGTAGTGATA-1	Microglia
CCTTGGTGTCACCGCA-1	Microglia
CGCACAGAGATGCGCA-1	Microglia
CGCACAGCACCTGAAT-1	Microglia
CGCAGGTGTGAATGTA-1	Microglia
CGCGCAAAGTCCGTGC-1	Microglia
CGCGCAATCCCGTAGG-1	Microglia
CGCGCAATCGGGCTCA-1	Microglia
CGCTATCAGGAGTAGA-1	Microglia
CGCTGGAGTATCCCTC-1	Microglia
CGGACCACAACGGGTA-1	Microglia
CGGACTGCACGATTAC-1	Microglia
CGGTGCATCTGAACGT-1	Microglia
CGTAAACTCGGTCTAA-1	Microglia
CGTACAACAAAGCTGG-1	Microglia
CGTTCCATCTCTGACC-1	Microglia
CTAGGGCAGCTAACAA-1	Microglia
CTAGGGCCACGATATC-1	Microglia
CTCAGCTGTTCCATCC-1	Microglia
CTCGCTAAGCCAGAAC-1	Microglia
CTCGCTATCGTCAACA-1	Microglia
CTCTACGAGCCTATAC-1	Microglia
CTCTCAGAGACCATAA-1	Microglia
CTCTCAGAGCTGAATA-1	Microglia
CTCTCAGCAAGAAACT-1	Microglia
CTCTCAGCATGATTGC-1	Microglia
CTCTCGAGTTGAAGCG-1	Microglia
CTGAATGGTCCAGACC-1	Microglia
CTGCTCAGTAACAATG-1	Microglia
CTTCTAACAGGTAGGT-1	Microglia
CTTGCCAGTTTGTGAC-1	Microglia
CTTGTCGTCGCCGAAC-1	Microglia
GAAACAACAAGGAGTC-1	Microglia
GAAAGTAAGAGGCGGA-1	Microglia
GAAAGTACATCATAGC-1	Microglia
GAACCTAAGAAACGCC-1	Microglia
GAACCTATCTTGTGCC-1	Microglia
GAACTTGGTGCGTTTA-1	Microglia
GAACTTGGTTGCCGCA-1	Microglia
GAAGTGGGTCAATACC-1	Microglia
GACCGACAGTCTGCTA-1	Microglia
GACCTTCCACAAGTGG-1	Microglia
GAGATTCTCGACTTAG-1	Microglia
GAGCGCTTCCTCCATG-1	Microglia
GAGGATGCATTAAGGA-1	Microglia
GAGGATGTCGTCGCAG-1	Microglia
GAGGCTCGTACCAAGG-1	Microglia
GAGTGAGAGTACCCAT-1	Microglia
GATCATGAGGACTTTC-1	Microglia
GATCATGCACAGGTAG-1	Microglia
GATCGTATCGTGTGCG-1	Microglia
GATGATCCACCTGGTG-1	Microglia
GATGATCGTTTAGAAG-1	Microglia
GCACGCAAGTGCAACG-1	Microglia
GCAGATTGTACATGGG-1	Microglia
GCAGCCACAATTAGGA-1	Microglia
GCAGCCAGTTGAAGCG-1	Microglia
GCATGATGTCGGCTGT-1	Microglia
GCATGATTCACGGGTC-1	Microglia
GCATGATTCGATGAAA-1	Microglia
GCATTCCAGCATGTGG-1	Microglia
GCATTCCCAATTCTCT-1	Microglia
GCATTCCGTATCTCAG-1	Microglia
GCATTCCGTGCATCAT-1	Microglia
GCCAGACAGTCTGTGT-1	Microglia
GCCAGACGTACGCCCA-1	Microglia
GCCCGAACAAGAGATT-1	Microglia
GCCCGAATCGCCTTAC-1	Microglia
GCCTAGGGTGCACCCA-1	Microglia
GCCTAGGTCGTCTAGA-1	Microglia
GCGAGAACAAGAGCGT-1	Microglia
GCGAGAATCGAACCGC-1	Microglia
GCGAGTCCAGGTCTGC-1	Microglia
GCGCATGAGCTACGCC-1	Microglia
GCGCATGCACTGTAAC-1	Microglia
GCGCATGCATCAGAAA-1	Microglia
GCGCCAACACTAGGAG-1	Microglia
GCGGTGTCAGTAACTC-1	Microglia
GCGGTGTTCTCTATTG-1	Microglia
GCGTAGCTCGAGTTAC-1	Microglia
GCGTTGGCACGTGAAG-1	Microglia
GCGTTGGGTGATAACA-1	Microglia
GCGTTGGGTTGTCGGC-1	Microglia
GCTCACTGTTGGCTTA-1	Microglia
GCTCCTAAGGTTGTGG-1	Microglia
GCTCCTACAGTGCGAA-1	Microglia
GCTCCTAGTGTTAGAA-1	Microglia
GCTCGAGAGAATCAAC-1	Microglia
GCTGCGATCTTGTGCC-1	Microglia
GCTTAAGTCGTCGCAG-1	Microglia
GCTTGCTAGATTGACA-1	Microglia
GCTTGCTGTGCATTCA-1	Microglia
GGAACTTCAGTATACC-1	Microglia
GGAACTTCATCCCAAA-1	Microglia
GGAACTTTCCACCTAC-1	Microglia
GGAATCTAGCAGAGCT-1	Microglia
GGACACCGTGTGAGGT-1	Microglia
GGACACCGTTTAGAAG-1	Microglia
GGAGAACTCTGTAGAC-1	Microglia
GGAGGATAGTGAGTTA-1	Microglia
GGAGGATCAGCGTAGA-1	Microglia
GGAGTAGCACCGATCG-1	Microglia
GGAGTAGTCCCGGGTA-1	Microglia
GGATAGGTCTATCCTA-1	Microglia
GGCACGTTCGCGCCAA-1	Microglia
GGCATTAAGCGCACAA-1	Microglia
GGCGTTGGTATTCTCT-1	Microglia
GGGCCATGTCTGAGCC-1	Microglia
GGGCCATGTCTGGTTA-1	Microglia
GGGCCATGTGGTAGAC-1	Microglia
GGGTCTGCACGGCCAT-1	Microglia
GGGTTATAGTTAGAGT-1	Microglia
GGGTTATCAACGTCCG-1	Microglia
GGTACCGCAGTGCGAA-1	Microglia
GGTAGGACAGAAAGAG-1	Microglia
GGTGCTGAGCACACCC-1	Microglia
GGTTGCGAGTGATATG-1	Microglia
GTAATCGCAACGCAAG-1	Microglia
GTACTTTGTGCAACAG-1	Microglia
GTCACCTTCACGATTG-1	Microglia
GTCACCTTCACGTGTA-1	Microglia
GTCCATCGTTCTCGAA-1	Microglia
GTCGTAATCCTTTGCG-1	Microglia
GTCTACCAGTCCGATT-1	Microglia
GTCTACCGTAAACGTA-1	Microglia
GTGACATTCAGTGGTT-1	Microglia
GTGATCAGTGTGTGCC-1	Microglia
GTGCCAGGTGGCGCTT-1	Microglia
GTGCTGGAGATCTCAC-1	Microglia
GTGCTGGGTAGGTAAT-1	Microglia
GTGTCCTAGTCTGTGT-1	Microglia
GTGTCCTTCGCTACCT-1	Microglia
GTGTGATCAACGCACC-1	Microglia
GTGTGATGTAACTGAA-1	Microglia
GTGTGATGTCAACTGT-1	Microglia
GTTATGGGTGCATCAT-1	Microglia
GTTATGGTCCCAATAG-1	Microglia
GTTGGGCAGGAACCGT-1	Microglia
GTTGGGCAGGATTGCG-1	Microglia
GTTGGGCCAATGTGCT-1	Microglia
GTTGGTACACCTGAAT-1	Microglia
GTTGGTAGTTTAGGAA-1	Microglia
TAACAGCCAGATTGTC-1	Microglia
TAACTTCGTGGACAGT-1	Microglia
TAAGCCATCCTTCGAC-1	Microglia
TAAGTGCCACATTCTT-1	Microglia
TAAGTGCTCGCCCTTA-1	Microglia
TACGCAAGTGGATTCT-1	Microglia
TACGCCTGTCGATAGG-1	Microglia
TACGGATGTGAGGTCA-1	Microglia
TACTCGCAGGTACTCT-1	Microglia
TACTGCCCACACACCG-1	Microglia
TACTGCCGTCAGACGA-1	Microglia
TAGACTGCAACGTCGC-1	Microglia
TAGCATGTCGACTCGG-1	Microglia
TAGCATGTCTGGAAGG-1	Microglia
TAGCCGGGTGGAAGCT-1	Microglia
TAGGAGGGTCGACTGC-1	Microglia
TAGGTCATCACCCGGA-1	Microglia
TAGGTCATCGAGAAGC-1	Microglia
TAGGTGTAGTAGACCG-1	Microglia
TATGTTCCACACACAT-1	Microglia
TATGTTCCACAGATGG-1	Microglia
TCAAAGCAGCGCCTAC-1	Microglia
TCAAAGCGTGAGGTCA-1	Microglia
TCAAGACAGAGCACTG-1	Microglia
TCAAGACGTCAGAAAT-1	Microglia
TCAAGCACAGATGGCA-1	Microglia
TCAAGCACATTTAGGC-1	Microglia
TCAAGCATCTGGCGCA-1	Microglia
TCACCTGGTAACTGAA-1	Microglia
TCACCTGGTCAACTGT-1	Microglia
TCACCTGGTGCCCAGT-1	Microglia
TCACTCGAGGCAAGCT-1	Microglia
TCAGCTCAGTCGCCTG-1	Microglia
TCAGCTCCACTGTAAC-1	Microglia
TCAGGTAGTTGGCGAA-1	Microglia
TCAGTCCTCCCATAGA-1	Microglia
TCCAGAATCCACGGCA-1	Microglia
TCCATCGTCAATGCAC-1	Microglia
TCCGACTAGAACAGGA-1	Microglia
TCCGACTAGCGGACAT-1	Microglia
TCGATTTAGGATATCA-1	Microglia
TCGATTTCAACGGACA-1	Microglia
TCGCAGGTCCGTGCGA-1	Microglia
TCGCCTAAGATGTTGA-1	Microglia
TCGCCTAAGGGTTCCC-1	Microglia
TCGGGACCATCCCTTG-1	Microglia
TCGTTCGGTCAGCTTA-1	Microglia
TCTATTGTCCTGTGGG-1	Microglia
TGACAACGTTATGCAC-1	Microglia
TGACTCCGTAATGCCT-1	Microglia
TGACTCCGTGAGGTCA-1	Microglia
TGAGCCGCAGTATACC-1	Microglia
TGAGTCACACGCCGAT-1	Microglia
TGATCAGGTAACGGAC-1	Microglia
TGATGCAAGAATATCG-1	Microglia
TGCATGAAGGCTTCGC-1	Microglia
TGCATGACATTACACG-1	Microglia
TGCATTTGTAAGTGCG-1	Microglia
TGCTCGTAGTGTTCCA-1	Microglia
TGCTCGTTCAAGTTGC-1	Microglia
TGCTTCGAGTGTCACT-1	Microglia
TGCTTTAGTTAAGGGC-1	Microglia
TGGAAGGTCAAACCCA-1	Microglia
TGGCGCACATTGTGAC-1	Microglia
TGGGTTAAGTATACCC-1	Microglia
TGGGTTAGTCAGTGTT-1	Microglia
TGGGTTATCTACCCGT-1	Microglia
TGGTCAACAACGTCGC-1	Microglia
TGGTCAACACTTTGGA-1	Microglia
TGGTCCTTCGCTATAG-1	Microglia
TGTACAGTCGCGTTCT-1	Microglia
TGTTAGGAGACAGTGC-1	Microglia
TTAACGGCACTCGCAG-1	Microglia
TTAACGGTCCAACGCG-1	Microglia
TTAACGGTCCGCCTAT-1	Microglia
TTAACGGTCGATGCAT-1	Microglia
TTACCCGTCGGGATCC-1	Microglia
TTACCGCGTCTGAGCC-1	Microglia
TTACCGCGTGGTAGAC-1	Microglia
TTACGGACAAACCTAC-1	Microglia
TTACGGACAACTCCCT-1	Microglia
TTACGGACATTATGGC-1	Microglia
TTACGGAGTGCGCTCA-1	Microglia
TTACTCACACGCGTTG-1	Microglia
TTAGCGAGTGCTGTCG-1	Microglia
TTAGGTGGTCAGCAAG-1	Microglia
TTCAACTAGCGAATAT-1	Microglia
TTCATCAAGATGCGAC-1	Microglia
TTCATTGTCGCGCTGA-1	Microglia
TTCGATTTCAGTGTAC-1	Microglia
TTCGCGTGTCAATCCA-1	Microglia
TTCTGTACAGTCAGCC-1	Microglia
TTGAGCACAGCGTACC-1	Microglia
TTGCGAACAATTCGTG-1	Microglia
TTGCGGGCACCACCAG-1	Microglia
TTGCGGGGTTGAATAG-1	Microglia
TTGCTATGTGGAAGCT-1	Microglia
TTGCTATTCCTTTGCG-1	Microglia
TTGCTTATCAATGCAC-1	Microglia
TTGTCTAGTGAGTTGG-1	Microglia
TTGTTCAGTCACTCTC-1	Microglia
TTGTTCAGTTTGTAGC-1	Microglia
TTGTTCATCAGAACGG-1	Microglia
TTTACGTTCGAGGTCC-1	Microglia
TTTGAGGCACTGTTAG-1	Microglia
TTTGCGCAGTATACGA-1	Microglia
TTTGTGTCACTAAACC-1	Microglia
AAACGAACAACAAACA-1	Oligo
AAACGAACACGCTCAG-1	Oligo
AAACGAAGTTCTACGA-1	Oligo
AAACTCGAGAGCTACG-1	Oligo
AAACTCGAGGTAGGCT-1	Oligo
AAACTCGCAAGGTTCT-1	Oligo
AAACTCGCACAGATGG-1	Oligo
AAACTCGTCAAAGTAG-1	Oligo
AAACTCGTCAGTGGTT-1	Oligo
AAACTCGTCGACCCGA-1	Oligo
AAACTGCAGGAAACTT-1	Oligo
AAACTGCCACGCTAAT-1	Oligo
AAACTGCCAGATACAA-1	Oligo
AAACTGCCAGTAAGCG-1	Oligo
AAACTGCCATGACTGT-1	Oligo
AAACTGCGTAGTGATA-1	Oligo
AAACTGCGTCAACTGT-1	Oligo
AAACTGCGTGATAACA-1	Oligo
AAACTGCGTGGGTAGT-1	Oligo
AAAGGGCCATTACCTT-1	Oligo
AAAGGGCGTTTAAGGA-1	Oligo
AAATGAGAGACTAGGC-1	Oligo
AAATGAGAGTGAGTGC-1	Oligo
AAATGAGAGTTCGTTG-1	Oligo
AAATGCCAGCTGGAGT-1	Oligo
AAATGCCCAATGGTAA-1	Oligo
AAATGCCCACATTCTT-1	Oligo
AAATGCCCATCCCTTG-1	Oligo
AAATGCCGTTCCAGTA-1	Oligo
AAATGCCTCTCCCTTT-1	Oligo
AACAAAGCAACAACTC-1	Oligo
AACAAAGTCGGTCGAC-1	Oligo
AACAGTCGTTGCAGCC-1	Oligo
AACAGTCTCACATCCC-1	Oligo
AACAGTCTCCGCGATG-1	Oligo
AACAGTCTCGCGTTCT-1	Oligo
AACATCGAGCAGGAGG-1	Oligo
AACATCGCATAGCCAT-1	Oligo
AACCAACGTCGACTGC-1	Oligo
AACCGATAGTCCAGAG-1	Oligo
AACCGATCAGCAGGTA-1	Oligo
AACCGATGTGGCGCTT-1	Oligo
AACCGATGTTTGAAGA-1	Oligo
AACCTGACAGCAGGTA-1	Oligo
AACCTGATCTTCTCTC-1	Oligo
AACCTTTAGTAGTCGG-1	Oligo
AACCTTTAGTTCGTTG-1	Oligo
AACCTTTCAGGGCTTC-1	Oligo
AACGAGGAGAGCCTGA-1	Oligo
AACGAGGGTCCGCTTT-1	Oligo
AACGGGACACACACCG-1	Oligo
AACGGGATCGTTGTAG-1	Oligo
AACGGGATCTCATATC-1	Oligo
AACGGGATCTCGCGGA-1	Oligo
AACGTACCAGCAAACG-1	Oligo
AACGTACCATTTAGGC-1	Oligo
AACGTACGTTGCAGAG-1	Oligo
AACGTACTCATGAACC-1	Oligo
AACGTACTCGATCGCG-1	Oligo
AACTGGTAGACCCATT-1	Oligo
AACTGGTCATCAACTG-1	Oligo
AACTGGTTCAAGGCCC-1	Oligo
AACTGTGAGTAGACCG-1	Oligo
AACTGTGCATACCCGG-1	Oligo
AACTGTGGTAGATGAT-1	Oligo
AACTGTGGTCAACGGA-1	Oligo
AACTGTGGTGATAAGT-1	Oligo
AACTTGGAGGGTAATT-1	Oligo
AACTTGGAGTGTAATG-1	Oligo
AACTTGGGTTACCCAA-1	Oligo
AACTTGGGTTTGCGAT-1	Oligo
AAGGAGCAGTGATTAG-1	Oligo
AAGGAGCGTGGGTAGT-1	Oligo
AAGGTTCTCGCGATGC-1	Oligo
AATACGCAGAATACTG-1	Oligo
AATGCCACACACGGTC-1	Oligo
AATGCCACACTCCTCA-1	Oligo
AATGCCATCGCTTGAA-1	Oligo
AATGGAACACCGAAAG-1	Oligo
AATGGAAGTGGCCTCA-1	Oligo
AATGGAATCGGGAAAC-1	Oligo
AATGGCTAGAGCCTGA-1	Oligo
AATGGCTCAGCGTCGT-1	Oligo
AATGGCTTCTTCACTA-1	Oligo
AATGTCGAGCTGAGGT-1	Oligo
AATGTCGGTAGGTAAT-1	Oligo
ACAAACCAGGCCTCGT-1	Oligo
ACAAACCCATTTGGTG-1	Oligo
ACAAAGAGTCTCGGGT-1	Oligo
ACAAAGAGTGCTTTGA-1	Oligo
ACAAAGATCCGTGCAG-1	Oligo
ACAAGCTCAGGTCCTG-1	Oligo
ACAAGCTTCTGACATG-1	Oligo
ACAATCGAGTTCAGGG-1	Oligo
ACAATCGCACGGTTAT-1	Oligo
ACAGAAAAGTAGGAAG-1	Oligo
ACAGAAAGTTATAGAG-1	Oligo
ACAGACTCAAGCACTT-1	Oligo
ACAGACTCACGATTAC-1	Oligo
ACAGCGCAGGGCATTG-1	Oligo
ACAGCGCAGTTAGAGT-1	Oligo
ACAGCGCCACCCTTTG-1	Oligo
ACAGCGCGTATGGGTG-1	Oligo
ACAGCGCGTGCAAGAC-1	Oligo
ACAGGCCAGCTAACAA-1	Oligo
ACAGGCCAGGCAGATC-1	Oligo
ACAGGCCCACGCTCAG-1	Oligo
ACAGGCCCAGGTAGCA-1	Oligo
ACAGGCCTCGTGGCGT-1	Oligo
ACATGCACACACACAT-1	Oligo
ACATGCATCTCGCGGA-1	Oligo
ACATGGTGTATTGTGC-1	Oligo
ACATGGTTCATTGCCC-1	Oligo
ACCATCCAGTTGCTTG-1	Oligo
ACCATCCGTACGCAAG-1	Oligo
ACCCAAAAGTATACGA-1	Oligo
ACCCAAACACAGATGG-1	Oligo
ACCCAAAGTAATGTGA-1	Oligo
ACCCAAAGTGCGACCT-1	Oligo
ACCCAAAGTTACTTTC-1	Oligo
ACCCAAAGTTGCCGCA-1	Oligo
ACCCAAATCACAAGCT-1	Oligo
ACCCAAATCATGTTCT-1	Oligo
ACCGAATAGCTCGGCT-1	Oligo
ACCGAATCACCGTCTT-1	Oligo
ACCGAATTCGGGATCC-1	Oligo
ACCGCAGAGAAGACTT-1	Oligo
ACCGCAGCACCCATCT-1	Oligo
ACCGCAGGTGCTTTGA-1	Oligo
ACCGCAGTCATGAACC-1	Oligo
ACCGGGTAGGGTTCTT-1	Oligo
ACCGGGTTCTGGCGCA-1	Oligo
ACCTGCTAGACGCCCT-1	Oligo
ACCTGCTAGCAATAAC-1	Oligo
ACCTGCTCACAGTTCA-1	Oligo
ACCTGCTTCAGGAATA-1	Oligo
ACCTGCTTCCTAAAGC-1	Oligo
ACGGATTAGTTCAACC-1	Oligo
ACGGATTTCGCTTGAA-1	Oligo
ACGTGGCTCATGAACC-1	Oligo
ACGTTAGCAGGATGTG-1	Oligo
ACTAACGAGGCACCTC-1	Oligo
ACTAACGGTCTGGGCT-1	Oligo
ACTAACGTCAGTAGTC-1	Oligo
ACTAACGTCCATAACG-1	Oligo
ACTACCCAGTCGAGCA-1	Oligo
ACTACCCCACAAGGGT-1	Oligo
ACTACCCGTCCTTCAC-1	Oligo
ACTACGAAGTAGTTCC-1	Oligo
ACTACGAGTTCCGCGA-1	Oligo
ACTACGATCTATAGGC-1	Oligo
ACTAGGTAGGCAGTAC-1	Oligo
ACTAGGTCAATGTGTC-1	Oligo
ACTAGGTCACGCCGAT-1	Oligo
ACTATTCAGACGACTG-1	Oligo
ACTATTCCAGGCATCC-1	Oligo
ACTATTCCATGCCTTC-1	Oligo
ACTATTCGTAAGCCTT-1	Oligo
ACTATTCGTCATAGCT-1	Oligo
ACTATTCGTGTCTACA-1	Oligo
ACTATTCGTTTGCATG-1	Oligo
ACTCGGGCAAAGGCCA-1	Oligo
ACTCGGGGTGGTCGAA-1	Oligo
ACTCGGGTCGGGAATG-1	Oligo
ACTCGGGTCTTAGTGG-1	Oligo
ACTGCAAAGCTATCGT-1	Oligo
ACTGCAACAGAGAGAA-1	Oligo
ACTGCGGAGAAATTCG-1	Oligo
ACTGCGGAGACACTTC-1	Oligo
ACTGCGGGTTGCCGCA-1	Oligo
ACTGCGGTCCAGTACA-1	Oligo
ACTGTCCCAGGTGTGA-1	Oligo
ACTGTCCCATGTATCG-1	Oligo
ACTGTCCTCCCGCAAG-1	Oligo
ACTGTCCTCCGAGGAA-1	Oligo
ACTGTCCTCTAGCAAC-1	Oligo
ACTTCCGAGTCATACC-1	Oligo
ACTTCCGCACTCGCAG-1	Oligo
ACTTCCGGTGGACTGA-1	Oligo
ACTTTCACAAGCAATA-1	Oligo
ACTTTCACACGAACGA-1	Oligo
AGACAAATCCAGGGAA-1	Oligo
AGACAAATCCTAAAGC-1	Oligo
AGACAAATCGTTACAG-1	Oligo
AGATAGAAGACACTTC-1	Oligo
AGATAGAAGATATGAC-1	Oligo
AGATAGAGTAACCGAG-1	Oligo
AGATAGAGTTAGTAGA-1	Oligo
AGATAGATCCGCGATG-1	Oligo
AGATTCGCAAACCCTA-1	Oligo
AGATTCGCACAAGTGG-1	Oligo
AGATTCGGTACTTCAG-1	Oligo
AGATTCGGTGGCATAG-1	Oligo
AGATTCGTCAGGTTTG-1	Oligo
AGCCAGCAGTGTTCCA-1	Oligo
AGCCAGCCAAACGACG-1	Oligo
AGCCAGCGTTGGACGA-1	Oligo
AGCCCGAAGATCGAGC-1	Oligo
AGCCCGAGTTGCAGAG-1	Oligo
AGCCGCAGTCCAAGAG-1	Oligo
AGCCGCATCGTGAGTT-1	Oligo
AGCCGCATCTACTTTG-1	Oligo
AGCCTCTAGAGGTGGG-1	Oligo
AGCCTTCAGTGATTAG-1	Oligo
AGCCTTCCACGTGAAG-1	Oligo
AGCCTTCTCTGCGTCT-1	Oligo
AGCGATTCACGCTCAG-1	Oligo
AGCGATTGTCGTCGCA-1	Oligo
AGCGATTTCGCTACCT-1	Oligo
AGCGTATAGCTGGAGT-1	Oligo
AGCGTATCAGGATAGC-1	Oligo
AGCGTGCGTGTAGGAC-1	Oligo
AGCGTGCGTTGTGAGG-1	Oligo
AGCTATGCAAATTCCG-1	Oligo
AGCTATGGTGGCGCTT-1	Oligo
AGCTGATGTTTCAGCA-1	Oligo
AGCTGATTCATTCTCA-1	Oligo
AGCTGGCAGATAGGTT-1	Oligo
AGCTGGCAGCTAGCAG-1	Oligo
AGCTGGCCAATCCATG-1	Oligo
AGCTGGCCATCCCGGA-1	Oligo
AGCTGTAAGTGTGTAA-1	Oligo
AGCTGTACATCTCACC-1	Oligo
AGCTGTAGTAGTGATA-1	Oligo
AGCTGTATCTTGTGCC-1	Oligo
AGGACGAGTAGGTGAC-1	Oligo
AGGCCCATCGGGTCCA-1	Oligo
AGGCCCATCTGTGTGA-1	Oligo
AGGCCTGCACAGATGG-1	Oligo
AGGCCTGCAGCAATGG-1	Oligo
AGGCCTGTCAAAGTAG-1	Oligo
AGGCCTGTCGAGAAGC-1	Oligo
AGGCGAACAACCTCCT-1	Oligo
AGGCGAACATTGTTCT-1	Oligo
AGGCGTCGTATGTCCA-1	Oligo
AGTCAACAGGCCAATG-1	Oligo
AGTCCGGAGACCCTAT-1	Oligo
AGTCCGGAGAGGTGGG-1	Oligo
AGTCCGGGTTACGAAA-1	Oligo
AGTCCGGTCGGGAATG-1	Oligo
AGTGCCGAGATAGGTT-1	Oligo
AGTGCCGAGGGTTCTT-1	Oligo
AGTGCCGGTCTGGATT-1	Oligo
AGTGCGCAGCGTCTGC-1	Oligo
AGTGCGCGTGTGCTTA-1	Oligo
AGTGCGCTCAAACCCA-1	Oligo
AGTGTACAGAGCACTG-1	Oligo
AGTGTACAGTCATACC-1	Oligo
AGTGTACGTGGCCTCA-1	Oligo
AGTGTACTCGCAACTA-1	Oligo
AGTTTGGAGGTAGGAA-1	Oligo
AGTTTGGCATCCGTGG-1	Oligo
AGTTTGGGTATACGCT-1	Oligo
AGTTTGGGTGATCAGG-1	Oligo
AGTTTGGTCAATTGGC-1	Oligo
AGTTTGGTCACCACAA-1	Oligo
AGTTTGGTCCACCTAC-1	Oligo
ATAGTCGAGAACGTCG-1	Oligo
ATAGTCGCAAGTGGCA-1	Oligo
ATATTCCGTATGGGTG-1	Oligo
ATATTCCTCACTAGGT-1	Oligo
ATCCAGAAGTCACGCC-1	Oligo
ATCCAGACAACACGGA-1	Oligo
ATCCAGACAACGTAGG-1	Oligo
ATCCAGACATTTGTTC-1	Oligo
ATCCAGAGTAAGTGCG-1	Oligo
ATCCAGAGTCAACTGT-1	Oligo
ATCCAGAGTCATCGTA-1	Oligo
ATCCCTGCAGGTGGTA-1	Oligo
ATCCCTGCATATACGC-1	Oligo
ATCCCTGGTTTGGATC-1	Oligo
ATCCCTGTCAAGGCCC-1	Oligo
ATCCCTGTCGTTCAGA-1	Oligo
ATCCTCGCAGCACATT-1	Oligo
ATCCTCGTCAGTGGTT-1	Oligo
ATCCTGCAGACCCTAT-1	Oligo
ATCCTGCAGGAGTAGA-1	Oligo
ATCCTGCAGTGGTGTG-1	Oligo
ATCCTGCAGTTGGAAT-1	Oligo
ATCCTGCAGTTTGGAA-1	Oligo
ATCGAGTCACCTGTGG-1	Oligo
ATCGAGTTCTCTGAGA-1	Oligo
ATCGAGTTCTTACCTA-1	Oligo
ATGCATGAGATCTCAC-1	Oligo
ATGCATGCAAGGCGTA-1	Oligo
ATGCATGCAGCAACAG-1	Oligo
ATGCATGTCGAGTGTT-1	Oligo
ATGGATCCAAGATGCG-1	Oligo
ATGGATCCAAGGGTAC-1	Oligo
ATGTACGCATTGAACC-1	Oligo
ATGTCGAAGCCCATTA-1	Oligo
ATGTCGAAGTCGGGAT-1	Oligo
ATGTCTTTCTATCTCA-1	Oligo
ATGTCTTTCTCTGCAC-1	Oligo
ATGTTTCCAGCCGAAA-1	Oligo
ATTACCTGTAGTGATA-1	Oligo
ATTACCTGTCATCAAC-1	Oligo
ATTACCTGTTCCTGTC-1	Oligo
ATTACCTTCGAGCGCT-1	Oligo
ATTACCTTCGGATAGG-1	Oligo
ATTACTCAGAGAAGCA-1	Oligo
ATTACTCCAAGGCGTA-1	Oligo
ATTACTCGTCTAAGAA-1	Oligo
ATTCGTTAGTGAAGGA-1	Oligo
ATTCGTTCATCGAGTT-1	Oligo
ATTCGTTTCCGAGGAA-1	Oligo
ATTCGTTTCGTCTTAT-1	Oligo
ATTGTCTAGATCGAGC-1	Oligo
ATTGTCTCACCACCAG-1	Oligo
ATTGTCTCATTACTCT-1	Oligo
ATTGTGGAGTCTTAGC-1	Oligo
ATTGTGGGTGCAAAGC-1	Oligo
ATTGTGGTCCCACTTG-1	Oligo
ATTTGTCCAACTTGGT-1	Oligo
ATTTGTCGTGTCCCAG-1	Oligo
ATTTGTCTCAGTACAC-1	Oligo
ATTTGTCTCGGAGTTT-1	Oligo
CAAAGCTCACTCGCAG-1	Oligo
CAACCAAAGGTGTTGG-1	Oligo
CAACCAACAAGGACCA-1	Oligo
CAACCAACAGGATAGC-1	Oligo
CAACCAATCTGTTTAC-1	Oligo
CAACGGCTCCTCCATG-1	Oligo
CAACGGCTCGTCTTAT-1	Oligo
CAACGTAGTCTAACCA-1	Oligo
CAAGAAACAGTAACCT-1	Oligo
CAAGAAACATCGTACA-1	Oligo
CAAGAAAGTAGTATCC-1	Oligo
CAAGCTATCGCAAGCC-1	Oligo
CAAGGCCAGTGAAACT-1	Oligo
CAAGGCCCAAATGTCC-1	Oligo
CAATCCCAGACGCCAA-1	Oligo
CAATCCCCATGACTGT-1	Oligo
CAATCCCGTACGACCC-1	Oligo
CACAACAGTGAGCTAG-1	Oligo
CACAACAGTGGACTGA-1	Oligo
CACAACATCTCTGACC-1	Oligo
CACAGATCAACTACTG-1	Oligo
CACAGATCACCGTCTT-1	Oligo
CACAGATCATAGACGG-1	Oligo
CACAGATTCAGTGTAC-1	Oligo
CACAGATTCGGAAAGC-1	Oligo
CACATGAAGCTGAAAT-1	Oligo
CACATGACACAGTTCA-1	Oligo
CACATGACATGGTATC-1	Oligo
CACATGATCAACTTGG-1	Oligo
CACCACTAGACCCTAT-1	Oligo
CACCACTGTAAACGGC-1	Oligo
CACCACTGTACAACGG-1	Oligo
CACCACTTCTTTGCAT-1	Oligo
CACCTTGAGAGCACTG-1	Oligo
CACCTTGGTGCACCCA-1	Oligo
CACCTTGTCGACTCGG-1	Oligo
CACGTTCAGGCGTCCT-1	Oligo
CACGTTCTCTGAGTAC-1	Oligo
CACTAAGAGTCTAGAA-1	Oligo
CACTGAAAGCTAGCAG-1	Oligo
CACTGAAAGGATGTCG-1	Oligo
CAGCCTTGTATGCTAC-1	Oligo
CAGCCTTTCGCCACTT-1	Oligo
CAGCTAAGTGGCCTTG-1	Oligo
CAGCTAATCTTTGCAT-1	Oligo
CAGCTGGCAGGTGTGA-1	Oligo
CAGCTGGGTCACAGGA-1	Oligo
CAGGATTGTCAACGGA-1	Oligo
CAGGGCTAGAGTTTGA-1	Oligo
CAGGGCTAGTGCCCTG-1	Oligo
CAGGGCTGTACCGGCT-1	Oligo
CAGTATGCAAGACTTC-1	Oligo
CAGTATGTCTTCTTCC-1	Oligo
CAGTGCGAGATGGCAC-1	Oligo
CAGTGCGCAATTCTCT-1	Oligo
CAGTGCGCAGCTGATT-1	Oligo
CAGTGCGGTTCACGTA-1	Oligo
CAGTGCGTCTGTGTGA-1	Oligo
CAGTGTAGTTTGTACG-1	Oligo
CATAACGAGGTTACAA-1	Oligo
CATAACGCAGGCACAA-1	Oligo
CATAACGCATTAGCAC-1	Oligo
CATAACGTCCCGTATC-1	Oligo
CATGCCTAGGTCGTTT-1	Oligo
CATGCCTGTGGCGCTT-1	Oligo
CATGCCTGTTAAGTCC-1	Oligo
CATGTTTCAAATGTCC-1	Oligo
CATGTTTTCCAGGCCA-1	Oligo
CATTCATAGAACGTCG-1	Oligo
CATTCATAGGAGAACA-1	Oligo
CATTCATCAGTAAGAT-1	Oligo
CATTCATTCTGACTTT-1	Oligo
CATTCCGGTGCCGGTT-1	Oligo
CATTCCGTCCTCCATG-1	Oligo
CATTCCGTCTCCTTAA-1	Oligo
CATTGGACATCGTGAT-1	Oligo
CATTGGAGTGGCCTCA-1	Oligo
CATTGGATCGCATACA-1	Oligo
CCAATGAAGCCCATTA-1	Oligo
CCACAGGAGAACGCCA-1	Oligo
CCACAGGCAGCTATAC-1	Oligo
CCACAGGCATGACTGT-1	Oligo
CCACGTTAGTATACCC-1	Oligo
CCACGTTCAACGTAGG-1	Oligo
CCACGTTCATAGGCGA-1	Oligo
CCACGTTTCGCGGCAT-1	Oligo
CCAGAATAGTAGTGTA-1	Oligo
CCAGAATGTAGCAGCA-1	Oligo
CCAGAATTCCTTCGAC-1	Oligo
CCAGATATCCGTCAAA-1	Oligo
CCATACCTCTTCACTA-1	Oligo
CCCACATAGGGCTCTC-1	Oligo
CCCACATAGTCGTATC-1	Oligo
CCCACATGTGCTGTCG-1	Oligo
CCCACATTCCCGTAGG-1	Oligo
CCCAGAGAGTGAAGGA-1	Oligo
CCCAGAGCATCGCTAA-1	Oligo
CCCAGAGGTAGAGAGA-1	Oligo
CCCGTTACAACTCAAC-1	Oligo
CCCGTTAGTAGCAGCA-1	Oligo
CCCGTTATCACGTCAA-1	Oligo
CCCTAACAGTGTCGGA-1	Oligo
CCCTAACCACGATTAC-1	Oligo
CCCTAACGTTGAATAG-1	Oligo
CCCTAACTCGGGAAAC-1	Oligo
CCCTAACTCTCTGTTA-1	Oligo
CCCTAGTAGGGAAGCG-1	Oligo
CCCTAGTCACAAGTGG-1	Oligo
CCCTAGTTCAGCCGAC-1	Oligo
CCCTCTCCAAGCGAAC-1	Oligo
CCCTCTCGTGGATTTC-1	Oligo
CCCTCTCGTTGTCGGC-1	Oligo
CCCTCTCTCTTGCGCT-1	Oligo
CCCTGATAGCCCATGC-1	Oligo
CCCTGATAGTCCCTCT-1	Oligo
CCCTGATGTGTGTGTT-1	Oligo
CCGCATTTCGGCATAT-1	Oligo
CCGTAGGCACCCATCT-1	Oligo
CCGTAGGTCAAGGCAG-1	Oligo
CCGTAGGTCTTACCTA-1	Oligo
CCGTGAGAGACACAAT-1	Oligo
CCTAAAGAGATTAGAC-1	Oligo
CCTAAAGAGCTCCGGT-1	Oligo
CCTAAAGCATCCTCGT-1	Oligo
CCTAAAGGTTACCACA-1	Oligo
CCTATTATCTGTGTGA-1	Oligo
CCTCCCTTCTCGTAGA-1	Oligo
CCTGCTACAACGGACA-1	Oligo
CCTGCTACAGTGGTCC-1	Oligo
CCTGCTAGTCCATTGA-1	Oligo
CCTGGGAAGAAGACTT-1	Oligo
CCTGGGAAGAGGCAGG-1	Oligo
CCTGGGAAGTAACTCC-1	Oligo
CCTGGGAGTACTATGC-1	Oligo
CCTGGGAGTCAGTGCC-1	Oligo
CCTGGGATCTCTTAAC-1	Oligo
CCTTAATAGACTTGAA-1	Oligo
CCTTAATAGTTGCGCC-1	Oligo
CCTTAATCAATTGGCT-1	Oligo
CCTTAATGTAATGTGA-1	Oligo
CCTTGCAAGCATTGGG-1	Oligo
CCTTGCACAACTCCCT-1	Oligo
CCTTGCATCGATGCAT-1	Oligo
CCTTGGTAGGATTAAC-1	Oligo
CCTTGGTCAATTGCCA-1	Oligo
CCTTGGTCACCATTCC-1	Oligo
CCTTGGTGTATTCGCA-1	Oligo
CCTTGGTGTCATCGTA-1	Oligo
CCTTGGTTCTATAGGC-1	Oligo
CGATGATGTAGACACG-1	Oligo
CGCAATAAGCAACTGG-1	Oligo
CGCAATAGTCCGCTTT-1	Oligo
CGCAATAGTTGGCTAT-1	Oligo
CGCAGGTCAAGCGTCC-1	Oligo
CGCAGGTGTCCAACCG-1	Oligo
CGCAGGTTCAGTCTTT-1	Oligo
CGCGCAACAACAAACA-1	Oligo
CGCGCAACACCCTTTG-1	Oligo
CGCGCAAGTCTCTAAG-1	Oligo
CGCGCAATCACTGGTA-1	Oligo
CGCGCAATCGCAAACT-1	Oligo
CGCTAGGAGTACAACA-1	Oligo
CGCTAGGCACAGTTCA-1	Oligo
CGCTAGGGTAACCCAT-1	Oligo
CGCTATCAGATTAGAC-1	Oligo
CGCTATCAGGCGACTA-1	Oligo
CGCTATCCAAGCCCTG-1	Oligo
CGCTATCCAATTGGCT-1	Oligo
CGCTATCGTGTGCGTC-1	Oligo
CGCTGGAAGCCTGGTC-1	Oligo
CGCTGGAGTACCAAGG-1	Oligo
CGCTGGAGTCTGGGCT-1	Oligo
CGCTGGATCCCGAAGC-1	Oligo
CGCTGGATCGAGTGTT-1	Oligo
CGCTGGATCGGTTGTA-1	Oligo
CGCTGGATCTTATCAC-1	Oligo
CGGACCAGTTAGTAGA-1	Oligo
CGGACTGAGCTTACCA-1	Oligo
CGGACTGAGGCGCTTC-1	Oligo
CGGACTGCAGTAAGAT-1	Oligo
CGGACTGGTAGAATAC-1	Oligo
CGGACTGGTTCAGAAA-1	Oligo
CGGACTGTCGCGCCAA-1	Oligo
CGGTGCAAGTACCCAT-1	Oligo
CGGTGCACAGCGCGTT-1	Oligo
CGGTGCACATAAAGTG-1	Oligo
CGGTGCACATGCTATG-1	Oligo
CGGTGCAGTATTGTGC-1	Oligo
CGGTGCATCGGCTATA-1	Oligo
CGTAAACGTCTGATTG-1	Oligo
CGTGGCACACCGTCTT-1	Oligo
CGTTCCACAGCGTGAA-1	Oligo
CGTTCCAGTCCGTAGC-1	Oligo
CGTTCCAGTTGGACGA-1	Oligo
CTAACTTCAAGGCGTA-1	Oligo
CTAACTTGTAGCATGG-1	Oligo
CTAACTTGTATTCTTC-1	Oligo
CTACAGAAGACACGGT-1	Oligo
CTACAGAAGCGCAATG-1	Oligo
CTACAGACAACAACTC-1	Oligo
CTACAGAGTCAGGTGA-1	Oligo
CTACAGAGTTTAAGGA-1	Oligo
CTACTTAAGCAATAAC-1	Oligo
CTACTTACAGAACAGC-1	Oligo
CTACTTACATTTCACT-1	Oligo
CTAGCGGCATATTGGC-1	Oligo
CTAGGATAGCATACCT-1	Oligo
CTAGGATCAAGCCTTA-1	Oligo
CTAGGATTCTGTAGAC-1	Oligo
CTAGGGCCAGCAGGTA-1	Oligo
CTAGGGCCATTGATGC-1	Oligo
CTCAACCCACAAGGGT-1	Oligo
CTCACCAAGTGCAACG-1	Oligo
CTCACCATCTCCTTGG-1	Oligo
CTCAGAAAGCTGGAGT-1	Oligo
CTCAGAAGTACGACCC-1	Oligo
CTCAGAAGTCGATAGG-1	Oligo
CTCAGAAGTTTGTAGC-1	Oligo
CTCAGAATCCATAGGT-1	Oligo
CTCAGCTAGTCTGCTA-1	Oligo
CTCATGCAGGAGTAGA-1	Oligo
CTCATGCGTGCACTTA-1	Oligo
CTCATGCTCACTTACT-1	Oligo
CTCATGCTCGCCCTTA-1	Oligo
CTCATGCTCGGTACTA-1	Oligo
CTCCCAAGTGTCCTTC-1	Oligo
CTCCCAAGTTTCTTAC-1	Oligo
CTCGCTAAGTGGACGT-1	Oligo
CTCGCTACAATAGTGA-1	Oligo
CTCGCTATCTGTCGGG-1	Oligo
CTCTACGCAGGATAGC-1	Oligo
CTCTACGGTATTCGCA-1	Oligo
CTCTACGGTGGTCGAA-1	Oligo
CTCTACGGTTACTTTC-1	Oligo
CTCTACGTCAGTTGAC-1	Oligo
CTCTAGCAGATCTCAC-1	Oligo
CTCTAGCAGTACAGTA-1	Oligo
CTCTAGCGTCTGCGCA-1	Oligo
CTCTAGCGTGCCCGAT-1	Oligo
CTCTAGCGTGCCCTAG-1	Oligo
CTCTAGCTCCCATAGA-1	Oligo
CTCTCAGCAAGATGCG-1	Oligo
CTCTCAGTCGGGTCCA-1	Oligo
CTCTCGAAGACTAATG-1	Oligo
CTCTCGAGTGCCCGAT-1	Oligo
CTCTCGATCGGTGATT-1	Oligo
CTGAATGAGATGCGCA-1	Oligo
CTGAATGAGGTCGGTA-1	Oligo
CTGAATGCACTCGTGG-1	Oligo
CTGAATGGTCTAACCA-1	Oligo
CTGAATGGTGCTTTGA-1	Oligo
CTGAATGTCGGCATAT-1	Oligo
CTGAATGTCGGTGATT-1	Oligo
CTGAATGTCTCGTGAA-1	Oligo
CTGCGTTCATGCGTTA-1	Oligo
CTGCGTTCATGCTATG-1	Oligo
CTGCGTTCATTTGTTC-1	Oligo
CTGCTCAAGCGTCTGC-1	Oligo
CTGGCAGCACGCTGTG-1	Oligo
CTGGCAGCACTCGCAG-1	Oligo
CTGGCAGGTCAGAAAT-1	Oligo
CTGGCAGGTCAGGTGA-1	Oligo
CTGGCAGGTTTCGATG-1	Oligo
CTGGCAGTCTCGACCT-1	Oligo
CTGGGACAGAGGAACA-1	Oligo
CTGGGACCAAACGTTC-1	Oligo
CTGGGACCACGAACGA-1	Oligo
CTGTATTCAAGCGACA-1	Oligo
CTGTTCGCACAAGGGT-1	Oligo
CTGTTCGGTATGGTTC-1	Oligo
CTGTTCGTCAAGTTGC-1	Oligo
CTGTTCGTCTGCGTCT-1	Oligo
CTTAATCCACTGGGCT-1	Oligo
CTTAATCGTGGCATAG-1	Oligo
CTTAATCTCAGCACTA-1	Oligo
CTTCCAGAGAAAGCAG-1	Oligo
CTTCCAGAGGGTCTGA-1	Oligo
CTTCCAGCATGTATCG-1	Oligo
CTTCCAGGTGAAACAT-1	Oligo
CTTCCAGGTGTAGGAC-1	Oligo
CTTCCAGGTGTCGTCG-1	Oligo
CTTCCAGTCGTGGAAG-1	Oligo
CTTCTAAAGCTTCAAC-1	Oligo
CTTCTAAGTGATGCGA-1	Oligo
CTTGAAGAGGTACATA-1	Oligo
CTTGAAGCAATGGTCT-1	Oligo
CTTGAAGGTAGAATAC-1	Oligo
CTTGCCAAGAGAGTAG-1	Oligo
CTTGCCATCGTTCTAT-1	Oligo
CTTGCCATCTCTGCGT-1	Oligo
CTTGCTGAGAAGACTT-1	Oligo
CTTGCTGCAAGGGTAC-1	Oligo
CTTGCTGCATGCACTA-1	Oligo
CTTGCTGCATTGCCTC-1	Oligo
CTTGCTGGTTTCCACC-1	Oligo
CTTGTCGGTCGAGGTA-1	Oligo
CTTGTCGTCAATCGTG-1	Oligo
CTTGTCGTCAGGCCGT-1	Oligo
CTTTGCGAGACTTGAA-1	Oligo
CTTTGCGGTGAGTTGG-1	Oligo
CTTTGCGTCCGGCTGA-1	Oligo
CTTTGCGTCCTGTGGG-1	Oligo
CTTTGCGTCTTACTCA-1	Oligo
GAAACAAGTATGTCCA-1	Oligo
GAAACAATCCGCCTAT-1	Oligo
GAAAGTAAGGTCGGTA-1	Oligo
GAAAGTAGTTCCAATG-1	Oligo
GAAATGAAGCGTGTTT-1	Oligo
GAAATGACAATAGTGA-1	Oligo
GAAATGATCTTCTCTC-1	Oligo
GAACCTAGTAACACTC-1	Oligo
GAACCTATCACCGCGA-1	Oligo
GAACCTATCTGTCGGG-1	Oligo
GAACGTTAGTTCCCGG-1	Oligo
GAACGTTGTAACTGAA-1	Oligo
GAACTTGAGTCCTTCC-1	Oligo
GAACTTGCACAGATGG-1	Oligo
GAAGAGCAGTCAACTC-1	Oligo
GAAGAGCCAAGCGAAC-1	Oligo
GAAGAGCCACACGGTC-1	Oligo
GAAGAGCCACGCGCAT-1	Oligo
GAAGAGCCATATTGGC-1	Oligo
GAAGAGCTCTTAAGCG-1	Oligo
GAAGTCTCATTCACCC-1	Oligo
GAAGTCTGTCACAGTT-1	Oligo
GAAGTCTGTTGGCTAT-1	Oligo
GAAGTCTTCGTTTGAG-1	Oligo
GAATCTGCATTCGTCC-1	Oligo
GAATCTGGTCGCTAGC-1	Oligo
GAATCTGGTGCAACAG-1	Oligo
GAATCTGTCTGAGTCA-1	Oligo
GACCAATCAGAGATGC-1	Oligo
GACCAATCATAGATAG-1	Oligo
GACCCAGGTAAACGGC-1	Oligo
GACCCAGGTGATAACA-1	Oligo
GACCGACAGAAAGCAG-1	Oligo
GACCGACCAGATTTGC-1	Oligo
GACCGACGTCGCGCTA-1	Oligo
GACCGACTCCCAATGA-1	Oligo
GACCTTCAGATGGGAA-1	Oligo
GACCTTCAGCAACTGG-1	Oligo
GACCTTCCAGAATGCG-1	Oligo
GACCTTCGTTCATTTC-1	Oligo
GACTAACAGATCCGAG-1	Oligo
GACTAACAGGATTAAC-1	Oligo
GACTAGTAGAATATCG-1	Oligo
GACTAGTCATAAAGTG-1	Oligo
GACTAGTCATGGCCCA-1	Oligo
GACTAGTCATGGGAAC-1	Oligo
GACTAGTTCGTCCCTA-1	Oligo
GACTAGTTCGTGAACT-1	Oligo
GAGAACGAGCTGAGGT-1	Oligo
GAGAACGAGTGAGCTG-1	Oligo
GAGAACGAGTGCTAGG-1	Oligo
GAGACTTAGTGTGTAA-1	Oligo
GAGACTTCAAGTTCGT-1	Oligo
GAGACTTGTCTGTGTA-1	Oligo
GAGACTTGTTGCCTGG-1	Oligo
GAGACTTGTTGGACGA-1	Oligo
GAGACTTTCTTGTCAT-1	Oligo
GAGATTCTCAAGAGAT-1	Oligo
GAGATTCTCCAACCTC-1	Oligo
GAGATTCTCTCTGTTA-1	Oligo
GAGCATTAGGTAGGAA-1	Oligo
GAGCATTAGTTGTCCA-1	Oligo
GAGCATTCATGCGCTG-1	Oligo
GAGCATTGTAGTCTGT-1	Oligo
GAGCGCTAGATCACCT-1	Oligo
GAGCGCTAGTGAAACT-1	Oligo
GAGCGCTCAACGCACC-1	Oligo
GAGCGCTCACAATAAG-1	Oligo
GAGCGCTGTAATGCAA-1	Oligo
GAGCGCTGTATCTGCA-1	Oligo
GAGCGCTGTTCCCAAA-1	Oligo
GAGGCTCGTAGTATCC-1	Oligo
GAGGTCCAGTTTGGAA-1	Oligo
GAGGTCCGTCTGATTG-1	Oligo
GAGTGAGCATTACTCT-1	Oligo
GATCATGAGAAATCTG-1	Oligo
GATCATGCACCACCAG-1	Oligo
GATCATGGTCGTAGTT-1	Oligo
GATCATGGTTTAGAAG-1	Oligo
GATCGTAAGCCATGGA-1	Oligo
GATCGTACAATAGTGA-1	Oligo
GATCGTACACCCTTAC-1	Oligo
GATCGTAGTCCGAGCT-1	Oligo
GATCGTATCCTTTGAT-1	Oligo
GATGATCAGCAGAAAG-1	Oligo
GATGATCAGCCTTTGA-1	Oligo
GATGATCTCAAAGTAG-1	Oligo
GATGGCCAGTCACACT-1	Oligo
GATGGCCTCAGTGTAC-1	Oligo
GATTAGCAGTACAACA-1	Oligo
GATTGACAGCGTATCT-1	Oligo
GATTGACCAGCGCGTT-1	Oligo
GCAACCGCACAGTTCA-1	Oligo
GCAACCGGTGATAACA-1	Oligo
GCACCTTAGTGTAATG-1	Oligo
GCACCTTCACGTACAT-1	Oligo
GCACCTTCAGAGTCGA-1	Oligo
GCACCTTGTAGAATAC-1	Oligo
GCACCTTGTGCAAAGC-1	Oligo
GCACCTTGTGGATTTC-1	Oligo
GCACCTTTCCCAATAG-1	Oligo
GCACGCAAGAGCAGCT-1	Oligo
GCACGCAAGGTCCTCG-1	Oligo
GCACGCAAGTTCGCGC-1	Oligo
GCACGCAGTGCAAGCA-1	Oligo
GCACGCATCGGTCCGA-1	Oligo
GCACGCATCGTGGCGT-1	Oligo
GCACGGTCAGCACATT-1	Oligo
GCAGATTGTAACCGAG-1	Oligo
GCAGCCACACTCCTCA-1	Oligo
GCAGCCAGTGAGGGTT-1	Oligo
GCAGCTGTCTGGCCAG-1	Oligo
GCAGCTGTCTTTGCAT-1	Oligo
GCATGATAGAGCTGTG-1	Oligo
GCATGATAGGAGAACA-1	Oligo
GCATGATAGGATGTAT-1	Oligo
GCATGATAGTTCTCCC-1	Oligo
GCATGATGTACTTCGA-1	Oligo
GCATGATGTGAGGTCA-1	Oligo
GCATGATGTGTCTACA-1	Oligo
GCATGATTCGTCTTAT-1	Oligo
GCATTCCCACGTTAGT-1	Oligo
GCATTCCGTAGGTAAT-1	Oligo
GCATTGAAGACCTATC-1	Oligo
GCATTGACAATGGCTT-1	Oligo
GCATTGACATTACTCT-1	Oligo
GCATTGAGTTGCTTGA-1	Oligo
GCCAGACAGAAAGGGT-1	Oligo
GCCAGACAGCAACGGT-1	Oligo
GCCAGACCACTGTCAA-1	Oligo
GCCAGACGTTCAGAAA-1	Oligo
GCCATAAAGAGGCCTA-1	Oligo
GCCATAAAGTTCAAGA-1	Oligo
GCCATAAAGTTCAGGG-1	Oligo
GCCATAAGTGATCAGG-1	Oligo
GCCATAAGTGCGTCCA-1	Oligo
GCCATAATCCTCCATG-1	Oligo
GCCCAGAAGACGCCAA-1	Oligo
GCCCGAAAGGCTTAAA-1	Oligo
GCCCGAAAGTATGCTC-1	Oligo
GCCCGAACACAAACGG-1	Oligo
GCCCGAATCCAATCCC-1	Oligo
GCCTACTGTGACGCAA-1	Oligo
GCCTACTTCAAACCAC-1	Oligo
GCCTAGGCATCAGAAA-1	Oligo
GCCTAGGGTCCATTGA-1	Oligo
GCGAGAACACGCGACT-1	Oligo
GCGAGAAGTAACACTC-1	Oligo
GCGAGTCAGGTCGGTA-1	Oligo
GCGAGTCCAACGGGTA-1	Oligo
GCGAGTCGTTACTACG-1	Oligo
GCGAGTCTCTGGCCAG-1	Oligo
GCGATCGCAGAATGCG-1	Oligo
GCGATCGGTATCAGCT-1	Oligo
GCGATCGGTCGATAGG-1	Oligo
GCGATCGTCGTGTGCG-1	Oligo
GCGATCGTCTGAACGT-1	Oligo
GCGATTACACTTTGGA-1	Oligo
GCGATTAGTATTCTTC-1	Oligo
GCGATTAGTCTCGGGT-1	Oligo
GCGATTATCGTTACAG-1	Oligo
GCGCATGGTGTCCAGC-1	Oligo
GCGCATGGTTGTGACT-1	Oligo
GCGCATGTCAGGTTTG-1	Oligo
GCGCATGTCTCTGCAC-1	Oligo
GCGCATGTCTGGCCAG-1	Oligo
GCGCATGTCTTCTTCC-1	Oligo
GCGCCAAAGAACAGGA-1	Oligo
GCGCCAAAGGTACTCT-1	Oligo
GCGCCAAGTGCGTAGA-1	Oligo
GCGGAAAAGTCTAGAA-1	Oligo
GCGGAAACATCCCAAA-1	Oligo
GCGGAAATCTGGCACG-1	Oligo
GCGGGTTCAAGTAACA-1	Oligo
GCGGGTTCAGGCACAA-1	Oligo
GCGGGTTTCAAACCAC-1	Oligo
GCGGTGTAGCTAGTTC-1	Oligo
GCGGTGTAGTCTGCTA-1	Oligo
GCGGTGTTCCCAATGA-1	Oligo
GCGGTGTTCTATGAGC-1	Oligo
GCGTAGCTCCTCCTGA-1	Oligo
GCGTTGGAGCAATGTA-1	Oligo
GCGTTGGTCCAAACCA-1	Oligo
GCTCACTTCAGTGTGT-1	Oligo
GCTCAGGCATCGACCG-1	Oligo
GCTCAGGCATCGTGAT-1	Oligo
GCTCCTAAGATTACGA-1	Oligo
GCTCCTAAGTTGTCCA-1	Oligo
GCTCCTACAAATGTCC-1	Oligo
GCTCCTAGTACGACCC-1	Oligo
GCTCCTAGTGTCCAGC-1	Oligo
GCTCCTAGTTCTTATC-1	Oligo
GCTCGAGTCGGTCAGC-1	Oligo
GCTGAGCCAACGTCGC-1	Oligo
GCTGAGCTCAATCGTG-1	Oligo
GCTGCGATCGCCACTT-1	Oligo
GCTGTTCTCTGTTGCC-1	Oligo
GCTTGCTAGTTGGAAT-1	Oligo
GCTTGCTGTAGACGCA-1	Oligo
GCTTGCTGTGCTTGAT-1	Oligo
GCTTGCTGTGGAAAGA-1	Oligo
GCTTTCGGTGCAAAGC-1	Oligo
GGAACCCAGGTTTCTG-1	Oligo
GGAACCCCAGGATGTG-1	Oligo
GGAACCCCATGTATCG-1	Oligo
GGAACCCGTGCCGGTT-1	Oligo
GGAACTTGTATCTAGC-1	Oligo
GGAATCTCAAGCAATA-1	Oligo
GGAATCTGTGATCAGG-1	Oligo
GGACACCCAGGGAGTT-1	Oligo
GGAGAACAGTAGGTCG-1	Oligo
GGAGAACAGTCCGTGC-1	Oligo
GGAGAACTCCAGTACA-1	Oligo
GGAGGATAGGTGTCGA-1	Oligo
GGAGGATAGTGCTAGG-1	Oligo
GGAGGATCAGATAAGT-1	Oligo
GGAGGATGTGATAACA-1	Oligo
GGAGGATTCGTTCCGT-1	Oligo
GGAGTAGAGGACTTTC-1	Oligo
GGAGTAGGTGACCAGA-1	Oligo
GGAGTAGGTGTAGGAC-1	Oligo
GGAGTAGGTTCTGATG-1	Oligo
GGATAGGCATTGATGC-1	Oligo
GGATAGGGTGGAAGCT-1	Oligo
GGATAGGTCAGGGTTT-1	Oligo
GGATGAGTCGACTTAG-1	Oligo
GGCACGTAGGGTCTGA-1	Oligo
GGCATTACACCTGTGG-1	Oligo
GGCATTACACTTTGGA-1	Oligo
GGCATTAGTGGCCTCA-1	Oligo
GGCATTAGTGGCCTTG-1	Oligo
GGCATTAGTGTTAGAA-1	Oligo
GGCATTAGTTCTCGAA-1	Oligo
GGCATTATCGGCAATT-1	Oligo
GGCGAAAAGGGCTCTC-1	Oligo
GGCGAAACACGCTGTG-1	Oligo
GGCGAAAGTCAGTGTT-1	Oligo
GGCGAAATCTTGTCGC-1	Oligo
GGCGTTGCATTCTCGC-1	Oligo
GGCGTTGGTATTCGCA-1	Oligo
GGCGTTGTCAGTGTGT-1	Oligo
GGGACCTGTCACAGTT-1	Oligo
GGGACCTTCACATTCT-1	Oligo
GGGACCTTCGCCGAAC-1	Oligo
GGGCCATAGTCAACTC-1	Oligo
GGGCCATAGTTGTCCA-1	Oligo
GGGCCATCATACTGCA-1	Oligo
GGGCCATCATCCGTAA-1	Oligo
GGGCCATGTAACCCAT-1	Oligo
GGGCCATTCAGATACC-1	Oligo
GGGCCATTCCCAATGA-1	Oligo
GGGCCATTCGAACCGC-1	Oligo
GGGTCTGCAAGAGATT-1	Oligo
GGGTCTGGTCCGTGCA-1	Oligo
GGGTGTCAGAACGTCG-1	Oligo
GGGTGTCCATGGGTGA-1	Oligo
GGGTGTCTCCAGTACA-1	Oligo
GGGTGTCTCGCTGATA-1	Oligo
GGGTGTCTCTATCTCA-1	Oligo
GGGTTATAGAGGCAGG-1	Oligo
GGGTTATAGCAGAAAG-1	Oligo
GGGTTATTCCACCTAC-1	Oligo
GGTACCGCAAATGTCC-1	Oligo
GGTACCGCAGAAGTGC-1	Oligo
GGTAGGAAGGAGTCTG-1	Oligo
GGTAGGAAGGTTGTTC-1	Oligo
GGTGAAGGTATCTCAG-1	Oligo
GGTGAAGGTATGGATA-1	Oligo
GGTGAAGTCTGTAGAC-1	Oligo
GGTGCTGCAACTCGTA-1	Oligo
GGTGCTGCATTACACG-1	Oligo
GGTGTCGGTAGAAGCC-1	Oligo
GGTGTCGGTGAGTCGA-1	Oligo
GGTTGCGAGAGAAGCA-1	Oligo
GGTTGCGAGTGAAACT-1	Oligo
GGTTGCGTCGTGAGTT-1	Oligo
GTAATCGAGCGTAGCA-1	Oligo
GTAATCGAGTCATCTG-1	Oligo
GTAATCGGTCAACGGA-1	Oligo
GTACTTTAGCAGAGCT-1	Oligo
GTACTTTAGTCAGGAC-1	Oligo
GTACTTTCACCGAAAG-1	Oligo
GTACTTTCAGATTTGC-1	Oligo
GTACTTTCATTTGTTC-1	Oligo
GTACTTTGTATCCCTC-1	Oligo
GTAGACTAGCAACGGT-1	Oligo
GTAGACTTCACTCCCA-1	Oligo
GTAGACTTCATGAACC-1	Oligo
GTAGGAGAGAACTCCT-1	Oligo
GTAGGAGAGCGCACAA-1	Oligo
GTAGTACAGAGAACCC-1	Oligo
GTAGTACCAGAAAGAG-1	Oligo
GTAGTACTCGCATAAC-1	Oligo
GTCACAACAAGCAATA-1	Oligo
GTCACCTCATATACGC-1	Oligo
GTCACGGAGTCATACC-1	Oligo
GTCACGGCAAGACACG-1	Oligo
GTCACGGGTAAGCCTT-1	Oligo
GTCACGGGTCAACGGA-1	Oligo
GTCACGGGTTGAAGCG-1	Oligo
GTCACTCCAAGATGCG-1	Oligo
GTCCATCAGTAGGTCG-1	Oligo
GTCCATCCAAGTTGCT-1	Oligo
GTCCATCTCCTCATTA-1	Oligo
GTCCATCTCTGTTTAC-1	Oligo
GTCGTAAGTGTCGTGC-1	Oligo
GTCTACCCAAGACTAA-1	Oligo
GTCTACCTCGAGGTAG-1	Oligo
GTGACATAGAGAATTC-1	Oligo
GTGACATAGGAGTCTG-1	Oligo
GTGACATCAAGGGTAC-1	Oligo
GTGACATCACAGTTCA-1	Oligo
GTGACATGTAGCCATT-1	Oligo
GTGACATTCCGGCGAT-1	Oligo
GTGATCAAGATGTTGA-1	Oligo
GTGATCACACTCAGCG-1	Oligo
GTGATCAGTACTTCGA-1	Oligo
GTGATCATCACTCCCA-1	Oligo
GTGATCATCATTCTTG-1	Oligo
GTGATCATCTTCACTA-1	Oligo
GTGCACGAGTCGGGAT-1	Oligo
GTGCACGCAACGTCGC-1	Oligo
GTGCACGCAAGCGAAC-1	Oligo
GTGCACGCAATTCGTG-1	Oligo
GTGCACGGTCGGCTGT-1	Oligo
GTGCACGGTGCCCAGT-1	Oligo
GTGCACGTCAATCGTG-1	Oligo
GTGCCAGAGAACAGGA-1	Oligo
GTGCTGGAGAGCAGCT-1	Oligo
GTGCTGGAGAGTTCGG-1	Oligo
GTGCTGGCATCGACCG-1	Oligo
GTGCTGGTCGATATGC-1	Oligo
GTGGATTCAAGGCGTA-1	Oligo
GTGGATTCATGCGTTA-1	Oligo
GTGGATTGTAACACTC-1	Oligo
GTGGATTTCGTCGCAG-1	Oligo
GTGGCGTCAGTTGCAT-1	Oligo
GTGGCGTGTATGGATA-1	Oligo
GTGGCGTGTGCTTGAT-1	Oligo
GTGGCGTTCCAGAGAG-1	Oligo
GTGGCGTTCCAGGTAT-1	Oligo
GTGGCGTTCTAGCAGT-1	Oligo
GTGTCAAAGCCGCAAA-1	Oligo
GTGTCAATCTACTTTG-1	Oligo
GTGTCCTCAAGGAACC-1	Oligo
GTGTCCTCACGCTCAG-1	Oligo
GTGTCCTTCGATGTGT-1	Oligo
GTGTGATAGAGACTCG-1	Oligo
GTGTGATGTGCGCATC-1	Oligo
GTGTGATGTTCTGAGT-1	Oligo
GTTACGAAGCCTGGTC-1	Oligo
GTTACGACACTCCTCA-1	Oligo
GTTACGACAGCAGGTA-1	Oligo
GTTACGACATTTAGGC-1	Oligo
GTTACGACATTTGGCA-1	Oligo
GTTACGAGTATTCACG-1	Oligo
GTTACGAGTTGCAGCC-1	Oligo
GTTACTTCAGGCATTT-1	Oligo
GTTACTTTCGACTTAG-1	Oligo
GTTACTTTCGATGTGT-1	Oligo
GTTATGGGTTACTTTC-1	Oligo
GTTATGGGTTATGCAC-1	Oligo
GTTATTCAGAGCTCCC-1	Oligo
GTTATTCGTACTATGC-1	Oligo
GTTCAAGGTATTGTGC-1	Oligo
GTTCAAGTCCGCTATC-1	Oligo
GTTGGGCCACCTGGTG-1	Oligo
GTTGGTACACTACACA-1	Oligo
GTTGGTAGTGCCCGAT-1	Oligo
TAAACCGAGACTAGCG-1	Oligo
TAAACCGCATATTGGC-1	Oligo
TAAACCGTCCCACTAC-1	Oligo
TAACAGCAGATCGCCC-1	Oligo
TAACAGCCACTGTCGG-1	Oligo
TAACAGCTCTGACATG-1	Oligo
TAACGGTTCGCTTCAC-1	Oligo
TAACGGTTCTGTTTAC-1	Oligo
TAACTTCGTCGGCTGT-1	Oligo
TAACTTCTCCACGAGC-1	Oligo
TAAGCCACAGGTAGCA-1	Oligo
TAAGCCAGTGCGTGTC-1	Oligo
TAAGCCAGTGTGCTTA-1	Oligo
TAAGCCATCAAACCAC-1	Oligo
TAAGTGCTCCAAACCA-1	Oligo
TAAGTGCTCCATCGAA-1	Oligo
TAATCGGAGCGATACG-1	Oligo
TAATCGGCAAATTGAG-1	Oligo
TAATTCCCAACTCAAC-1	Oligo
TAATTCCCACGATATC-1	Oligo
TAATTCCCACGTTGTA-1	Oligo
TAATTCCGTAGATGAT-1	Oligo
TAATTCCGTCTGAGCC-1	Oligo
TACAGCATCCATACGA-1	Oligo
TACAGCATCCGGAAAG-1	Oligo
TACAGCATCTATGAGC-1	Oligo
TACAGCATCTCGCGGA-1	Oligo
TACATGGCAAACTACC-1	Oligo
TACATGGTCAAGTTGC-1	Oligo
TACATGGTCAGTCACA-1	Oligo
TACATGGTCTCGCGGA-1	Oligo
TACATTCAGCAACGGT-1	Oligo
TACATTCTCTGCTACC-1	Oligo
TACCCTGAGCTATCCA-1	Oligo
TACCCTGAGGTAAGCC-1	Oligo
TACCCTGCAGTTACAC-1	Oligo
TACCCTGGTCGCTAGC-1	Oligo
TACCTATCACTAGCCG-1	Oligo
TACCTATCATCAGAAA-1	Oligo
TACCTCGCACAAGGGT-1	Oligo
TACCTCGCAGTAACTC-1	Oligo
TACCTCGTCAGTCAAC-1	Oligo
TACCTCGTCATCGCCT-1	Oligo
TACCTCGTCCACACCT-1	Oligo
TACGCAAGTGTCCAGC-1	Oligo
TACGCCTGTATCCTTT-1	Oligo
TACGCCTGTGTGAGGT-1	Oligo
TACGGATCAACTGCGC-1	Oligo
TACGGATGTAGAGAGA-1	Oligo
TACTAGGAGCGATACG-1	Oligo
TACTAGGGTATGGATA-1	Oligo
TACTAGGGTCCAAGTT-1	Oligo
TACTCGCCAATCCATG-1	Oligo
TACTCGCCATGGATGG-1	Oligo
TACTCGCTCTGTTTAC-1	Oligo
TACTGCCGTGCGTAGA-1	Oligo
TACTGCCTCAGGCGCT-1	Oligo
TACTGCCTCTCCCTTT-1	Oligo
TAGACTGAGAAGGGCG-1	Oligo
TAGACTGTCGCTCGGA-1	Oligo
TAGCACACAAAGCTTC-1	Oligo
TAGCACACAAGGGAGG-1	Oligo
TAGCACACAGTCAGCC-1	Oligo
TAGCACAGTTTGATCG-1	Oligo
TAGCACATCAGAGTGG-1	Oligo
TAGCATGAGACCATAA-1	Oligo
TAGCATGAGCTCCATA-1	Oligo
TAGCATGGTTACCCAA-1	Oligo
TAGCCCTTCCTAGAGT-1	Oligo
TAGCCGGAGCCCATTA-1	Oligo
TAGCCGGAGTAACACA-1	Oligo
TAGCCGGGTGCGTCCA-1	Oligo
TAGCCGGTCGAGCGCT-1	Oligo
TAGCGGCAGACGTCAG-1	Oligo
TAGCGGCCAATGGCTT-1	Oligo
TAGCGGCCAGAACGAC-1	Oligo
TAGCGGCCATCATCGA-1	Oligo
TAGCGGCGTCACAGGA-1	Oligo
TAGCGGCGTGCGCATC-1	Oligo
TAGCTTTTCTGATCCC-1	Oligo
TAGGAGGAGCACCATT-1	Oligo
TAGGAGGAGGCATGCA-1	Oligo
TAGGAGGGTGCACTTA-1	Oligo
TAGGTGTAGTTCCCGG-1	Oligo
TAGGTGTCACGATTAC-1	Oligo
TAGTCCCAGGATTAAC-1	Oligo
TAGTCCCCAAGACTTC-1	Oligo
TAGTCCCCACTCCCAT-1	Oligo
TAGTCCCGTCAACTGT-1	Oligo
TATCGAGCACGCGACT-1	Oligo
TATCGAGTCTATCTTG-1	Oligo
TATCTGTAGACGTCAG-1	Oligo
TATCTGTAGATAGGTT-1	Oligo
TATCTGTTCTCCAACC-1	Oligo
TATGTGGAGAATCAAC-1	Oligo
TATGTGGAGACCCTAT-1	Oligo
TATGTGGCACACTAGT-1	Oligo
TATGTTCGTGACGCAA-1	Oligo
TATGTTCTCTCTCAAT-1	Oligo
TATTGCTCATTTGGTG-1	Oligo
TATTGCTTCAGAACGG-1	Oligo
TCAAGACAGAGTAAGG-1	Oligo
TCAAGACCAATCATCG-1	Oligo
TCAAGACCACACATTG-1	Oligo
TCAAGACGTGTGAGGT-1	Oligo
TCAAGACGTGTGTGTT-1	Oligo
TCAAGCAAGAGGAACA-1	Oligo
TCAAGCAAGTTCTCCC-1	Oligo
TCAAGCACAAGCAACG-1	Oligo
TCAAGGTAGTCCGATT-1	Oligo
TCAAGGTGTAACGGCA-1	Oligo
TCAAGGTGTCTCTAAG-1	Oligo
TCAATTCAGTGTCACT-1	Oligo
TCAATTCTCCAGGGAA-1	Oligo
TCAATTCTCTGACTTT-1	Oligo
TCACAAGGTCGCTAGC-1	Oligo
TCACAAGTCCCTACGT-1	Oligo
TCACAAGTCCGATTGA-1	Oligo
TCACAGAAGAACGTTA-1	Oligo
TCACAGACAAGACTTC-1	Oligo
TCACAGACAAGGCGTA-1	Oligo
TCACAGAGTCCTTCAC-1	Oligo
TCACAGATCTAGTCGA-1	Oligo
TCACCACAGCTTACCA-1	Oligo
TCACCACAGTAATCAG-1	Oligo
TCACCACTCACGTCAA-1	Oligo
TCACCACTCTGTTTAC-1	Oligo
TCACCTGAGGGTTCTT-1	Oligo
TCACCTGGTCCTCAGG-1	Oligo
TCACCTGTCCGAGAGA-1	Oligo
TCACTCGAGCGCGTTC-1	Oligo
TCACTCGAGGGAGATA-1	Oligo
TCACTCGAGGTAAGCC-1	Oligo
TCACTCGGTCGCTACG-1	Oligo
TCAGGGCAGACACTTC-1	Oligo
TCAGGGCGTAGACGCA-1	Oligo
TCAGGGCGTTAACCAC-1	Oligo
TCAGGGCTCCCTACCA-1	Oligo
TCAGGTAGTCTAACCA-1	Oligo
TCAGTCCCAAGGGTAC-1	Oligo
TCAGTTTCAAGGGTAC-1	Oligo
TCAGTTTCAGGGCTTC-1	Oligo
TCAGTTTTCAATTGGC-1	Oligo
TCAGTTTTCCACCTAC-1	Oligo
TCCATCGAGTGATTAG-1	Oligo
TCCATCGCACCATTCC-1	Oligo
TCCATCGTCTTTGCAT-1	Oligo
TCCCACACAGCAACGA-1	Oligo
TCCCACATCGTGAACT-1	Oligo
TCCGACTCACTGATAC-1	Oligo
TCGAGCGAGCAATAAC-1	Oligo
TCGAGCGCAACCTCCT-1	Oligo
TCGAGCGCACCATTCC-1	Oligo
TCGATTTCATTAAGGA-1	Oligo
TCGCAGGCAAAGCTGG-1	Oligo
TCGCAGGGTACGTAGG-1	Oligo
TCGCAGGGTTTGCCAA-1	Oligo
TCGCAGGTCCCAGCAG-1	Oligo
TCGCAGGTCCGGACTG-1	Oligo
TCGCCTAAGTACCACT-1	Oligo
TCGGGACAGTTCAGGG-1	Oligo
TCGGGACTCACTGGTA-1	Oligo
TCGGGACTCGGGACAA-1	Oligo
TCGTTCGAGTACGACG-1	Oligo
TCGTTCGGTACTTCAG-1	Oligo
TCGTTCGGTACTTCGA-1	Oligo
TCGTTCGGTGGCATAG-1	Oligo
TCTAGTTAGGTCGGTA-1	Oligo
TCTAGTTCACGAACGA-1	Oligo
TCTAGTTCATTTGGTG-1	Oligo
TCTATTGAGTCATACC-1	Oligo
TCTATTGCAAACTACC-1	Oligo
TCTATTGCACGTTGTA-1	Oligo
TCTATTGGTGCTTACA-1	Oligo
TCTCAGCCAATGCCAT-1	Oligo
TCTCAGCCACTGATAC-1	Oligo
TCTCAGCGTAGTTTGC-1	Oligo
TCTCAGCGTGATAAGT-1	Oligo
TCTCTGGCAATCCATG-1	Oligo
TCTCTGGCATTCCCGT-1	Oligo
TCTCTGGTCTGATCCC-1	Oligo
TGAATCGAGTGTTCCA-1	Oligo
TGAATCGCACTCCCAT-1	Oligo
TGAATCGTCTACATCT-1	Oligo
TGACTCCGTCCGAGCT-1	Oligo
TGAGCCGGTACAACGG-1	Oligo
TGAGTCAAGAGCCTGA-1	Oligo
TGAGTCAAGGATTGAT-1	Oligo
TGAGTCAAGTACTCTG-1	Oligo
TGAGTCACAAAGCATA-1	Oligo
TGAGTCAGTCTCGGGT-1	Oligo
TGAGTCATCAGCACGC-1	Oligo
TGATCAGAGTTCGTTG-1	Oligo
TGATCAGCAAAGCTGG-1	Oligo
TGATCAGCAACGTACT-1	Oligo
TGATCAGGTTAGGAGC-1	Oligo
TGATGCAAGCTATCGT-1	Oligo
TGATGCAAGTCAACTC-1	Oligo
TGATGCAGTTGTGAGG-1	Oligo
TGATGCATCTGACTTT-1	Oligo
TGATTTCAGCACCATT-1	Oligo
TGATTTCCAATTAGGA-1	Oligo
TGATTTCCATGCACTA-1	Oligo
TGCACCTAGATTGACA-1	Oligo
TGCACCTGTAAAGGCC-1	Oligo
TGCATGATCAGGATCT-1	Oligo
TGCATTTAGTGTCACT-1	Oligo
TGCCTCAAGGCAGTGT-1	Oligo
TGCCTGTGTGGACAGT-1	Oligo
TGCCTGTGTTGGCTTA-1	Oligo
TGCGTAAAGGTTGACG-1	Oligo
TGCGTAAAGTATAGTG-1	Oligo
TGCGTAAGTCGTAATC-1	Oligo
TGCGTAATCAGGGTTT-1	Oligo
TGCGTAATCCGGAAAG-1	Oligo
TGCTATTGTGATGCGA-1	Oligo
TGCTATTTCTGGAAGG-1	Oligo
TGCTATTTCTTATCAC-1	Oligo
TGCTCACAGAGTTTGA-1	Oligo
TGCTCACAGTACAGTA-1	Oligo
TGCTCACCAAGGCTTT-1	Oligo
TGCTCACGTTCCAATG-1	Oligo
TGCTCACTCACACGTA-1	Oligo
TGCTCGTAGCTGAAAT-1	Oligo
TGCTCGTGTCGACTGC-1	Oligo
TGCTCGTTCGCTGATA-1	Oligo
TGCTTCGCATGCGTTA-1	Oligo
TGCTTCGGTAGATGAT-1	Oligo
TGCTTCGGTTCTGAAC-1	Oligo
TGCTTTAAGTCCGTGC-1	Oligo
TGCTTTACATCACAAC-1	Oligo
TGCTTTAGTCGTAGTT-1	Oligo
TGCTTTAGTTCCATCC-1	Oligo
TGCTTTATCCAGGTAT-1	Oligo
TGGAAGGGTACTTCGA-1	Oligo
TGGAAGGGTGAATACA-1	Oligo
TGGAAGGGTGAATCAA-1	Oligo
TGGACATGTAACGTAA-1	Oligo
TGGACATGTGCCCGAT-1	Oligo
TGGACATGTGTGACCC-1	Oligo
TGGCAATAGAAGACTT-1	Oligo
TGGCAATAGGTTGTGG-1	Oligo
TGGCAATCACTGATAC-1	Oligo
TGGCAATTCACGATTG-1	Oligo
TGGCAATTCTGTGTGA-1	Oligo
TGGCCTTAGGAAACTT-1	Oligo
TGGCCTTCAGTCCTGG-1	Oligo
TGGCCTTGTGTTGGTT-1	Oligo
TGGCGCAAGACCATAA-1	Oligo
TGGCGCAAGGATCCTT-1	Oligo
TGGCGCAAGGCTCCTG-1	Oligo
TGGCGCAAGTTGCCGC-1	Oligo
TGGGTGCTCGGCTATA-1	Oligo
TGGGTTAAGAGCGAAA-1	Oligo
TGGGTTAAGCATGTGG-1	Oligo
TGGGTTACAAAGAGAG-1	Oligo
TGGGTTACACGCTGTG-1	Oligo
TGGTCAAGTGGTCGAA-1	Oligo
TGGTCAATCGAACACT-1	Oligo
TGGTCCTCAGGCTACC-1	Oligo
TGGTCCTGTACAAGCG-1	Oligo
TGGTCCTGTCATCGTA-1	Oligo
TGGTCCTTCACTGGTA-1	Oligo
TGGTCCTTCGCAAACT-1	Oligo
TGTAAGCAGGCACCTC-1	Oligo
TGTAAGCAGGCTGGAT-1	Oligo
TGTAAGCGTAACGGCA-1	Oligo
TGTACAGCAAGGTTCT-1	Oligo
TGTACAGGTCATCGTA-1	Oligo
TGTACAGGTTGGCTAT-1	Oligo
TGTACAGTCAGATACC-1	Oligo
TGTACAGTCGCCAGAC-1	Oligo
TGTACAGTCTCTGCAC-1	Oligo
TGTACGAAGGCAATTA-1	Oligo
TGTACGAAGGTTTCTG-1	Oligo
TGTAGCAAGACTTGAA-1	Oligo
TGTAGCACAAGGCGTA-1	Oligo
TGTAGCAGTCCGTAGC-1	Oligo
TGTAGCATCAGGGTTT-1	Oligo
TGTGACACAACATAAG-1	Oligo
TGTGACACATTAGCAC-1	Oligo
TGTGACAGTACGTAGG-1	Oligo
TGTGGCGCATGCCCTT-1	Oligo
TGTGGCGTCGAGTGTT-1	Oligo
TGTGTCCTCGGTTAGT-1	Oligo
TGTTAGGAGTCAGCCC-1	Oligo
TTAACGGAGGATGCCA-1	Oligo
TTAACGGAGTCTGGGA-1	Oligo
TTACCCGAGGAGTAGA-1	Oligo
TTACCCGCAACGACAG-1	Oligo
TTACCCGCAAGCGAAC-1	Oligo
TTACGGACATCCCAAA-1	Oligo
TTACGGAGTACGGAGT-1	Oligo
TTACGGATCCGAGAGA-1	Oligo
TTACGGATCCTGTGGG-1	Oligo
TTACGTTCAATGATGA-1	Oligo
TTACTCACACATTGCA-1	Oligo
TTACTCACAGGTGTCC-1	Oligo
TTACTCAGTATCAGCT-1	Oligo
TTACTTGAGAATATCG-1	Oligo
TTACTTGAGGTGTTGG-1	Oligo
TTACTTGGTATCATGC-1	Oligo
TTACTTGGTATGTCCA-1	Oligo
TTACTTGTCAAATGGA-1	Oligo
TTACTTGTCGGTCCGA-1	Oligo
TTACTTGTCTATGAGC-1	Oligo
TTAGCGAAGACCTATC-1	Oligo
TTAGCGAAGGATGCCA-1	Oligo
TTAGCGAAGGTTCGTT-1	Oligo
TTAGCGACAACGGGTA-1	Oligo
TTAGCGACACATCATG-1	Oligo
TTAGCGACACCTCGTT-1	Oligo
TTAGCGAGTACGGAGT-1	Oligo
TTAGCGAGTCGAGAAC-1	Oligo
TTAGCGATCGGATGTT-1	Oligo
TTAGCTTAGGAGACTC-1	Oligo
TTAGCTTAGTGAACCG-1	Oligo
TTAGGTGCATGGTTTG-1	Oligo
TTAGGTGGTAGCGTTT-1	Oligo
TTAGGTGGTGTACGCC-1	Oligo
TTATGTCAGGGTCCCT-1	Oligo
TTATGTCGTGCGCTCA-1	Oligo
TTATGTCTCCGGCGAT-1	Oligo
TTCAACTAGACGCCCT-1	Oligo
TTCAACTAGCACGTAG-1	Oligo
TTCAACTCACTGTAAC-1	Oligo
TTCAACTGTCTGTTGA-1	Oligo
TTCATCAAGAGTGGAA-1	Oligo
TTCATCACATTTGGTG-1	Oligo
TTCATCAGTGCCGGTT-1	Oligo
TTCATTGAGACACAAT-1	Oligo
TTCATTGTCCCACTAC-1	Oligo
TTCATTGTCTACTTTG-1	Oligo
TTCGATTAGGCAGTGT-1	Oligo
TTCGGTCGTATTCGAC-1	Oligo
TTCGGTCGTCATGAGG-1	Oligo
TTCGGTCGTTGGACGA-1	Oligo
TTCGTTAAGGACTTTC-1	Oligo
TTCGTTAGTGAATCAA-1	Oligo
TTCGTTATCTCAGATG-1	Oligo
TTCTAACAGAGAGTTT-1	Oligo
TTCTAACAGAGGCAGG-1	Oligo
TTCTAACAGCTTTCCC-1	Oligo
TTCTAACGTCACCGCA-1	Oligo
TTCTGTAAGTAGGAAG-1	Oligo
TTCTGTAAGTTCTCCC-1	Oligo
TTCTGTACACAGTTAC-1	Oligo
TTCTGTACACTGTAAC-1	Oligo
TTCTGTATCCAATAGC-1	Oligo
TTGACGACAATGCACT-1	Oligo
TTGAGCAAGTCCGGAA-1	Oligo
TTGAGTGCAAGGCTTT-1	Oligo
TTGAGTGCACGAACGA-1	Oligo
TTGAGTGGTTCTGAGT-1	Oligo
TTGCACCAGACCCATT-1	Oligo
TTGCAGACAATCCATG-1	Oligo
TTGCAGAGTGAATGTA-1	Oligo
TTGCCCAAGGATTTGA-1	Oligo
TTGCCCAAGGCCTCTG-1	Oligo
TTGCCCAAGGCTCAGA-1	Oligo
TTGCGAAAGGGCATTG-1	Oligo
TTGCGAAGTAACTCCA-1	Oligo
TTGCGAAGTGATCAGG-1	Oligo
TTGCGAATCGCTCTAC-1	Oligo
TTGCGGGCAAGGGAGG-1	Oligo
TTGCGGGCAGATACAA-1	Oligo
TTGCGGGGTAGGGTCA-1	Oligo
TTGCTATCAGGCATCC-1	Oligo
TTGCTATGTATTTGCG-1	Oligo
TTGCTTAAGACTTCCA-1	Oligo
TTGCTTACAGTGCTCG-1	Oligo
TTGCTTATCGGAGTTT-1	Oligo
TTGCTTATCTCCACTG-1	Oligo
TTGGTCCCAGGACTGA-1	Oligo
TTGGTCCTCGCCCTTA-1	Oligo
TTGGTCCTCGGTCTCT-1	Oligo
TTGTCTAGTGAGGTCA-1	Oligo
TTGTCTAGTTCTGAGT-1	Oligo
TTGTCTATCTTCCGTG-1	Oligo
TTGTTCAAGTGCCCTG-1	Oligo
TTGTTCAGTGGTGGTA-1	Oligo
TTGTTGTAGGTTTCTG-1	Oligo
TTGTTGTCATCATCGA-1	Oligo
TTGTTGTGTCTGAGCC-1	Oligo
TTTACGTGTGAGGTCA-1	Oligo
TTTGAGGCAATTCGTG-1	Oligo
TTTGAGGGTCTGGATT-1	Oligo
TTTGCGCAGTTGCGCC-1	Oligo
TTTGCGCCACTTGCGG-1	Oligo
TTTGCGCCATAGACGG-1	Oligo
TTTGCGCCATTTCACT-1	Oligo
TTTGCGCGTCAAGACG-1	Oligo
TTTGCGCGTGCTGTGC-1	Oligo
TTTGGCCAGTGCAACG-1	Oligo
TTTGGCCGTACAACGG-1	Oligo
TTTGGCCGTCTGCACG-1	Oligo
TTTGGCCGTGGACTGA-1	Oligo
TTTGGTTTCTGGACAT-1	Oligo
TTTGGTTTCTTACGGA-1	Oligo
TTTGTGTAGTCATCTG-1	Oligo
TTTGTGTGTGCCCGAT-1	Oligo
AAACTGCTCGCAAACT-1	OPC
AAAGATGCAAGGAACC-1	OPC
AAATGAGAGACCAATA-1	OPC
AAATGAGCAATACTGC-1	OPC
AAATGAGCAGTTAAAG-1	OPC
AACATCGCACGATTAC-1	OPC
AACATCGCATGGGACA-1	OPC
AACCAACGTCTCAAAC-1	OPC
AACCGATCATCTGCAA-1	OPC
AACCTGACATCTGCAA-1	OPC
AACCTTTAGGCTCCTG-1	OPC
AACCTTTCATTTCTTG-1	OPC
AACCTTTGTTCTTTGT-1	OPC
AACGTACAGGGCGAAG-1	OPC
AACTGGTCACATTCTT-1	OPC
AACTGGTTCTGTTTAC-1	OPC
AACTTGGGTTGGGAAC-1	OPC
AAGATAGGTCATCAAC-1	OPC
AAGGAGCAGGCCTCTG-1	OPC
AATACGCTCAGTGGTT-1	OPC
AATACGCTCTCGTGAA-1	OPC
AATACGCTCTGGGCGT-1	OPC
AATGGAAAGGTTCTCA-1	OPC
AATGGCTCATCGAGTT-1	OPC
ACAAGCTTCGGATAGG-1	OPC
ACAATCGGTGTACGCC-1	OPC
ACAGAAAGTTAGTAGA-1	OPC
ACAGACTAGACGTCAG-1	OPC
ACAGACTAGCGATACG-1	OPC
ACAGCGCCAAGCCAGA-1	OPC
ACAGGCCGTTAAGGGC-1	OPC
ACCCAAAGTTGTCGGC-1	OPC
ACCCAAATCGCCGAAC-1	OPC
ACCGGGTAGGAGAACA-1	OPC
ACCGGGTGTAGAAGCC-1	OPC
ACGGATTTCTAGTCGA-1	OPC
ACGTTAGAGTACCTCA-1	OPC
ACTAACGCATCGCCTT-1	OPC
ACTAACGTCCGCGATG-1	OPC
ACTAACGTCGGGATCC-1	OPC
ACTACGACAGGACTGA-1	OPC
ACTAGGTAGGATGCCA-1	OPC
ACTAGGTGTGCTTTGA-1	OPC
ACTATTCGTCATCAAC-1	OPC
ACTCGGGCAATTCAGC-1	OPC
ACTGCAAGTTTGCGAT-1	OPC
ACTGCAATCTTGCGCT-1	OPC
ACTTTCAGTGTGCTTA-1	OPC
AGATAGAAGGAGTCTG-1	OPC
AGATTCGCACGTTACA-1	OPC
AGCCAGCGTCTCTGGG-1	OPC
AGCCAGCTCCAAGTCA-1	OPC
AGCCCGAAGGCCTAAG-1	OPC
AGCCTCTGTCAGGTGA-1	OPC
AGCGATTAGGCAATTA-1	OPC
AGCGTATAGACGCCCT-1	OPC
AGCTATGAGAAGACTT-1	OPC
AGCTGATAGGCTAAAT-1	OPC
AGCTGGCAGTCTGTGT-1	OPC
AGCTGGCCACTTATGG-1	OPC
AGGCCTGCAGTGGTCC-1	OPC
AGGCGAATCGTGGAAG-1	OPC
AGGCGTCTCGGACGAA-1	OPC
AGTCCGGTCTCCAACC-1	OPC
AGTGCGCCACAAGGGT-1	OPC
AGTTTGGTCCACTAGA-1	OPC
ATAGGCTGTTCCAGTA-1	OPC
ATAGTCGAGTGCAACG-1	OPC
ATATTCCTCAGGATCT-1	OPC
ATCCTGCAGACCGCAA-1	OPC
ATCGAGTCATAAAGTG-1	OPC
ATCGAGTTCGAGGCTC-1	OPC
ATGCATGAGTTCCAGT-1	OPC
ATGTCTTAGGCTTAAA-1	OPC
ATGTTTCCACAGTTCA-1	OPC
ATGTTTCGTCGTCGCA-1	OPC
ATTACCTTCTATCCTA-1	OPC
ATTGTCTTCCCGCAAG-1	OPC
ATTGTGGAGAACTAAC-1	OPC
CAAAGCTAGTTCTCCC-1	OPC
CAAAGCTCAGATACAA-1	OPC
CAAAGCTTCACTGATG-1	OPC
CAACCAAGTGCTTTGA-1	OPC
CAACGTACATCTGCAA-1	OPC
CAAGAAACACCAAGGA-1	OPC
CAAGAAAGTTCCAGTA-1	OPC
CAATCCCCATTCACGA-1	OPC
CACATGAAGGTCACTT-1	OPC
CACCACTAGTTCGACT-1	OPC
CACCACTTCGAACCGC-1	OPC
CACCTGTCAATCAGGG-1	OPC
CACCTGTCACTTACAG-1	OPC
CACCTGTCATAGATAG-1	OPC
CACCTTGAGGAGTCTG-1	OPC
CACCTTGGTCCGCTTT-1	OPC
CAGCTAATCTTCAGAG-1	OPC
CAGCTGGGTATATGGA-1	OPC
CAGGGCTTCGCGTTCT-1	OPC
CAGGGCTTCGTTACAG-1	OPC
CAGTATGAGGTAGGCT-1	OPC
CAGTATGCAGCGTAGA-1	OPC
CAGTGCGTCATCATGG-1	OPC
CATAACGTCGCCGAAC-1	OPC
CATTCATAGAAATGGG-1	OPC
CATTCCGTCTTCTTCC-1	OPC
CATTGGACACCTATTT-1	OPC
CCAATGAAGCTACGCC-1	OPC
CCACGTTGTCGTAATC-1	OPC
CCAGAATCATTCACCC-1	OPC
CCAGATACAAATGTCC-1	OPC
CCAGATACAAGGATGC-1	OPC
CCAGATACACCTACCT-1	OPC
CCCACATGTGACGCAA-1	OPC
CCCAGAGTCACTGGTA-1	OPC
CCCTAACAGGAGACTC-1	OPC
CCCTCTCGTCCTTCAC-1	OPC
CCGAAGCGTCGAGGAT-1	OPC
CCGCATTCAAGGAGGG-1	OPC
CCGCATTCAGCTATAC-1	OPC
CCGCATTTCCTCCCAA-1	OPC
CCGTACTCAATTCAGC-1	OPC
CCTAAAGAGTGATATG-1	OPC
CCTAAAGGTGGACTGA-1	OPC
CCTATTAAGATCGAGC-1	OPC
CCTTAATTCAAGTTGC-1	OPC
CCTTGGTTCCTGAAAC-1	OPC
CGAGTTAGTACTTCAG-1	OPC
CGAGTTAGTGGCATAG-1	OPC
CGATGATGTGAATGGC-1	OPC
CGCAGGTTCTTGGCCT-1	OPC
CGCTAGGAGCTCGTTA-1	OPC
CGCTAGGCAATACTGC-1	OPC
CGCTGGAAGACCCATT-1	OPC
CGCTGGATCTATCTCA-1	OPC
CGGACCACAGAGCCAA-1	OPC
CGGACTGCATGTGGGA-1	OPC
CGGTGCATCACATTCT-1	OPC
CGTAAACAGCCTCGCA-1	OPC
CGTACAAAGTCGCCTG-1	OPC
CGTACAAGTGGAAAGA-1	OPC
CTAACTTCATGGTAAA-1	OPC
CTACAGAAGTATCTGC-1	OPC
CTACAGATCCGGACTG-1	OPC
CTACTTAGTTGTATCG-1	OPC
CTCAGCTGTAATGCCT-1	OPC
CTCAGCTGTGAGGTCA-1	OPC
CTCTACGCATCCATAG-1	OPC
CTCTAGCCAAACGTTC-1	OPC
CTGCGTTCAACGGACA-1	OPC
CTGCTCATCGGGAATG-1	OPC
CTGTTCGCATTACTCT-1	OPC
CTTGAAGCATCCCTCA-1	OPC
CTTGAAGGTACCGGCT-1	OPC
CTTGCCATCGTCTAGA-1	OPC
CTTGTCGAGTCCCGCA-1	OPC
CTTTGCGCAGAGTCGA-1	OPC
CTTTGCGCATACTGCA-1	OPC
CTTTGCGGTTTGAAGA-1	OPC
GAACCTAAGATCCGAG-1	OPC
GAAGTGGTCCGCTCTA-1	OPC
GACCAATCAAGTCTGT-1	OPC
GACCAATCACAGTAGG-1	OPC
GACCCAGTCCACACCT-1	OPC
GACCGACAGCGTCAAG-1	OPC
GACCGACGTACGCCCA-1	OPC
GACCTTCTCCGTTAGA-1	OPC
GAGAACGTCCATCGAA-1	OPC
GAGACTTAGAACGTCG-1	OPC
GAGATTCAGTCACACT-1	OPC
GAGATTCGTGAGGGTT-1	OPC
GAGCATTAGTTGGAAT-1	OPC
GAGCATTTCCGCCTAT-1	OPC
GAGGATGAGATCGAGC-1	OPC
GAGGATGAGCTTTCCC-1	OPC
GATCGTAAGCAAGGTC-1	OPC
GATCGTAAGGTCTTTG-1	OPC
GATGATCGTAGATGAT-1	OPC
GATTGACGTAAACGTA-1	OPC
GCAAAGGCAAGCACTT-1	OPC
GCAAAGGTCGCGCCAA-1	OPC
GCAAAGGTCGCGTGAC-1	OPC
GCACGCATCTGGTACA-1	OPC
GCACGGTTCACATCCC-1	OPC
GCAGATTGTGATTCCA-1	OPC
GCAGCTGAGGCGTAGT-1	OPC
GCAGCTGCACATGATC-1	OPC
GCCAGCACAGCAGGTA-1	OPC
GCCAGCATCTATCCTA-1	OPC
GCCATAACATTCCCGT-1	OPC
GCCCGAAAGATAGGTT-1	OPC
GCCTACTCAGGTGTCC-1	OPC
GCCTACTGTTAACTCG-1	OPC
GCCTACTGTTGGGAAC-1	OPC
GCGAGAAAGGACCGAT-1	OPC
GCGAGAACAAGGTTCT-1	OPC
GCGATCGCACGCGACT-1	OPC
GCGCCAATCATGAACC-1	OPC
GCGGGTTCATCGACGC-1	OPC
GCTCAGGGTTGTCGGC-1	OPC
GCTCAGGTCAGGGTTT-1	OPC
GCTCCTACAACGTACT-1	OPC
GCTCCTACAAGTCTGT-1	OPC
GCTCCTACACGATTAC-1	OPC
GCTCCTACACTCCTCA-1	OPC
GCTCCTACACTTTGGA-1	OPC
GCTCCTACATGGGACA-1	OPC
GCTCGAGTCGCTCTAC-1	OPC
GCTGAGCAGATGCGAC-1	OPC
GCTGAGCAGGTTCGAG-1	OPC
GCTGCGAAGTCCCGCA-1	OPC
GCTGTTCAGTTGAATG-1	OPC
GCTTAAGAGCATGTGG-1	OPC
GCTTAAGCATGGTAAA-1	OPC
GCTTGCTCAGGCTACC-1	OPC
GCTTGCTGTAGACACG-1	OPC
GCTTGCTGTCTAACCA-1	OPC
GCTTTCGAGGCAGTAC-1	OPC
GGAACCCGTTGTATCG-1	OPC
GGAACTTTCATCGCAA-1	OPC
GGAATCTGTTTCTTAC-1	OPC
GGACACCGTTTGAAGA-1	OPC
GGAGAACAGGAATGGA-1	OPC
GGAGAACCACACACCG-1	OPC
GGAGAACCATATACGC-1	OPC
GGAGAACTCGCACAAT-1	OPC
GGAGGATTCAGGTTTG-1	OPC
GGAGTAGTCTATCTTG-1	OPC
GGATAGGCACATTGCA-1	OPC
GGATGAGAGCGGACTA-1	OPC
GGATGAGAGCGTATCT-1	OPC
GGATGAGCACGCGATC-1	OPC
GGCACGTCACACACAT-1	OPC
GGCGAAAAGTCTGGGA-1	OPC
GGCGTTGTCACCACAA-1	OPC
GGGAACAGTAAACGTA-1	OPC
GGGAACAGTGCTGTGC-1	OPC
GGGACCTAGATGCGAC-1	OPC
GGGCCATCACAAACAA-1	OPC
GGTACCGCACGATTAC-1	OPC
GGTACCGCATGGGACA-1	OPC
GGTGAAGGTCCCTAAA-1	OPC
GGTGTCGCAGGGTACA-1	OPC
GGTTGCGTCATAGGTC-1	OPC
GTAGGAGCATGCGACC-1	OPC
GTAGTACCATCCCGGA-1	OPC
GTAGTACGTTAGGCTT-1	OPC
GTCACAAAGCAATAAC-1	OPC
GTCACAACAGAAGTGC-1	OPC
GTCACCTTCCGCGATG-1	OPC
GTCACGGCAGAACTTC-1	OPC
GTCACTCAGAACTAAC-1	OPC
GTCACTCAGAGTTTGA-1	OPC
GTCACTCGTGCCCAGT-1	OPC
GTCCATCCAACCTCTC-1	OPC
GTCTACCCAGAGCCAA-1	OPC
GTCTACCTCTCTTAAC-1	OPC
GTGCACGCACTAAACC-1	OPC
GTGGATTTCCGTCAAA-1	OPC
GTTACGATCACAACAC-1	OPC
GTTACTTTCTTTATCG-1	OPC
GTTATGGAGAACTCCT-1	OPC
GTTATGGTCAAGAGAT-1	OPC
GTTGGGCCACATAAAG-1	OPC
TAACTTCCAACGCACC-1	OPC
TAACTTCTCACTGATG-1	OPC
TAATCGGGTTACTTTC-1	OPC
TAATCGGTCTCTGCAC-1	OPC
TACCCTGTCTATGAGC-1	OPC
TACCTCGCATTACTCT-1	OPC
TACGGATAGTCTCTAG-1	OPC
TACTGCCCAATCCATG-1	OPC
TAGCATGGTGCTTACA-1	OPC
TAGCCCTAGCTGAGGT-1	OPC
TAGCCCTTCGTCTAGA-1	OPC
TAGCCGGAGACACTTC-1	OPC
TAGGTCAGTCATCAAC-1	OPC
TAGTCCCCAGCACATT-1	OPC
TATCGAGGTTTCCACC-1	OPC
TATCTGTGTCCTTCAC-1	OPC
TATGTTCAGAAATCTG-1	OPC
TATGTTCAGTGGACGT-1	OPC
TATGTTCCATCGGCCA-1	OPC
TATTGCTCATCGAGTT-1	OPC
TCAAAGCCACTAGCCG-1	OPC
TCAAGACTCGCGATGC-1	OPC
TCAATTCAGCCTGTAT-1	OPC
TCAATTCAGGGTTCTT-1	OPC
TCAATTCGTAGCATGG-1	OPC
TCACAGAGTCCTTATT-1	OPC
TCACCTGAGATGGCAC-1	OPC
TCACCTGGTTCCATCC-1	OPC
TCACTCGCATTGATGC-1	OPC
TCAGCTCAGATCTCAC-1	OPC
TCAGCTCAGTGGACGT-1	OPC
TCAGCTCCAAGAGCGT-1	OPC
TCAGGGCCAGGACCTC-1	OPC
TCAGGTAGTTTAGGAA-1	OPC
TCAGTCCAGGATATCA-1	OPC
TCAGTTTGTAACAATG-1	OPC
TCAGTTTGTGCCCTAG-1	OPC
TCAGTTTTCCACTAGA-1	OPC
TCCAGAAAGTAGGTCG-1	OPC
TCGCAGGTCAGGATCT-1	OPC
TCGCAGGTCGTTCCGT-1	OPC
TCGCCTAGTATCACAC-1	OPC
TCGGGACAGAAAGGGT-1	OPC
TCGGGACGTTTCCGGG-1	OPC
TCTAGTTCAGATGGCA-1	OPC
TGAATCGTCTTCCGTG-1	OPC
TGACAACTCGGTAGGA-1	OPC
TGAGCCGGTGAATGTA-1	OPC
TGATGCACATCGACGC-1	OPC
TGCATGAAGCGCCTAC-1	OPC
TGCATGAGTACTATGC-1	OPC
TGCCTCACATCGGCCA-1	OPC
TGCGTAACACCGTCTT-1	OPC
TGCTCACGTCAATCCA-1	OPC
TGCTCGTGTGGCGCTT-1	OPC
TGCTTCGCAGCTATAC-1	OPC
TGCTTCGCATGTGGGA-1	OPC
TGGAAGGAGTCTCCAA-1	OPC
TGGCAATGTTAGGCTT-1	OPC
TGGCCTTAGTGCTCGC-1	OPC
TGGCCTTTCGGCATAT-1	OPC
TGGGTGCAGGCTCCTG-1	OPC
TGGGTGCAGTACAGAT-1	OPC
TGGTCAAAGAACGTTA-1	OPC
TGGTCAACATGGCCCA-1	OPC
TGGTCAAGTGTCGTCG-1	OPC
TGGTCCTAGTCCGATT-1	OPC
TGTAAGCAGGTTCTCA-1	OPC
TGTACAGAGCAACGGT-1	OPC
TGTGGCGAGAGCCTGA-1	OPC
TGTGGCGGTAACAATG-1	OPC
TGTGTCCTCTATCCTA-1	OPC
TGTTAGGAGGCCTCTG-1	OPC
TGTTAGGTCGGCATAT-1	OPC
TTAACGGTCAAGAGGC-1	OPC
TTAACGGTCGAGCGCT-1	OPC
TTACCCGAGCCTCGCA-1	OPC
TTACGTTCATATACGC-1	OPC
TTAGCGACAAGTCTCA-1	OPC
TTAGCGATCAGGTCTA-1	OPC
TTCGGTCCACCACAGC-1	OPC
TTCGTTACACAATAAG-1	OPC
TTCTAACAGAGCCACA-1	OPC
TTCTAACTCTTTCGAT-1	OPC
TTCTGTAAGTGAACCG-1	OPC
TTGACGAAGGCTTAAA-1	OPC
TTGACGACAAGCGAAC-1	OPC
TTGCCCATCCGTGCGA-1	OPC
TTGCGAAGTCCGTGCA-1	OPC
TTGCGGGCACACACCG-1	OPC
TTGGTCCCAGTTCGGC-1	OPC
TTGTTCATCAATCGTG-1	OPC
TTGTTGTAGGCTTAAA-1	OPC
TTGTTGTCATAGGCGA-1	OPC
TTTACGTGTAAACCCT-1	OPC
TTTGAGGCATCATCGA-1	OPC
TTTGGTTCAGGATGTG-1	OPC
TTTGTGTAGTTCGACT-1	OPC
AACAGTCAGAACCCGA-1	PerEndo
AACAGTCCAGCAATGG-1	PerEndo
AACATCGCAGGGCTTC-1	PerEndo
AACCAACGTGGGTAGT-1	PerEndo
AACCGATTCGTATAGC-1	PerEndo
AACGGGACAAAGCATA-1	PerEndo
AACGGGACACTTATGG-1	PerEndo
AATGTCGCAGTAACCT-1	PerEndo
ACCCAAAGTTCTTTCA-1	PerEndo
ACTATTCCACAGCTTA-1	PerEndo
AGACAAAAGTGTCACT-1	PerEndo
AGATTCGTCTATCTAC-1	PerEndo
AGCCAGCGTGCCGGTT-1	PerEndo
AGCTGTAAGCGCATTT-1	PerEndo
CACAGATCATAGTCCA-1	PerEndo
CACCTGTAGATCGCCC-1	PerEndo
CACCTGTGTACATGGG-1	PerEndo
CAGCCTTCAATGGTCT-1	PerEndo
CCAGAATGTCGGCTGT-1	PerEndo
CCTATTATCCACACCT-1	PerEndo
CCTTGGTAGCATACCT-1	PerEndo
CGCAGGTTCTGACTTT-1	PerEndo
CGTTCCACAAGCGGTA-1	PerEndo
CTAGGATAGAATCAGT-1	PerEndo
CTCGCTAGTCAATACC-1	PerEndo
CTCTAGCCAATCACTG-1	PerEndo
CTGTTCGAGCTGGAGT-1	PerEndo
CTGTTCGGTGCGCATC-1	PerEndo
CTTCCAGAGAGAGTTT-1	PerEndo
CTTGCTGTCCTGGGAC-1	PerEndo
GATTGACCATTAGCAC-1	PerEndo
GCAAAGGAGTCAGCCC-1	PerEndo
GCAGCTGTCCGTACGG-1	PerEndo
GCATTGAGTACGGAGT-1	PerEndo
GCTCACTGTAGTCTGT-1	PerEndo
GCTTTCGAGTTGACAA-1	PerEndo
GGCGTTGTCCGGCGAT-1	PerEndo
GGGAACAAGAAGACTT-1	PerEndo
GGTAGGACATCCCAAA-1	PerEndo
GTCACTCGTGCGTAGA-1	PerEndo
GTCTACCGTTGCAGAG-1	PerEndo
GTGTGATGTTTCCACC-1	PerEndo
GTTACGACAAGTTGCT-1	PerEndo
GTTCAAGGTGCCCAGT-1	PerEndo
GTTGGTAGTCCGTAGC-1	PerEndo
GTTGGTATCCGCGATG-1	PerEndo
TAAACCGGTAGCCATT-1	PerEndo
TAAACCGGTCTGAGCC-1	PerEndo
TAATTCCGTAGGTGAC-1	PerEndo
TAGCATGGTTTGGATC-1	PerEndo
TAGGTGTGTCAGTGCC-1	PerEndo
TCAAGACTCTTAAGCG-1	PerEndo
TCTAGTTTCCCAATAG-1	PerEndo
TCTCTGGCAACGTACT-1	PerEndo
TGACTCCCAGGCACAA-1	PerEndo
TGCATTTGTCTGCGCA-1	PerEndo
TGCCTCAAGAACGTCG-1	PerEndo
TGTACAGGTTACGCTA-1	PerEndo
TGTACGAAGCATGTGG-1	PerEndo
TTACGGACATCCCTCA-1	PerEndo
TTAGCGAGTTAGGAAT-1	PerEndo
