AAACTCGGTATCACAC-1	Ast
AAACTGCCATGGAGGT-1	Ast
AAACTGCTCGCACCTT-1	Ast
AAAGATGTCAAGAGAT-1	Ast
AAAGGGCAGTTAGCGG-1	Ast
AAAGGGCCAACGCACC-1	Ast
AAAGGGCCACCACAGC-1	Ast
AAAGGGCGTCTCTGGG-1	Ast
AAAGGGCGTGAGTCGA-1	Ast
AAATGAGAGATTCCGT-1	Ast
AAATGAGAGTCGGGAT-1	Ast
AAATGAGTCAGGATCT-1	Ast
AAATGCCAGACTAGGC-1	Ast
AAATGCCGTCCGTCGA-1	Ast
AACAAAGCACTCGCAG-1	Ast
AACAAAGCAGGACCTC-1	Ast
AACAAAGCATACCCGG-1	Ast
AACAAAGGTGCTGGCT-1	Ast
AACCAACAGCGTCAAG-1	Ast
AACCAACCATCGTACA-1	Ast
AACCGATAGACACTTC-1	Ast
AACCGATAGACAGCTG-1	Ast
AACCGATCAAGCGGTA-1	Ast
AACCGATCATTTGTTC-1	Ast
AACCTGAAGATATGTG-1	Ast
AACCTTTAGTGAACCG-1	Ast
AACCTTTCATGGGTGA-1	Ast
AACCTTTGTAGTCCAT-1	Ast
AACCTTTGTGGCCTCA-1	Ast
AACGAGGAGGCGTCCT-1	Ast
AACGAGGAGGGTAATT-1	Ast
AACGAGGCAGCTTACA-1	Ast
AACGGGACACGCTAAT-1	Ast
AACTGGTCAAGCGACA-1	Ast
AACTTGGTCGGTGATT-1	Ast
AAGATAGGTCTGAGCC-1	Ast
AAGGAGCTCGATATGC-1	Ast
AAGGTTCGTTGTGACT-1	Ast
AAGGTTCTCGTCCCTA-1	Ast
AATACGCCATTAAGGA-1	Ast
AATGGAACATCGACCG-1	Ast
AATGGCTAGTTCAGGG-1	Ast
AATGGCTCACTGATAC-1	Ast
AATGTCGCAGGTAACG-1	Ast
AATGTCGTCTATCTAC-1	Ast
ACAAACCCACCTCGTT-1	Ast
ACAAACCTCACAGGGA-1	Ast
ACAAACCTCCTCCATG-1	Ast
ACAAACCTCGCTCTAC-1	Ast
ACAATCGGTTCCGCGA-1	Ast
ACAATCGTCACCCTTG-1	Ast
ACAGAAAAGAACTCCT-1	Ast
ACAGACTAGTCGAAAT-1	Ast
ACAGACTTCGATGTAC-1	Ast
ACAGCGCGTCTGTCCT-1	Ast
ACAGCGCGTTCTGATG-1	Ast
ACATGCAGTCCGAGCT-1	Ast
ACCAAACTCTCCTTGG-1	Ast
ACCATCCCAAACCCTA-1	Ast
ACCATCCCAAAGACGC-1	Ast
ACCATCCCAAGACTTC-1	Ast
ACCATCCCAAGTCTGT-1	Ast
ACCATCCCACAGTAGG-1	Ast
ACCATCCCACGAACGA-1	Ast
ACCATCCCAGAACAGC-1	Ast
ACCATCCCAGTTCGGC-1	Ast
ACCATCCCATCGGCCA-1	Ast
ACCGAATCATTCGTCC-1	Ast
ACCGAATTCTCGACCT-1	Ast
ACCGCAGAGCTATCGT-1	Ast
ACCGCAGGTACGCAAG-1	Ast
ACCGCAGGTCAACAGG-1	Ast
ACCGCAGGTTGCCTGG-1	Ast
ACCGGGTAGAGGCCTA-1	Ast
ACCGGGTTCCCACGGA-1	Ast
ACCTGCTAGGTTGTGG-1	Ast
ACCTGCTCAGATGGCA-1	Ast
ACGGATTTCTGTCGGG-1	Ast
ACGTGGCAGACCCTAT-1	Ast
ACGTGGCAGAGCAGCT-1	Ast
ACGTGGCAGAGGTGGG-1	Ast
ACGTGGCAGGGCTTCC-1	Ast
ACTAACGGTTGGCTAT-1	Ast
ACTACGAAGACCTATC-1	Ast
ACTACGAAGCTGAAAT-1	Ast
ACTACGATCTTCTTCC-1	Ast
ACTAGGTCATCACAGT-1	Ast
ACTATTCAGCGAGCTA-1	Ast
ACTATTCCATAAAGTG-1	Ast
ACTATTCGTCTGAGCC-1	Ast
ACTCGGGTCAATTCCT-1	Ast
ACTCGGGTCTGTCGGG-1	Ast
ACTGCGGAGACCCATT-1	Ast
ACTGCGGCATCGTGAT-1	Ast
ACTGCGGCATGCCTTC-1	Ast
ACTGTCCAGGAGTCTG-1	Ast
ACTTTCAGTACGGATG-1	Ast
ACTTTCAGTCAGGCTC-1	Ast
ACTTTCAGTCCGCTTT-1	Ast
ACTTTCATCCGTTTCG-1	Ast
ACTTTCATCGCTATTT-1	Ast
AGACAAATCACACGTA-1	Ast
AGACAAATCATGTTCT-1	Ast
AGACAAATCGCGTTCT-1	Ast
AGATAGAAGGTCGGTA-1	Ast
AGATTCGCACCGAATT-1	Ast
AGATTCGCATATTGGC-1	Ast
AGCCAGCGTCCGAGCT-1	Ast
AGCCAGCTCCATACGA-1	Ast
AGCCGCAAGATGCGCA-1	Ast
AGCCGCAAGGTGTTGG-1	Ast
AGCCGCACATTCCCGT-1	Ast
AGCCTGGTCGTGCTTC-1	Ast
AGCCTTCAGGCCTAAG-1	Ast
AGCCTTCCAATGGTAA-1	Ast
AGCGATTAGGCAAGGG-1	Ast
AGCGATTTCGACTTAG-1	Ast
AGCGTGCAGGCATGCA-1	Ast
AGCGTGCGTTAAGGGC-1	Ast
AGCTATGAGCGAGAAA-1	Ast
AGCTATGCAAACAGTA-1	Ast
AGCTATGCAGGTGGTA-1	Ast
AGCTGATGTGAGGGTT-1	Ast
AGCTGATTCGCATACA-1	Ast
AGCTGGCCAGCGCGTT-1	Ast
AGCTGGCCATCCTCGT-1	Ast
AGCTGTAAGAGGTACC-1	Ast
AGCTGTAGTTCTTTCA-1	Ast
AGGACGACAATGGCAG-1	Ast
AGGACGACATCCGTAA-1	Ast
AGGACGACATCTCTCG-1	Ast
AGGCCTGAGAAATTCG-1	Ast
AGGCCTGGTTCTTTCA-1	Ast
AGGCGAAAGGAGACTC-1	Ast
AGGCGAAAGGTCGGTA-1	Ast
AGGCGAAAGTATACGA-1	Ast
AGGCGAAAGTGGTGTG-1	Ast
AGGCGTCAGTAGTTCC-1	Ast
AGGCGTCCAATAGTGA-1	Ast
AGTCAACCATCCGTGG-1	Ast
AGTCCGGAGTTTGGAA-1	Ast
AGTCCGGCAAGGCGTA-1	Ast
AGTCCGGCACACTAGT-1	Ast
AGTCCGGCACCGATCG-1	Ast
AGTCCGGGTAGAGAGA-1	Ast
AGTCCGGGTAGGGTCA-1	Ast
AGTGCCGCAAGCCCTG-1	Ast
AGTGCCGCAGTAACCT-1	Ast
AGTGCCGCATTACACG-1	Ast
AGTGCGCCATTAACGC-1	Ast
AGTGCGCTCAGTGGTT-1	Ast
AGTGTACAGGCACCTC-1	Ast
AGTGTACAGGTTAGTA-1	Ast
AGTGTACGTCCCTAAA-1	Ast
AGTTACGAGTATACCC-1	Ast
AGTTACGAGTTTACGC-1	Ast
AGTTACGGTACTATGC-1	Ast
AGTTTGGTCGAGTTAC-1	Ast
AGTTTGGTCTCGCGGA-1	Ast
AGTTTGGTCTGGCTAA-1	Ast
ATAGGCTCACGCTGTG-1	Ast
ATAGGCTGTCCGTGCA-1	Ast
ATAGTCGAGTTCTCCC-1	Ast
ATAGTCGCATATTGGC-1	Ast
ATAGTCGGTGTCGTCG-1	Ast
ATAGTCGTCCTCCATG-1	Ast
ATATTCCCACGGTTAT-1	Ast
ATCCAGAGTCCACCAG-1	Ast
ATCCAGAGTGTTAGAA-1	Ast
ATCCCTGTCACCACAA-1	Ast
ATCCCTGTCACCCTTG-1	Ast
ATCCCTGTCGAGTTAC-1	Ast
ATCCTCGAGCGATACG-1	Ast
ATCCTCGAGTACCACT-1	Ast
ATCCTGCAGAGAAGCA-1	Ast
ATCCTGCCAACAACTC-1	Ast
ATCGAGTTCCCAATAG-1	Ast
ATGCATGAGAACGCCA-1	Ast
ATGCATGTCTCCTTAA-1	Ast
ATGGATCTCCCGCAAG-1	Ast
ATGTACGCATGATCGT-1	Ast
ATGTACGGTAGGTGAC-1	Ast
ATGTCGAGTGAGCTAG-1	Ast
ATTACCTGTTCGGGAA-1	Ast
ATTACTCAGCTGAATA-1	Ast
ATTACTCCAGCAACCC-1	Ast
ATTCGTTCAAATGCTC-1	Ast
ATTGTCTAGTTACACC-1	Ast
ATTGTCTAGTTACCAC-1	Ast
ATTGTGGGTCAACTAC-1	Ast
ATTGTGGGTCGGCTGT-1	Ast
ATTTGTCAGCAGGACT-1	Ast
ATTTGTCGTGATAACA-1	Ast
ATTTGTCTCGGTTAGT-1	Ast
ATTTGTCTCGTGAACT-1	Ast
CAACCAAAGAAGCCGT-1	Ast
CAACCAAAGGATTGAT-1	Ast
CAACCAACACTGATTG-1	Ast
CAACCAACATCACAGT-1	Ast
CAACCAATCGAGGTCC-1	Ast
CAACCAATCTGGAAGG-1	Ast
CAACGGCAGACTAATG-1	Ast
CAACGGCAGGGAGATA-1	Ast
CAACGGCCAATGGTAA-1	Ast
CAACGGCTCGTTGTAG-1	Ast
CAACGTAAGTGATATG-1	Ast
CAACGTATCAATCGTG-1	Ast
CAAGAAACATGGCCCA-1	Ast
CAAGAAATCTATGAGC-1	Ast
CAAGGCCAGTAATCAG-1	Ast
CAAGGCCTCAGGAATA-1	Ast
CAATCCCGTAATGCCT-1	Ast
CAATCCCGTCAGACGA-1	Ast
CAATCCCGTCGCGCTA-1	Ast
CAATCCCGTGAGGTCA-1	Ast
CAATCCCGTTGGAGGT-1	Ast
CAATCCCGTTTAGAAG-1	Ast
CACAACAAGATGGGTC-1	Ast
CACAACAAGGACTAGC-1	Ast
CACATGACAGATGGCA-1	Ast
CACATGAGTGGAAAGA-1	Ast
CACATGAGTGGTCGAA-1	Ast
CACATGATCAGCCGAC-1	Ast
CACCACTCACTGTCGG-1	Ast
CACGTTCAGGACCGAT-1	Ast
CACGTTCAGGTGTCGA-1	Ast
CACTAAGTCTGGAAGG-1	Ast
CAGCCTTCAAGGCGTA-1	Ast
CAGCCTTCACCTTGTC-1	Ast
CAGCCTTTCTCTATTG-1	Ast
CAGCTAATCAGCCGGT-1	Ast
CAGCTAATCGATGCAT-1	Ast
CAGCTGGCAGGTGTCC-1	Ast
CAGCTGGGTCCGAGCT-1	Ast
CAGCTGGGTCTGGTTA-1	Ast
CAGGGCTCACCTATTT-1	Ast
CAGTATGGTGATGCTT-1	Ast
CAGTATGTCTCTGACC-1	Ast
CAGTGCGCATAGACGG-1	Ast
CAGTGCGGTGGTTCTA-1	Ast
CAGTGCGTCAAGGCAG-1	Ast
CAGTGTACACTGCTCT-1	Ast
CAGTGTAGTCCTATTT-1	Ast
CATAACGAGAACGTTA-1	Ast
CATGCCTCAACTCCCT-1	Ast
CATGCCTGTCCGTCGA-1	Ast
CATGCCTTCGCCAGAC-1	Ast
CATGTTTAGAAATTCG-1	Ast
CATTCATGTTCTGAAC-1	Ast
CATTCCGGTGCTAGTT-1	Ast
CATTGGAAGGAGACTC-1	Ast
CATTGGAAGGTCGGTA-1	Ast
CATTGGAAGTATACGA-1	Ast
CATTGGATCTGGCCAG-1	Ast
CCACAGGAGCGATACG-1	Ast
CCACAGGTCCTCCTGA-1	Ast
CCACAGGTCGAGCGCT-1	Ast
CCACGTTCACAACGGA-1	Ast
CCACGTTCATACCCGG-1	Ast
CCAGATACAACATAAG-1	Ast
CCAGATATCTTAACGG-1	Ast
CCATACCAGGGCATTG-1	Ast
CCATACCGTACGCAAG-1	Ast
CCATACCGTCAACAGG-1	Ast
CCATACCGTTGCCTGG-1	Ast
CCCACATAGGCAAGGG-1	Ast
CCCACATCACGTACAT-1	Ast
CCCAGAGAGTCCGATT-1	Ast
CCCAGAGGTCACAGGA-1	Ast
CCCGTTACAGCAACCC-1	Ast
CCCGTTAGTCCTTCAC-1	Ast
CCCTAACCATCGCCTT-1	Ast
CCCTAACTCAGAACGG-1	Ast
CCCTAACTCCGCCTAT-1	Ast
CCCTAGTGTATCAGCT-1	Ast
CCCTAGTTCATAGGTC-1	Ast
CCCTCTCAGTACAGTA-1	Ast
CCCTCTCCAGACTAAA-1	Ast
CCCTCTCGTAACCCAT-1	Ast
CCCTGATAGGTCTTTG-1	Ast
CCCTGATGTCAACGGA-1	Ast
CCGAAGCGTAGGTGAC-1	Ast
CCGAAGCTCCAACCTC-1	Ast
CCGCATTGTTGGGAAC-1	Ast
CCGCATTGTTTGCGAT-1	Ast
CCGTACTTCTTAACGG-1	Ast
CCGTAGGTCAGCACGC-1	Ast
CCGTAGGTCTCGACCT-1	Ast
CCGTGAGAGAGCTACG-1	Ast
CCGTGAGTCAGTGGTT-1	Ast
CCGTGAGTCCCGAAGC-1	Ast
CCGTGAGTCCTGGAAT-1	Ast
CCGTGAGTCGAGGTCC-1	Ast
CCGTGAGTCGTGGAAG-1	Ast
CCTCCCTTCCAAACCA-1	Ast
CCTGCTACATCGACGC-1	Ast
CCTGCTACATGCTATG-1	Ast
CCTGCTACATTTGTTC-1	Ast
CCTGCTATCCCGAAGC-1	Ast
CCTGCTATCCTTTGCG-1	Ast
CCTGGGACAACGTACT-1	Ast
CCTTGCACAAGAAACT-1	Ast
CCTTGCAGTAAGTGCG-1	Ast
CCTTGCATCTGTGTGA-1	Ast
CGAGTTACACGATATC-1	Ast
CGAGTTATCGCTATAG-1	Ast
CGATGATAGAGGTGGG-1	Ast
CGCAATACATAGATAG-1	Ast
CGCAATAGTAGTAACA-1	Ast
CGCAATAGTTAAGTCC-1	Ast
CGCAATATCAAGGCAG-1	Ast
CGCAATATCTATATCC-1	Ast
CGCACAGAGTTGCGCC-1	Ast
CGCAGGTAGGAGTACC-1	Ast
CGCAGGTCAGTAACGG-1	Ast
CGCAGGTCATCACAAC-1	Ast
CGCAGGTTCGCTATTT-1	Ast
CGCGCAATCGTCTTAT-1	Ast
CGCTATCCACTGATTG-1	Ast
CGCTATCCATGGGAAC-1	Ast
CGCTATCGTCCTTCAC-1	Ast
CGCTGGAGTCGATAGG-1	Ast
CGGACCACATTGCACA-1	Ast
CGGACCATCCCTAAAG-1	Ast
CGGACCATCGATGCAT-1	Ast
CGGACTGAGTCGTGAG-1	Ast
CGGACTGCATGATTGC-1	Ast
CGGACTGCATTCACCC-1	Ast
CGGACTGTCCACCTAC-1	Ast
CGGTGCACATTGAACC-1	Ast
CGGTGCAGTTCTACGA-1	Ast
CGGTGCATCACCGCGA-1	Ast
CGTAAACAGTGATATG-1	Ast
CGTACAACACTTGCGG-1	Ast
CGTACAACAGTAACGG-1	Ast
CGTACAACATAAAGTG-1	Ast
CGTACAAGTATGGATA-1	Ast
CGTACAAGTCGCTAGC-1	Ast
CGTACAAGTGTGACCC-1	Ast
CGTACAAGTGTGTGTT-1	Ast
CGTTCCAAGATATGTG-1	Ast
CGTTCCAAGGATTGAT-1	Ast
CGTTCCAAGTGATATG-1	Ast
CGTTCCATCTCTATTG-1	Ast
CTAACTTGTCTCTGGG-1	Ast
CTAACTTGTGGAGTGT-1	Ast
CTAACTTTCCACGGCA-1	Ast
CTAGCGGAGAACTCCT-1	Ast
CTAGCGGCACAGTTCA-1	Ast
CTAGGATGTTAACTCG-1	Ast
CTAGGATGTTGGGAAC-1	Ast
CTAGGGCCAAAGAAGG-1	Ast
CTAGGGCCAATTGTGC-1	Ast
CTCAACCAGTATCTGC-1	Ast
CTCAACCCAACGTACT-1	Ast
CTCAACCCAAGTCTGT-1	Ast
CTCAACCGTAGATGAT-1	Ast
CTCAACCGTCACTCTC-1	Ast
CTCAACCGTGTAGGAC-1	Ast
CTCAACCGTTTGTAGC-1	Ast
CTCACCATCAGTCTTT-1	Ast
CTCAGAACAGCTATAC-1	Ast
CTCAGAAGTACGCCCA-1	Ast
CTCAGAAGTAGTAACA-1	Ast
CTCAGCTTCAGGTCTA-1	Ast
CTCATGCCAACGCACC-1	Ast
CTCATGCTCGTTCTAT-1	Ast
CTCCCAACATTCACGA-1	Ast
CTCCCAACATTTGGTG-1	Ast
CTCGCTAGTGCAAGAC-1	Ast
CTCTACGAGACTAGCG-1	Ast
CTCTACGAGAGCCACA-1	Ast
CTCTACGAGCCTGTAT-1	Ast
CTCTACGCACATCATG-1	Ast
CTCTAGCCACAAGGGT-1	Ast
CTCTAGCCACTGTAAC-1	Ast
CTCTCAGAGGATATCA-1	Ast
CTCTCAGAGTACAACA-1	Ast
CTCTCAGGTTTCACCC-1	Ast
CTCTCAGTCAGTCACA-1	Ast
CTCTCAGTCGGTGATT-1	Ast
CTCTCGAAGGCGATTG-1	Ast
CTCTCGATCTCCTTAA-1	Ast
CTGAATGGTTTAGACC-1	Ast
CTGCGTTGTAGGTGAC-1	Ast
CTGCTCATCCAATCCC-1	Ast
CTGCTCATCTGGGCGT-1	Ast
CTGGCAGCATCGGCCA-1	Ast
CTGGGACCATTCCCGT-1	Ast
CTGGGACGTCTGGTTA-1	Ast
CTGTATTAGCCTGGTC-1	Ast
CTGTATTCACCGATCG-1	Ast
CTGTATTTCAAATGGA-1	Ast
CTGTTCGCACTTGCGG-1	Ast
CTGTTCGCAGAAAGAG-1	Ast
CTGTTCGCAGCTGATT-1	Ast
CTGTTCGCATCTCACC-1	Ast
CTGTTCGGTAATGCAA-1	Ast
CTGTTCGGTGGTAGAC-1	Ast
CTGTTCGGTTGCAGAG-1	Ast
CTTAATCGTACCTATG-1	Ast
CTTCTAAAGCCTATAC-1	Ast
CTTCTAAAGTGGACGT-1	Ast
CTTCTAACATACTGCA-1	Ast
CTTGAAGAGTGAAACT-1	Ast
CTTGCCAAGGGATCCA-1	Ast
CTTGCCACATCCTGGG-1	Ast
CTTGCTGCATCCCAAA-1	Ast
CTTGCTGCATTGCACA-1	Ast
CTTGCTGTCCATCATT-1	Ast
CTTGTCGAGATTACGA-1	Ast
CTTGTCGGTCCCTTTG-1	Ast
CTTGTCGTCGGATAGG-1	Ast
CTTTGCGTCACCCTTG-1	Ast
CTTTGCGTCGGTCGAC-1	Ast
GAAACAAAGAATCAGT-1	Ast
GAAACAACATGCTATG-1	Ast
GAAAGTAAGCTGAAAT-1	Ast
GAAAGTAAGTAGTTCC-1	Ast
GAAAGTAGTACGTAGG-1	Ast
GAAAGTATCCCGTATC-1	Ast
GAAATGAGTCCGTGCA-1	Ast
GAACCGCCAGTAGTTC-1	Ast
GAACCGCGTGCTTACA-1	Ast
GAACCGCTCCTGTGGG-1	Ast
GAACCTAAGTCACGCC-1	Ast
GAACCTAGTGTCCTTC-1	Ast
GAACCTATCCCAGTAA-1	Ast
GAACGTTAGTCTAGAA-1	Ast
GAACGTTCAAGGCGTA-1	Ast
GAACGTTGTTCCGCGA-1	Ast
GAACGTTGTTGCAGCC-1	Ast
GAACGTTTCCTCCCAA-1	Ast
GAACTTGCATTGTTCT-1	Ast
GAACTTGGTAATGTAG-1	Ast
GAAGAGCCACACGGTC-1	Ast
GAAGTCTTCACCCGGA-1	Ast
GAAGTCTTCAGGATCT-1	Ast
GAAGTGGCAATTGTGC-1	Ast
GAAGTGGTCTTATCAC-1	Ast
GAATCTGAGTCCTTCC-1	Ast
GAATCTGCAGGTGTGA-1	Ast
GAATCTGGTCCGAGCT-1	Ast
GAATCTGTCTTAAGCG-1	Ast
GACCAATCATTGTTCT-1	Ast
GACCAATGTCCCTTTG-1	Ast
GACCCAGCATTCTCGC-1	Ast
GACCCAGGTCAAATCC-1	Ast
GACCCAGGTCGCTAGC-1	Ast
GACCCAGGTGTGTGTT-1	Ast
GACCCAGTCAGGAATA-1	Ast
GACCCAGTCGACTCGG-1	Ast
GACCGACCAATGTGCT-1	Ast
GACCGACTCAGGAAGC-1	Ast
GACCGACTCGGTTAGT-1	Ast
GACCGACTCTGCTACC-1	Ast
GACCTTCCATCCCTTG-1	Ast
GACTAACGTATGGATA-1	Ast
GACTAGTAGAATATCG-1	Ast
GACTAGTCAATCCATG-1	Ast
GACTAGTTCGGGCTCA-1	Ast
GAGACTTAGATATGTG-1	Ast
GAGACTTGTTATCGAC-1	Ast
GAGATTCAGAAAGCAG-1	Ast
GAGATTCCACATTCTT-1	Ast
GAGCATTAGGGAAGCG-1	Ast
GAGCATTCAGGGTACA-1	Ast
GAGCATTTCAATCGTG-1	Ast
GAGGATGGTAAGTGCG-1	Ast
GAGGTCCTCTTTCGAT-1	Ast
GAGTGAGTCCCACTAC-1	Ast
GATCATGAGAGGTACC-1	Ast
GATCATGAGCAGAATT-1	Ast
GATGATCCATCTCACC-1	Ast
GATGGCCTCCAGTACA-1	Ast
GATTAGCAGTGGACGT-1	Ast
GATTAGCGTTTCACCC-1	Ast
GATTGACCAAGCCTTA-1	Ast
GATTGACGTGCCCTAG-1	Ast
GATTGACTCCAAGTCA-1	Ast
GATTGACTCTGTAGAC-1	Ast
GCAACCGGTCACCCGA-1	Ast
GCAACCGTCACTTACT-1	Ast
GCACCTTGTACATGGG-1	Ast
GCACGCAAGGAAGGTA-1	Ast
GCACGCATCTTGTCGC-1	Ast
GCACGGTAGGTCGTTT-1	Ast
GCAGATTAGAAATGGG-1	Ast
GCAGATTCACTGTCGG-1	Ast
GCAGATTGTTGGCTAT-1	Ast
GCAGATTTCACCGCGA-1	Ast
GCAGCCACAGAGTCGA-1	Ast
GCAGCTGAGGGAGATA-1	Ast
GCAGCTGAGTCCCTCT-1	Ast
GCAGCTGCAACGAGGT-1	Ast
GCAGCTGCAGCGCGTT-1	Ast
GCAGCTGGTTAACCAC-1	Ast
GCAGCTGTCACCCTTG-1	Ast
GCAGCTGTCAGGATCT-1	Ast
GCAGCTGTCTGGGCGT-1	Ast
GCATGATGTGAGGTCA-1	Ast
GCATGATGTTTAGAAG-1	Ast
GCATGATTCAGGAATA-1	Ast
GCATGATTCTAAGGTC-1	Ast
GCCAGACCATCGCTAA-1	Ast
GCCAGACGTAGCAGCA-1	Ast
GCCAGCACAAGACACG-1	Ast
GCCAGCAGTACCTATG-1	Ast
GCCCAGAAGCCGCTGT-1	Ast
GCCCAGAGTAGTTTGC-1	Ast
GCCCAGAGTCCGTCGA-1	Ast
GCCCAGAGTGAGTTGG-1	Ast
GCCCAGAGTTAGTAGA-1	Ast
GCCCGAAAGTGATATG-1	Ast
GCCCGAACAAGGCGTA-1	Ast
GCCCGAACACACTAGT-1	Ast
GCCCGAACACGACGAA-1	Ast
GCCCGAAGTAGCGAGT-1	Ast
GCCCGAATCGGGAATG-1	Ast
GCCTAGGAGAACGCCA-1	Ast
GCCTAGGAGACGACTG-1	Ast
GCCTAGGAGACTAGGC-1	Ast
GCCTAGGCACAGTTCA-1	Ast
GCCTAGGCACGATATC-1	Ast
GCGAGTCAGTACCACT-1	Ast
GCGAGTCTCTCCCTTT-1	Ast
GCGATCGAGAACGACC-1	Ast
GCGATCGAGAGGTGGG-1	Ast
GCGATTAAGTAGAAGG-1	Ast
GCGATTAGTTCATTTC-1	Ast
GCGCATGAGGTTCGAG-1	Ast
GCGCATGAGTTGACAA-1	Ast
GCGCATGCAATAGCGG-1	Ast
GCGCATGCAATAGTGA-1	Ast
GCGCATGGTAGACACG-1	Ast
GCGCATGGTCAGTGTT-1	Ast
GCGCATGGTCTAACCA-1	Ast
GCGCCAACAGTAAGCG-1	Ast
GCGCCAATCAGTCACA-1	Ast
GCGCCAATCGCCGAAC-1	Ast
GCGCCAATCGGTGATT-1	Ast
GCGGAAAGTGGAGTGT-1	Ast
GCGGGTTCATCCGTAA-1	Ast
GCGGGTTGTACGGTTT-1	Ast
GCGGTGTAGTTTGGAA-1	Ast
GCGGTGTGTATCCCTC-1	Ast
GCGTAGCAGAGTAAGG-1	Ast
GCGTAGCAGTAGCAAT-1	Ast
GCGTTGGAGAGGTCCA-1	Ast
GCGTTGGGTCCATTGA-1	Ast
GCTCACTAGTGATATG-1	Ast
GCTCACTCATAGCCAT-1	Ast
GCTCACTGTAACAATG-1	Ast
GCTCCTAAGCGAATAT-1	Ast
GCTCCTACATTGCGAT-1	Ast
GCTCCTAGTCGAGGAT-1	Ast
GCTCCTATCAAAGTAG-1	Ast
GCTCCTATCAGCCGGT-1	Ast
GCTCCTATCGTGGCGT-1	Ast
GCTGAGCTCCTCCTGA-1	Ast
GCTGTTCCACAGGTAG-1	Ast
GCTGTTCCAGAAAGAG-1	Ast
GCTGTTCGTTTAAGCC-1	Ast
GCTGTTCTCGGGAAAC-1	Ast
GCTTAAGCAGGTAGCA-1	Ast
GCTTGCTCAGCAACGA-1	Ast
GCTTGCTGTAAAGCTA-1	Ast
GCTTGCTGTGCTTCCT-1	Ast
GCTTGCTGTGGCATAG-1	Ast
GCTTGCTTCTATCTTG-1	Ast
GCTTTCGAGTAGGTCG-1	Ast
GGAACCCAGCAGTAGC-1	Ast
GGAACCCAGTAGCAAT-1	Ast
GGAACCCGTCATAGAA-1	Ast
GGAACCCGTTAGGCTT-1	Ast
GGAACCCTCTCCCTTT-1	Ast
GGAACTTAGTGATATG-1	Ast
GGAACTTCACCGATCG-1	Ast
GGAACTTCAGGCAGAT-1	Ast
GGAACTTCATGTATCG-1	Ast
GGAACTTGTTAGCTCA-1	Ast
GGAATCTAGGAGACTC-1	Ast
GGAATCTAGGTCGGTA-1	Ast
GGAATCTAGTGTTCCA-1	Ast
GGAATCTGTGCACTTA-1	Ast
GGACACCGTAGGTAAT-1	Ast
GGAGAACCAAACCTAC-1	Ast
GGAGAACCAACTTGGT-1	Ast
GGAGAACCACAAACGG-1	Ast
GGAGAACCACTCCTCA-1	Ast
GGAGAACCATTATGGC-1	Ast
GGAGGATAGTGCAACG-1	Ast
GGATAGGAGACGAAAG-1	Ast
GGATAGGAGTATAGTG-1	Ast
GGATAGGTCACACGTA-1	Ast
GGATAGGTCACGTGTA-1	Ast
GGATAGGTCGCGTTCT-1	Ast
GGCACGTGTATGTTCG-1	Ast
GGCACGTTCACCACAA-1	Ast
GGCACGTTCGAGTTAC-1	Ast
GGCATTAAGGGCATTG-1	Ast
GGCATTAGTAGCGGTA-1	Ast
GGCGAAAGTACGGATG-1	Ast
GGCGAAAGTTTAAGCC-1	Ast
GGCGTTGCAATTGGCT-1	Ast
GGCGTTGGTATCAGCT-1	Ast
GGGACCTAGGCCTCGT-1	Ast
GGGACCTGTAAGCCTT-1	Ast
GGGTGTCTCGAGTTAC-1	Ast
GGGTTATGTAGACGCA-1	Ast
GGGTTATTCTAGTCGA-1	Ast
GGTACCGAGACCCTAT-1	Ast
GGTACCGAGACCTATC-1	Ast
GGTACCGAGCTGAAAT-1	Ast
GGTACCGTCTCCTTGG-1	Ast
GGTCATACATATTGGC-1	Ast
GGTGAAGGTAGTAACA-1	Ast
GGTGAAGGTGGTAAGC-1	Ast
GGTGAAGTCAAACCCA-1	Ast
GGTGAAGTCACTGGTA-1	Ast
GGTGAAGTCCTTTGAT-1	Ast
GGTGCTGTCAGCGGTC-1	Ast
GGTGTCGCATGGATGG-1	Ast
GGTGTCGTCACAGGGA-1	Ast
GGTGTCGTCTGGCGCA-1	Ast
GTAATCGCAGATAAGT-1	Ast
GTAATCGCAGGTGTCC-1	Ast
GTAATCGTCGTTTGAG-1	Ast
GTACTTTGTCCGTGCA-1	Ast
GTACTTTGTGCTTCCT-1	Ast
GTACTTTGTGGCATAG-1	Ast
GTAGACTAGGGATCCA-1	Ast
GTAGACTAGTACTCTG-1	Ast
GTAGGAGCACCACGAC-1	Ast
GTAGTACGTGGACTGA-1	Ast
GTAGTACTCTGGACAT-1	Ast
GTCACAAAGATTGACA-1	Ast
GTCACAAAGCGTTAGG-1	Ast
GTCACAACACTTACAG-1	Ast
GTCACAACATCCCAAA-1	Ast
GTCACCTGTCCCGTGA-1	Ast
GTCACCTGTGGAGTGT-1	Ast
GTCACCTTCCAACAAC-1	Ast
GTCACGGAGGAACCGT-1	Ast
GTCACGGCAGTGGTCC-1	Ast
GTCACGGCATTTGGCA-1	Ast
GTCACTCAGTTCGACT-1	Ast
GTCACTCCATGCCTTC-1	Ast
GTCCATCGTATCATGC-1	Ast
GTCCATCTCGAGGTCC-1	Ast
GTCCATCTCTGGAAGG-1	Ast
GTCGTAACAACTCGAT-1	Ast
GTCTACCCATCTGCAA-1	Ast
GTCTACCTCCCGAAGC-1	Ast
GTGACATCAAGGAGTC-1	Ast
GTGATCAAGTTCCCGG-1	Ast
GTGATCACATTTGGCA-1	Ast
GTGATCATCTCGTGAA-1	Ast
GTGCACGCATGCCTTC-1	Ast
GTGCACGGTCCAACCG-1	Ast
GTGCACGTCTGAGTCA-1	Ast
GTGCCAGAGAATACTG-1	Ast
GTGCCAGAGCTGCCAC-1	Ast
GTGCCAGAGGGCGAAG-1	Ast
GTGCCAGCAACTTGGT-1	Ast
GTGCCAGTCTTTGCAT-1	Ast
GTGCTGGCAGTATACC-1	Ast
GTGCTGGGTTACGGAG-1	Ast
GTGGATTAGCTATCGT-1	Ast
GTGGATTCAAATTCCG-1	Ast
GTGGATTCACTTTGGA-1	Ast
GTGGATTTCTCTGAGA-1	Ast
GTGGCGTGTTAACCGT-1	Ast
GTGGCGTTCCGGAAAG-1	Ast
GTGTCAACATCGACCG-1	Ast
GTGTCCTAGGTCACTT-1	Ast
GTGTCCTCAACGCAAG-1	Ast
GTGTGATCATCCCTCA-1	Ast
GTTACGAAGAGGCAGG-1	Ast
GTTACGAAGATATGTG-1	Ast
GTTACGAAGTGCTAGG-1	Ast
GTTACTTGTGCAAGAC-1	Ast
GTTACTTGTGGACAGT-1	Ast
GTTATGGCATACCCGG-1	Ast
GTTATGGGTTTGTGAC-1	Ast
GTTATGGTCCGGGCAT-1	Ast
GTTATGGTCTAAGGTC-1	Ast
GTTATTCCAGAAAGAG-1	Ast
GTTATTCCAGCGTCGT-1	Ast
GTTATTCGTGATGCGA-1	Ast
GTTCAAGCAGAACTTC-1	Ast
GTTCAAGGTACTTCGA-1	Ast
GTTCAAGGTAGTGATA-1	Ast
GTTCAAGGTGGCATAG-1	Ast
GTTGGGCCACGGTTAT-1	Ast
GTTGGTAGTAGACACG-1	Ast
GTTGGTAGTCAGTGTT-1	Ast
TAAACCGCACTGATTG-1	Ast
TAAACCGCAGCGTGAA-1	Ast
TAAACCGTCGCTAGTA-1	Ast
TAAACCGTCTGATCCC-1	Ast
TAAACCGTCTTAACGG-1	Ast
TAACAGCTCGAGCGCT-1	Ast
TAACGGTGTTATGCAC-1	Ast
TAACGGTTCGAGGTCC-1	Ast
TAACGGTTCTGGAAGG-1	Ast
TAACTTCGTAAACCCT-1	Ast
TAACTTCTCCTCAAGA-1	Ast
TAAGCCACATTGCACA-1	Ast
TAAGCCATCCACCTAC-1	Ast
TAAGCCATCTATACCT-1	Ast
TAAGTGCCATCCCTCA-1	Ast
TAAGTGCGTACTTGAC-1	Ast
TAAGTGCTCGATCTTT-1	Ast
TAATCGGGTCGCTAGC-1	Ast
TAATCGGGTTACGAAA-1	Ast
TAATTCCAGCAACGGT-1	Ast
TAATTCCCAGGGAGTT-1	Ast
TAATTCCCATTACCTT-1	Ast
TAATTCCGTGTCTACA-1	Ast
TAATTCCTCAACTTGG-1	Ast
TACAGCAGTGTTGTTG-1	Ast
TACAGCATCCAACAAC-1	Ast
TACATGGCAAATTGAG-1	Ast
TACATGGGTCTGTTGA-1	Ast
TACATGGTCACATCCC-1	Ast
TACATGGTCACCACAA-1	Ast
TACATGGTCACCGCGA-1	Ast
TACATTCCAGAACAGC-1	Ast
TACATTCTCACATTCT-1	Ast
TACCCTGCAATGGCAG-1	Ast
TACCCTGCAGCGTGAA-1	Ast
TACCTATAGTAATCAG-1	Ast
TACCTATAGTAGTTCC-1	Ast
TACCTCGCACTTGCGG-1	Ast
TACCTCGCAGTAACGG-1	Ast
TACCTCGCATAAAGTG-1	Ast
TACCTCGGTAACCCAT-1	Ast
TACCTCGGTATGGATA-1	Ast
TACCTCGGTCCGTAGC-1	Ast
TACCTCGTCGGTAGGA-1	Ast
TACCTCGTCTTCTTCC-1	Ast
TACGCAAAGTCAGCCC-1	Ast
TACGCAAAGTTGACAA-1	Ast
TACGCAACACTGTCAA-1	Ast
TACGCAATCCGCTATC-1	Ast
TACGCCTCAGCGTGAA-1	Ast
TACGGATAGGCTCCTG-1	Ast
TACGGATCATGGCCGT-1	Ast
TACGGATCATTGCGAT-1	Ast
TACGGATGTGGTGGTA-1	Ast
TACTAGGCACAGTTCA-1	Ast
TACTAGGCAGAACGAC-1	Ast
TACTAGGGTGCGTTTA-1	Ast
TACTCGCAGAACTAAC-1	Ast
TACTCGCTCGAGGTCC-1	Ast
TACTGCCCAATAGCGG-1	Ast
TACTGCCTCCGATTGA-1	Ast
TAGACTGTCAGGAATA-1	Ast
TAGACTGTCGGTGATT-1	Ast
TAGCATGAGCAACTGG-1	Ast
TAGCATGCAACGGACA-1	Ast
TAGCCCTGTAACACTC-1	Ast
TAGCCCTTCTGCCGAG-1	Ast
TAGCCCTTCTGGTACA-1	Ast
TAGCCGGCAATTCGTG-1	Ast
TAGCCGGCAGGTGGTA-1	Ast
TAGCCGGGTGCTGAAG-1	Ast
TAGCGGCGTCCGAGCT-1	Ast
TAGCGGCTCCCACGGA-1	Ast
TAGCGGCTCGCTGATA-1	Ast
TAGCTTTAGCTAGCAG-1	Ast
TAGCTTTGTGCACATT-1	Ast
TAGGAGGTCAGAGTGG-1	Ast
TAGGAGGTCTGTCGGG-1	Ast
TAGGTCAAGTGATATG-1	Ast
TAGGTGTAGAACGTCG-1	Ast
TAGGTGTCAAGTTCGT-1	Ast
TAGTCCCCACAGGAAC-1	Ast
TATGTGGAGAACGTTA-1	Ast
TATGTGGGTTTAGACC-1	Ast
TATTGCTAGGAGACTC-1	Ast
TATTGCTAGGTCGGTA-1	Ast
TATTGCTAGTATACGA-1	Ast
TATTGCTCACTGATAC-1	Ast
TATTGCTGTGCAGACA-1	Ast
TATTGCTTCGCAAACT-1	Ast
TCAAAGCAGACGCCCT-1	Ast
TCAAGACCAAGACTAA-1	Ast
TCAAGCAAGATGAGGA-1	Ast
TCAAGCAAGTGAAACT-1	Ast
TCAAGGTTCTGCTACC-1	Ast
TCAATTCAGTACAGTA-1	Ast
TCAATTCAGTGATCTC-1	Ast
TCACAAGCACATTGCA-1	Ast
TCACAGAAGCTGAATA-1	Ast
TCACCACTCATACTTC-1	Ast
TCACTCGCAATGAAAC-1	Ast
TCACTCGGTTGGCGAA-1	Ast
TCAGCTCAGAGGTGGG-1	Ast
TCAGGGCAGAACAGGA-1	Ast
TCAGGGCCACGATATC-1	Ast
TCAGGTATCAGGAATA-1	Ast
TCAGTCCAGAGGCAGG-1	Ast
TCAGTCCAGTCCCTCT-1	Ast
TCAGTCCGTTCCCGGA-1	Ast
TCAGTTTAGATCTAAG-1	Ast
TCAGTTTTCTGGCTAA-1	Ast
TCCAGAAAGTGATATG-1	Ast
TCCATCGCAGGCTACC-1	Ast
TCCATCGGTATTGTGC-1	Ast
TCCATCGGTGCTGTGC-1	Ast
TCCCACAGTAGAAGCC-1	Ast
TCCCACAGTAGTCCAT-1	Ast
TCCCACAGTTCTGAGT-1	Ast
TCCGACTAGGATTGCG-1	Ast
TCCGACTGTACCCACG-1	Ast
TCGAGCGCATGGCCCA-1	Ast
TCGATTTTCAGAGTGG-1	Ast
TCGCAGGTCTATCTAC-1	Ast
TCGCCTAAGTGAGCAC-1	Ast
TCGCCTACAACATAAG-1	Ast
TCGGGACCATAGATAG-1	Ast
TCGGGACTCAAAGTAG-1	Ast
TCGGGACTCACCACAA-1	Ast
TCGGGACTCGATGCAT-1	Ast
TCGTTCGGTTGTATCG-1	Ast
TCTAGTTTCGGTCAGC-1	Ast
TCTATTGGTAGGGTCA-1	Ast
TCTATTGTCGGTCTCT-1	Ast
TCTCAGCGTGCGTTTA-1	Ast
TCTCAGCTCTCTCAAT-1	Ast
TCTCTGGCACGACGAA-1	Ast
TCTCTGGTCGTCGCAG-1	Ast
TGAATCGAGACACGGT-1	Ast
TGAGTCACACGTTGTA-1	Ast
TGATCAGGTCTCGGGT-1	Ast
TGATCAGTCAAAGTAG-1	Ast
TGATCAGTCTTCTTCC-1	Ast
TGATGCACACTCAGCG-1	Ast
TGATGCAGTAAACCCT-1	Ast
TGATGCAGTCTGTCCT-1	Ast
TGATTTCGTTCTACCC-1	Ast
TGATTTCGTTGGTAAA-1	Ast
TGATTTCTCCTATCAT-1	Ast
TGATTTCTCTCCTTAA-1	Ast
TGCACCTAGGTCGGTA-1	Ast
TGCACCTAGTCTAGAA-1	Ast
TGCACCTCATCAGAAA-1	Ast
TGCATGAGTTGGAGGT-1	Ast
TGCATGAGTTGTCGGC-1	Ast
TGCATTTCAACAACTC-1	Ast
TGCATTTCAGCAACCC-1	Ast
TGCATTTGTTGGTAAA-1	Ast
TGCATTTTCCCACTTG-1	Ast
TGCATTTTCTATTGTC-1	Ast
TGCCTGTAGATCTAAG-1	Ast
TGCCTGTAGCCCATGC-1	Ast
TGCCTGTCAGAACTTC-1	Ast
TGCCTGTTCTCGTGAA-1	Ast
TGCGTAATCAAGGCAG-1	Ast
TGCGTAATCTATATCC-1	Ast
TGCTATTGTTCTGAGT-1	Ast
TGCTATTTCCACGGCA-1	Ast
TGCTCACAGCTCGTTA-1	Ast
TGCTCACAGGTCGGTA-1	Ast
TGCTTCGAGGTGTTGG-1	Ast
TGCTTCGCAGTAGTTC-1	Ast
TGCTTTACAACGCAAG-1	Ast
TGCTTTAGTAGATGAT-1	Ast
TGGAAGGAGAATCAGT-1	Ast
TGGAAGGAGCTGCTCG-1	Ast
TGGAAGGAGTTCAAGA-1	Ast
TGGCAATGTATGGATA-1	Ast
TGGCAATGTCCGTAGC-1	Ast
TGGCCTTCACTCCCAT-1	Ast
TGGCCTTCATTCGTCC-1	Ast
TGGCCTTCATTGTGAC-1	Ast
TGGCGCAGTTGCTTGA-1	Ast
TGGGTTAAGAGCCACA-1	Ast
TGGGTTACACCTACCT-1	Ast
TGGGTTAGTGGAAGCT-1	Ast
TGGTCCTAGGGTAATT-1	Ast
TGGTCCTGTTTGATCG-1	Ast
TGGTCCTTCAGAGTGG-1	Ast
TGTAAGCGTTGCCGCA-1	Ast
TGTAAGCTCGAACCGC-1	Ast
TGTACAGTCCGAGAGA-1	Ast
TGTACGAAGTATGCTC-1	Ast
TGTACGACACAGCCAC-1	Ast
TGTACGAGTGTCCTTC-1	Ast
TGTACGATCAGTCTTT-1	Ast
TGTACGATCGAAGCCC-1	Ast
TGTACGATCTCCAACC-1	Ast
TGTAGCATCCGATGCG-1	Ast
TGTGACACAGCTGATT-1	Ast
TGTGACACATTCTTTG-1	Ast
TGTGACATCTGTCGGG-1	Ast
TGTGTCCAGCCCATTA-1	Ast
TGTGTCCAGTTTGGAA-1	Ast
TGTGTCCCACTTACAG-1	Ast
TGTTAGGAGGCACCTC-1	Ast
TGTTAGGCAACGAGGT-1	Ast
TTAACGGAGCGTCTGC-1	Ast
TTACCCGAGAGAGTTT-1	Ast
TTACCCGTCATGTTCT-1	Ast
TTACCCGTCCCACTTG-1	Ast
TTACCGCCAGGCATCC-1	Ast
TTACCGCTCAAGTTGC-1	Ast
TTACGGACATGTCCCT-1	Ast
TTACGGATCGAAGCCC-1	Ast
TTACTCAGTTGGCTTA-1	Ast
TTACTTGAGTCCCTCT-1	Ast
TTACTTGTCGGCTATA-1	Ast
TTAGCGAAGAGCTACG-1	Ast
TTAGCGACACAAGGGT-1	Ast
TTAGCGACATTACTCT-1	Ast
TTAGCTTGTACCCATA-1	Ast
TTATGTCCATCACAAC-1	Ast
TTATGTCGTCCGTGCA-1	Ast
TTATGTCTCGATCTTT-1	Ast
TTCAACTCAATTGGCT-1	Ast
TTCATCAAGCATGTGG-1	Ast
TTCATCAAGTAACACA-1	Ast
TTCATCATCAGTAGTC-1	Ast
TTCATTGTCACCCGGA-1	Ast
TTCATTGTCGCTAGTA-1	Ast
TTCATTGTCTGATCCC-1	Ast
TTCATTGTCTTAACGG-1	Ast
TTCGATTCAAGGAAGA-1	Ast
TTCGATTTCATGCTTT-1	Ast
TTCGATTTCCTCTCTT-1	Ast
TTCGCGTCACGATTAC-1	Ast
TTCGGTCAGGCAGTGT-1	Ast
TTCGGTCAGGTTTCTG-1	Ast
TTCGTTAAGATTAGAC-1	Ast
TTCGTTAGTATGGGTG-1	Ast
TTCGTTAGTCCAGACC-1	Ast
TTCGTTATCCCACTAC-1	Ast
TTCTAACAGGCCAGTA-1	Ast
TTCTAACAGTTCCCGG-1	Ast
TTCTAACTCAGGAAGC-1	Ast
TTCTAACTCGCAAACT-1	Ast
TTCTAACTCGCACCGA-1	Ast
TTCTGTACAAGAAACT-1	Ast
TTCTGTACAGCCGAAA-1	Ast
TTCTGTACAGTAACGG-1	Ast
TTCTGTATCCCGGGTA-1	Ast
TTGACGAAGGGCGAAG-1	Ast
TTGAGCAAGGTTAGTA-1	Ast
TTGAGTGAGTGTCCCG-1	Ast
TTGCAGAGTTCCATCC-1	Ast
TTGCGAAAGAGCGAAA-1	Ast
TTGCGAACAACTAGAA-1	Ast
TTGCGGGAGACCATAA-1	Ast
TTGCGGGTCATCGCTC-1	Ast
TTGCTATCAAGCACTT-1	Ast
TTGCTATTCGGACGAA-1	Ast
TTGCTTACAAGTAATG-1	Ast
TTGCTTAGTCAATACC-1	Ast
TTGGTCCCAGTATCTG-1	Ast
TTGGTCCGTACGACCC-1	Ast
TTGGTCCGTCCGTAGC-1	Ast
TTGGTCCGTCGATAGG-1	Ast
TTGTTCAAGTGATATG-1	Ast
TTGTTCAGTTTGCCAA-1	Ast
TTTACGTAGATGGGAA-1	Ast
TTTACGTTCCGCGATG-1	Ast
TTTGAGGGTTAACCGT-1	Ast
TTTGAGGGTTAAGGGC-1	Ast
TTTGAGGTCTTTCGAT-1	Ast
TTTGCGCAGGAGTCTG-1	Ast
TTTGCGCCATAAAGTG-1	Ast
TTTGCGCGTGCAAGCA-1	Ast
TTTGCGCGTTACTTTC-1	Ast
TTTGGCCTCCAATCCC-1	Ast
TTTGGCCTCTTAGTGG-1	Ast
TTTGGTTAGCTCGTTA-1	Ast
TTTGTGTTCCAGGTAT-1	Ast
Index-1	Cell
AAACGAAAGATCCGAG-1	Deid
AAACTGCAGAATACTG-1	Deid
AAACTGCTCTGGCGCA-1	Deid
AAAGGATGTGTCGTGC-1	Deid
AAAGGGCAGGTTCGTT-1	Deid
AACAAAGAGTCAGCCC-1	Deid
AACAAAGGTTGTATCG-1	Deid
AACATCGAGCGAATAT-1	Deid
AACATCGCATACTGCA-1	Deid
AACCGATCAAGTTGCT-1	Deid
AACCGATTCCATTGTT-1	Deid
AACCGATTCCGTGCGA-1	Deid
AACCTTTGTTAAGGGC-1	Deid
AACCTTTTCTGGGCGT-1	Deid
AACGAGGTCTCTGCAC-1	Deid
AACGGGACACCGAAAG-1	Deid
AACGTACAGCATTGGG-1	Deid
AACTGGTCAGTCAGCC-1	Deid
AACTGTGCACTTGCGG-1	Deid
AACTTGGGTTCTACGA-1	Deid
AAGGAGCGTTGGAGGT-1	Deid
AAGGAGCTCAGGCCGT-1	Deid
AATACGCCAAGCTTTG-1	Deid
AATACGCTCATCGCAA-1	Deid
AATGGAAGTCATTGCA-1	Deid
AATGGAAGTTCTACCC-1	Deid
AATGGCTAGTGTTCCA-1	Deid
AATGTCGTCTGGGCGT-1	Deid
ACAAACCCAGTAGTCT-1	Deid
ACAAACCTCCATTGAG-1	Deid
ACAAAGACAAGATGCG-1	Deid
ACAAAGACATCACAGT-1	Deid
ACAATCGCACTCGGAC-1	Deid
ACAATCGCACTGGGCT-1	Deid
ACAATCGTCCTAAGTG-1	Deid
ACAGAAAGTCACATTG-1	Deid
ACAGACTCAAGCGAAC-1	Deid
ACAGACTCATGCGTTA-1	Deid
ACAGACTTCGGGCTCA-1	Deid
ACAGCGCTCAGGGTTT-1	Deid
ACAGGCCAGGCAGTAC-1	Deid
ACATGGTCATAGAATG-1	Deid
ACATGGTTCAATGCAC-1	Deid
ACCAAACTCCATACGA-1	Deid
ACCATCCAGCCATGGA-1	Deid
ACCATCCCATAGACGG-1	Deid
ACCCAAATCCGTCAAA-1	Deid
ACCGAATAGAGACTCG-1	Deid
ACCGAATCAATGCATC-1	Deid
ACCGAATCACCTGGTG-1	Deid
ACCGAATCACTGGGCT-1	Deid
ACCGAATTCGCGCCAA-1	Deid
ACCGCAGCAAGGTCGA-1	Deid
ACCGCAGCACTCCACT-1	Deid
ACCGCAGGTAGCGAGT-1	Deid
ACCTGCTAGATATGAC-1	Deid
ACCTGCTTCGGGAAAC-1	Deid
ACGGATTCACTGCTCT-1	Deid
ACGGATTTCAGTCAAC-1	Deid
ACGGATTTCTTTATCG-1	Deid
ACGTGGCCATCACAAC-1	Deid
ACGTTAGCAGGCATTT-1	Deid
ACTACCCAGTGGGACT-1	Deid
ACTATTCGTAAAGCTA-1	Deid
ACTATTCTCTAAGGTC-1	Deid
ACTCGGGTCGAAGCCC-1	Deid
ACTGCAAAGTCGACCC-1	Deid
ACTGCAAGTTTAAGCC-1	Deid
ACTGCAATCGCTACCT-1	Deid
ACTTTCAAGACACGGT-1	Deid
ACTTTCAGTGAGGTCA-1	Deid
AGATAGAAGCTCGTTA-1	Deid
AGATAGAAGTACCCAT-1	Deid
AGATAGAAGTCGAAAT-1	Deid
AGATAGAGTGGCGCTT-1	Deid
AGATAGATCGGCATAT-1	Deid
AGCCTCTGTTAGGAAT-1	Deid
AGCCTGGAGGATCCTT-1	Deid
AGCCTGGCAACCTCTC-1	Deid
AGCCTGGGTCACAGTT-1	Deid
AGCCTGGTCAACGTGT-1	Deid
AGCCTTCTCCAGAGAG-1	Deid
AGCTATGCAATTCGTG-1	Deid
AGCTATGCATACTGCA-1	Deid
AGCTATGTCCGAGGAA-1	Deid
AGCTGATAGCAACGGT-1	Deid
AGCTGATTCCTGGGAC-1	Deid
AGCTGTATCTACTTTG-1	Deid
AGGACGAGTGGATTCT-1	Deid
AGGACGATCTTAATCC-1	Deid
AGGCCTGCAATGAAAC-1	Deid
AGGCGAAAGTGGTGTG-1	Deid
AGGCGAATCGATGCAT-1	Deid
AGGCGTCGTTCTCGAA-1	Deid
AGTCAACAGTGTCACT-1	Deid
AGTCAACGTCGCGCTA-1	Deid
AGTCCGGCAACGCAAG-1	Deid
AGTCCGGCATGTATCG-1	Deid
AGTGCCGAGTATGCTC-1	Deid
AGTGCCGCAAGATGCG-1	Deid
AGTGTACGTGAATGGC-1	Deid
AGTTACGGTATCTGCA-1	Deid
ATAGGCTGTAAGTCTC-1	Deid
ATATTCCAGTTCAGGG-1	Deid
ATATTCCAGTTGGAAT-1	Deid
ATATTCCCAATCAGGG-1	Deid
ATCCTGCAGGGCTTCC-1	Deid
ATCCTGCCATGGGTGA-1	Deid
ATCGAGTAGTTGACAA-1	Deid
ATGGATCCAATGAAAC-1	Deid
ATGTACGCATGGCCGT-1	Deid
ATGTACGGTGGCATAG-1	Deid
ATGTACGTCAAATGGA-1	Deid
ATGTCGAGTCAATACC-1	Deid
ATGTCGATCTGTAGAC-1	Deid
ATGTTTCAGTGAGTGC-1	Deid
ATGTTTCCACTCCTCA-1	Deid
ATTACCTAGAGGTGGG-1	Deid
ATTACCTGTTGTATCG-1	Deid
ATTCGTTCAACCTCCT-1	Deid
ATTGTCTAGCTAGTTC-1	Deid
ATTGTGGCACACATTG-1	Deid
ATTGTGGCACGCCGAT-1	Deid
CAAAGCTCACTTATGG-1	Deid
CAAAGCTCATCCCAAA-1	Deid
CAACCAATCCCACTAC-1	Deid
CAACGGCCAATTAGGA-1	Deid
CAACGTAAGTTGGAAT-1	Deid
CAAGAAACAACTCAAC-1	Deid
CAAGAAAGTGCACTTA-1	Deid
CAAGAAATCGTGGGTC-1	Deid
CAAGGCCCAGGCATTT-1	Deid
CAAGGCCTCAAGAGAT-1	Deid
CAATCCCTCTCTTAAC-1	Deid
CACAACACAGAACAGC-1	Deid
CACAACATCAGGTTTG-1	Deid
CACAACATCCAGTACA-1	Deid
CACAGATAGCCTATAC-1	Deid
CACAGATAGTCAGGAC-1	Deid
CACAGATAGTCCCTCT-1	Deid
CACATGAGTTACGAAA-1	Deid
CACCACTGTGCTAGTT-1	Deid
CACCTTGCACTCGGAC-1	Deid
CACTAAGAGTAGAAGG-1	Deid
CACTAAGTCCCACTAC-1	Deid
CAGCCTTAGTTGGAAT-1	Deid
CAGCCTTCATAGACGG-1	Deid
CAGCTAAAGGCAGTGT-1	Deid
CAGCTGGCAATGGCTT-1	Deid
CAGGGCTAGACCGCAA-1	Deid
CAGGGCTAGGTTCGAG-1	Deid
CAGTATGAGTATACGA-1	Deid
CAGTATGGTACGACCC-1	Deid
CAGTATGGTACGTAAA-1	Deid
CAGTATGGTCGATAGG-1	Deid
CAGTGCGCAAGTTGCT-1	Deid
CAGTGCGCACTCGGAC-1	Deid
CAGTGCGCATGTAGAA-1	Deid
CAGTGTATCCAGTACA-1	Deid
CAGTGTATCGCTACCT-1	Deid
CATAACGCACTGTTAG-1	Deid
CATAACGTCGTTCTAT-1	Deid
CATGCCTAGAGGCCTA-1	Deid
CATGCCTTCATTCATC-1	Deid
CATTCATAGCTCGTTA-1	Deid
CATTCATAGTAACTCC-1	Deid
CATTCATCAGGTAGCA-1	Deid
CATTCATGTACGTATC-1	Deid
CATTCCGGTTTCTTAC-1	Deid
CCAATGACAACTCGAT-1	Deid
CCACAGGTCCGAGGAA-1	Deid
CCACGTTAGTCTGTGT-1	Deid
CCAGATATCATTCTTG-1	Deid
CCAGATATCCCACTAC-1	Deid
CCCAGAGCAACAAACA-1	Deid
CCCGTTATCGAAGCCC-1	Deid
CCCGTTATCGTTGTAG-1	Deid
CCCTAACAGCCTTTGA-1	Deid
CCCTAACTCATGAACC-1	Deid
CCCTAACTCCGTCAAA-1	Deid
CCCTCTCAGGAAGGTA-1	Deid
CCCTCTCTCGCGATGC-1	Deid
CCCTGATGTAACAATG-1	Deid
CCGAAGCCACCCATCT-1	Deid
CCGTACTTCGTATAGC-1	Deid
CCGTAGGCAATGAAAC-1	Deid
CCGTAGGGTAGGGTCA-1	Deid
CCGTAGGTCTATAGGC-1	Deid
CCGTGAGCAGTAAGAT-1	Deid
CCGTGAGGTGAAACAT-1	Deid
CCGTGAGTCTCTGAGA-1	Deid
CCTAAAGAGCGAATAT-1	Deid
CCTAAAGGTGCAGACA-1	Deid
CCTATTACACTCCTCA-1	Deid
CCTCCCTGTTTAGAAG-1	Deid
CCTCCCTTCCGAGGAA-1	Deid
CCTGGGAAGTAACACA-1	Deid
CCTTAATAGGTTGTGG-1	Deid
CCTTGGTCAATTGCCA-1	Deid
CGAGTTAAGTGAACCG-1	Deid
CGCAGGTTCCAAGAGG-1	Deid
CGCTAGGAGGCGTAGT-1	Deid
CGCTAGGGTGCGTTTA-1	Deid
CGCTATCCAAAGGAAG-1	Deid
CGCTATCCAATTAGGA-1	Deid
CGCTATCCAGCGTGAA-1	Deid
CGCTATCGTGTGTGTT-1	Deid
CGCTGGACAAGACTAA-1	Deid
CGCTGGAGTAACGGAC-1	Deid
CGCTGGATCAATTGGC-1	Deid
CGGACCAAGTCCCTCT-1	Deid
CGGACCACAGGCATTT-1	Deid
CGGACTGTCAGAACGG-1	Deid
CGGTGCAGTTCCGGCA-1	Deid
CGTAAACAGTTGGAAT-1	Deid
CGTAAACGTTGGACGA-1	Deid
CGTAAACTCACATCCC-1	Deid
CGTACAACAAGCGGTA-1	Deid
CGTTCCAGTCAGTGTT-1	Deid
CGTTCCATCAAGAGAT-1	Deid
CTAACTTCACGATTAC-1	Deid
CTAACTTCAGACTAAA-1	Deid
CTACAGACAGGACTGA-1	Deid
CTACTTAAGTACAGAT-1	Deid
CTAGCGGCACGCTGTG-1	Deid
CTAGCGGTCCGCTATC-1	Deid
CTAGGATGTAACACTC-1	Deid
CTAGGGCCAGGCATTT-1	Deid
CTCAACCTCCTCTCTT-1	Deid
CTCACCATCATGAACC-1	Deid
CTCAGAAGTTTAGAAG-1	Deid
CTCATGCTCCCAGCGA-1	Deid
CTCGCTACAGGTTATC-1	Deid
CTCGCTATCCCTACGT-1	Deid
CTCTAGCGTAATGTGA-1	Deid
CTCTCGAGTCCGGTAC-1	Deid
CTCTCGATCTTCAGAG-1	Deid
CTGAATGAGTTTGGAA-1	Deid
CTGAATGGTAGCGGTA-1	Deid
CTGCTCATCTTCACTA-1	Deid
CTGGCAGAGAATACTG-1	Deid
CTGGGACGTGACAAGC-1	Deid
CTGTATTAGTGATATG-1	Deid
CTGTTCGCAAGATTAG-1	Deid
CTGTTCGCAAGTAATG-1	Deid
CTGTTCGCACAGAAGC-1	Deid
CTGTTCGCATCATGTG-1	Deid
CTGTTCGTCCGCGATG-1	Deid
CTGTTCGTCTGGCGCA-1	Deid
CTTAATCAGGTACTCT-1	Deid
CTTAATCTCCTGACCT-1	Deid
CTTCCAGCAATGGTAA-1	Deid
CTTCCAGCAGAACAGC-1	Deid
CTTGAAGAGACTCGGA-1	Deid
CTTGAAGCAGGCATTT-1	Deid
CTTGAAGTCATCGCCT-1	Deid
CTTGCCAGTCCACCAG-1	Deid
CTTGCTGCAACCTCCT-1	Deid
CTTGCTGGTCACAGTT-1	Deid
CTTGTCGCAATGTAAG-1	Deid
CTTTGCGAGATTACGA-1	Deid
CTTTGCGGTTGTATCG-1	Deid
GAAAGTATCTCTGTTA-1	Deid
GAAATGAAGCATTCCA-1	Deid
GAAATGAAGGAGGCGA-1	Deid
GAAGAGCGTCAACTAC-1	Deid
GAAGAGCGTCGGCTGT-1	Deid
GAAGTGGCAGGTAACG-1	Deid
GAAGTGGTCACTCCCA-1	Deid
GAAGTGGTCTTACCTA-1	Deid
GAATCTGAGAGAGGTA-1	Deid
GACCAATAGCTATCGT-1	Deid
GACCCAGGTCTAACCA-1	Deid
GACCGACAGTCACACT-1	Deid
GACCGACGTTAGCTCA-1	Deid
GACCTTCAGAGAACCC-1	Deid
GACCTTCAGTCATCTG-1	Deid
GACCTTCCAAGCGTCC-1	Deid
GACCTTCGTATTTGCG-1	Deid
GACTAACAGATAGGTT-1	Deid
GACTAACTCTCTATCA-1	Deid
GAGAACGAGGCGATTG-1	Deid
GAGAACGGTTCACGTA-1	Deid
GAGACTTCAATCACTG-1	Deid
GAGACTTGTATCACAC-1	Deid
GAGATTCAGGTTAACA-1	Deid
GAGGATGCATCCTCGT-1	Deid
GAGGCTCCATCCGTGG-1	Deid
GAGGCTCGTCAGAAGC-1	Deid
GATCATGGTACGTAGG-1	Deid
GATCATGGTGCACTTA-1	Deid
GATCATGTCTGACTTT-1	Deid
GATGATCTCAGGATCT-1	Deid
GATGATCTCTTCTCTC-1	Deid
GATTAGCAGAAAGGGT-1	Deid
GATTGACAGTGAAGGA-1	Deid
GATTGACCAACTTGGT-1	Deid
GATTGACCACTCCTCA-1	Deid
GCAAAGGGTGGGTAGT-1	Deid
GCAACCGGTTTCGACA-1	Deid
GCACCTTAGCCGCTGT-1	Deid
GCAGATTAGCTGAATA-1	Deid
GCAGATTCATATAGAG-1	Deid
GCAGATTCATCGACCG-1	Deid
GCAGATTGTACTAGAA-1	Deid
GCATTCCTCCCGTAGG-1	Deid
GCATTGAAGGTAGGCT-1	Deid
GCATTGAAGTCTAGAA-1	Deid
GCATTGATCCGCTATC-1	Deid
GCCAGACAGATCCGAG-1	Deid
GCCAGCATCGTAGCGC-1	Deid
GCCATAAAGAACGTCG-1	Deid
GCCATAACAGGACCTC-1	Deid
GCCCAGAGTCTCTGCT-1	Deid
GCCCAGATCAACACGT-1	Deid
GCCCGAAAGTTGGAAT-1	Deid
GCCCGAACACCTTGTC-1	Deid
GCCCGAACATAGACGG-1	Deid
GCCTACTGTCCGTAGC-1	Deid
GCCTAGGAGTAATCAG-1	Deid
GCCTAGGCAAACGTTC-1	Deid
GCCTAGGCAGTAGTTC-1	Deid
GCGATTACAACTCGAT-1	Deid
GCGATTAGTTCTACCC-1	Deid
GCGATTATCGCAACTA-1	Deid
GCGATTATCTCAGATG-1	Deid
GCGGAAAAGAGATTAC-1	Deid
GCGGTGTGTCATTGCA-1	Deid
GCGTTGGAGGGTTCCC-1	Deid
GCGTTGGGTCTGGGCT-1	Deid
GCTCACTAGTTCAGGG-1	Deid
GCTCACTCACCACAGC-1	Deid
GCTCCTACATGATCGT-1	Deid
GCTGCGAGTCTGGTCG-1	Deid
GCTGTTCCACTCGGAC-1	Deid
GCTGTTCCACTGGGCT-1	Deid
GCTGTTCCAGACCTGC-1	Deid
GCTGTTCCAGTGGTCC-1	Deid
GCTGTTCCATCTCACC-1	Deid
GCTTAAGAGTACGCGA-1	Deid
GCTTTCGTCTGTTTAC-1	Deid
GGAACTTAGATCTAAG-1	Deid
GGAACTTCAAGTTGCT-1	Deid
GGAACTTCATGACTGT-1	Deid
GGAATCTCACCTACCT-1	Deid
GGACACCAGAGCTGTG-1	Deid
GGACACCTCAGGAATA-1	Deid
GGATGAGAGACCCTAT-1	Deid
GGCATTAGTCAGAGTG-1	Deid
GGCGTTGAGGCTAAAT-1	Deid
GGCGTTGAGTAGTGTA-1	Deid
GGCGTTGCACCGAAAG-1	Deid
GGCGTTGTCCTGTGGG-1	Deid
GGGCCATCATCCGTGG-1	Deid
GGGTCTGGTGGACTGA-1	Deid
GGGTCTGTCTTTATCG-1	Deid
GGGTGTCAGGTAGGCT-1	Deid
GGGTGTCTCACTGGTA-1	Deid
GGGTTATAGACACTTC-1	Deid
GGTACCGGTTATGCAC-1	Deid
GGTAGGAGTAATGCCT-1	Deid
GGTAGGAGTCAGACGA-1	Deid
GGTAGGAGTGAGGTCA-1	Deid
GGTAGGAGTTGGAGGT-1	Deid
GGTCATAAGACACAAT-1	Deid
GGTTGCGCAGATTAAG-1	Deid
GGTTGCGGTATCCCTC-1	Deid
GTACTTTAGTGATCTC-1	Deid
GTACTTTCACTGTCGG-1	Deid
GTAGACTCAAGTAATG-1	Deid
GTAGACTGTATTCGAC-1	Deid
GTAGACTTCAAACCCA-1	Deid
GTCACAAAGTACAACA-1	Deid
GTCACCTAGTTACACC-1	Deid
GTCACGGGTTAAGGGC-1	Deid
GTCACTCCACAAGGGT-1	Deid
GTCACTCGTTGTCGGC-1	Deid
GTCACTCGTTTGCGAT-1	Deid
GTCCATCAGTACCCAT-1	Deid
GTCCATCAGTGCAACG-1	Deid
GTCCATCCATCATCGA-1	Deid
GTCCATCTCCCACTAC-1	Deid
GTCCATCTCTATCTTG-1	Deid
GTCGTAATCAAGGCAG-1	Deid
GTCTACCCAGGTGGTA-1	Deid
GTGACATAGAAATCTG-1	Deid
GTGACATCAATGAAAC-1	Deid
GTGACATCATCGACGC-1	Deid
GTGCACGAGAAGAGTG-1	Deid
GTGCACGTCTCTTCTC-1	Deid
GTGCCAGAGAGAAGCA-1	Deid
GTGCTGGTCCTGACCT-1	Deid
GTGGCGTAGTACCCAT-1	Deid
GTGTCAAGTACTATGC-1	Deid
GTGTCCTCACTGGGCT-1	Deid
GTGTGATCAACCTCCT-1	Deid
GTTACGAAGGGCGAAG-1	Deid
GTTACTTGTCAGTGTT-1	Deid
GTTATGGCACTTGCGG-1	Deid
GTTCAAGAGAGAGGTA-1	Deid
GTTCAAGGTTCCAATG-1	Deid
GTTGGGCGTAACGGAC-1	Deid
GTTGGGCGTAACTGAA-1	Deid
GTTGGGCTCTATGAGC-1	Deid
GTTGGTAAGAGCTACG-1	Deid
TAACAGCCATTACCTT-1	Deid
TAACAGCTCTATACCT-1	Deid
TAACGGTTCCCTATTA-1	Deid
TAACTTCCAAAGGCCA-1	Deid
TAACTTCTCCCAGCGA-1	Deid
TAAGCCAAGCAGGACT-1	Deid
TAAGTGCAGGCCTCTG-1	Deid
TAAGTGCTCTCTATTG-1	Deid
TAATTCCAGCGTGTTT-1	Deid
TACAGCAAGGCTTCGC-1	Deid
TACCTCGCAGGTCTGC-1	Deid
TACGCAAAGGTCGTTT-1	Deid
TACGCAACAATGTAAG-1	Deid
TACGCCTTCTTAACGG-1	Deid
TACGGATGTATGAAGT-1	Deid
TACTCGCTCACTAGGT-1	Deid
TACTGCCAGCTCGGCT-1	Deid
TAGACTGAGTAACTCC-1	Deid
TAGACTGCAACGTAGG-1	Deid
TAGCACAAGCGAGAAA-1	Deid
TAGCACACACGCGCAT-1	Deid
TAGCATGTCCGTCAAA-1	Deid
TAGCCCTCAAAGAAGG-1	Deid
TAGCCCTCAAGGATGC-1	Deid
TAGCGGCAGAGCTACG-1	Deid
TAGCTTTCAACGAGGT-1	Deid
TAGGAGGAGTGATATG-1	Deid
TAGGTCAAGTTGGAAT-1	Deid
TAGTCCCCAGTCAGCC-1	Deid
TATCGAGAGGCACCTC-1	Deid
TATCTGTTCGGACGAA-1	Deid
TATGTGGTCACATTCT-1	Deid
TCAAAGCGTGCTAGTT-1	Deid
TCACAAGCACGCGACT-1	Deid
TCACAGACATTAGCCA-1	Deid
TCACAGAGTGCTTGAT-1	Deid
TCAGCTCAGAGCGGTT-1	Deid
TCAGGGCCATAGACGG-1	Deid
TCAGGGCCATTGTTCT-1	Deid
TCAGTCCCAGGACCTC-1	Deid
TCAGTCCTCACATTCT-1	Deid
TCAGTTTCATCGACGC-1	Deid
TCCAGAAAGTCGATAA-1	Deid
TCCAGAAAGTTGGAAT-1	Deid
TCCAGAATCTTCGTTA-1	Deid
TCCAGAATCTTCTCTC-1	Deid
TCCCACACATAGACGG-1	Deid
TCCCACAGTCAGTGCC-1	Deid
TCGCAGGCACAGTAGG-1	Deid
TCGCAGGCAGGACCTC-1	Deid
TCGCAGGGTGGACAGT-1	Deid
TCGCAGGTCCTTACGC-1	Deid
TCGTTCGAGTGAGTTA-1	Deid
TCTAGTTAGAACAGGA-1	Deid
TCTAGTTGTAGTACAA-1	Deid
TCTCAGCCACAGATGG-1	Deid
TGAATCGGTAAACCCT-1	Deid
TGAATCGTCTTATCAC-1	Deid
TGACTCCAGTACAGTA-1	Deid
TGAGCCGCATGACTGT-1	Deid
TGAGCCGGTAAGCCGA-1	Deid
TGAGCCGTCCGAGGAA-1	Deid
TGAGTCAGTTTGCATG-1	Deid
TGATCAGAGTACGCGA-1	Deid
TGATTTCAGGTCTTGT-1	Deid
TGATTTCAGTCTCTAG-1	Deid
TGATTTCGTACGCAAG-1	Deid
TGATTTCGTGGACCAA-1	Deid
TGATTTCGTTGGCTTA-1	Deid
TGCATGACAGTGGTCC-1	Deid
TGCATTTAGGCGTAGT-1	Deid
TGCATTTCAAGGTTCT-1	Deid
TGCATTTCATCGGCTG-1	Deid
TGCCTCAAGTACAGTA-1	Deid
TGCTATTGTTCCATCC-1	Deid
TGCTCACAGTCGAAAT-1	Deid
TGCTTTATCGTGATAC-1	Deid
TGGCAATCAAATAGTG-1	Deid
TGGCAATGTAAGCCGA-1	Deid
TGGCCTTGTAACGTAA-1	Deid
TGGCGCAGTATATGGA-1	Deid
TGGGTGCCACAGGTAG-1	Deid
TGGGTGCGTGATGCGA-1	Deid
TGGTCAATCGACTGGC-1	Deid
TGGTCAATCTTGTCGC-1	Deid
TGTAAGCAGAGAACCC-1	Deid
TGTACGAAGCTGAGGT-1	Deid
TGTACGAGTCGTAATC-1	Deid
TGTACGATCATGAACC-1	Deid
TGTACGATCCAATCCC-1	Deid
TGTACGATCCGTCAAA-1	Deid
TGTGACACAATGCATC-1	Deid
TGTGACACAGTCAGCC-1	Deid
TGTGACAGTCATCAAC-1	Deid
TGTGACAGTCCGTGCA-1	Deid
TGTGACAGTTCAGTTG-1	Deid
TGTGGCGTCTTCATAC-1	Deid
TGTGTCCGTAATGTGA-1	Deid
TTACCGCAGAAGCCTG-1	Deid
TTACCGCGTAAGTGCG-1	Deid
TTACCGCGTTTGTCTT-1	Deid
TTACCGCTCTTGTCAT-1	Deid
TTACGTTAGTATGCTC-1	Deid
TTACGTTCAACAAACA-1	Deid
TTACTCAAGATGCGCA-1	Deid
TTACTCACAAGGAGTC-1	Deid
TTACTCATCAGGAAGC-1	Deid
TTACTCATCTTCTCTC-1	Deid
TTACTTGGTTTGAAGA-1	Deid
TTAGCTTGTCGCTAGC-1	Deid
TTAGGTGAGTTCGACT-1	Deid
TTATGTCGTATTCGAC-1	Deid
TTCAACTGTAAAGGCC-1	Deid
TTCATTGGTCAACTGT-1	Deid
TTCGATTCAACTAGAA-1	Deid
TTCGTTATCTGGCCAG-1	Deid
TTCTAACGTGTGTGTT-1	Deid
TTGAGCACACCTATTT-1	Deid
TTGCGGGCACCCATCT-1	Deid
TTGCGGGTCAATTCCT-1	Deid
TTGCTATGTATCTGCA-1	Deid
TTGGTCCCAACGTAGG-1	Deid
TTGTCTAAGTTGACAA-1	Deid
TTGTCTATCCTGACCT-1	Deid
TTGTTCAAGTTGGAAT-1	Deid
TTGTTGTTCCATGACA-1	Deid
TTTACGTCAGGTGTGA-1	Deid
TTTACGTGTGCTTTGA-1	Deid
TTTGAGGGTCAGGTGA-1	Deid
TTTGGCCTCACTCCCA-1	Deid
TTTGGCCTCAGGGTTT-1	Deid
TTTGGTTGTGCGTGTC-1	Deid
TTTGTGTAGAGCTGTG-1	Deid
AAACGAAAGCCATTCA-1	Ex
AAACGAACAGGCTACC-1	Ex
AAACGAACAGTTCGGC-1	Ex
AAACGAACATCCATAG-1	Ex
AAACGAAGTCGATAGG-1	Ex
AAACGAAGTGTCTACA-1	Ex
AAACGAATCGAAGCCC-1	Ex
AAACGAATCTCCTTGG-1	Ex
AAACTCGAGCTCGGCT-1	Ex
AAACTCGAGCTTTCCC-1	Ex
AAACTCGAGTGAAGGA-1	Ex
AAACTCGCACTTGCGG-1	Ex
AAACTCGCAGATACAA-1	Ex
AAACTCGTCAGCGGTC-1	Ex
AAACTCGTCGCCAGAC-1	Ex
AAACTCGTCGTTCTAT-1	Ex
AAACTCGTCTTGTCGC-1	Ex
AAACTGCAGGCTTAAA-1	Ex
AAACTGCCAAGTCTGT-1	Ex
AAACTGCCAATGGTCT-1	Ex
AAACTGCCACAGTAGG-1	Ex
AAACTGCCAGGGTAAC-1	Ex
AAACTGCGTAAAGCTA-1	Ex
AAACTGCGTATTTGCG-1	Ex
AAACTGCGTCAACTGT-1	Ex
AAACTGCGTCATTGCA-1	Ex
AAACTGCGTTAGAGAT-1	Ex
AAACTGCGTTGGGAAC-1	Ex
AAACTGCTCAGCACTA-1	Ex
AAAGATGGTCATGAGG-1	Ex
AAAGATGGTTTCGACA-1	Ex
AAAGATGTCCGATTGA-1	Ex
AAAGATGTCGCGTGAC-1	Ex
AAAGATGTCGTGGCGT-1	Ex
AAAGGATCAACTACTG-1	Ex
AAAGGATCAATGCCAT-1	Ex
AAAGGATCACCACCAG-1	Ex
AAAGGATCATTGATGC-1	Ex
AAAGGATGTACATGGG-1	Ex
AAAGGATTCACTCGTC-1	Ex
AAAGGGCCACATTCTT-1	Ex
AAAGGGCCACTGGGCT-1	Ex
AAAGGGCGTACGGTTT-1	Ex
AAAGGGCTCACGGGTC-1	Ex
AAAGGGCTCACTGATG-1	Ex
AAAGGGCTCCACGGCA-1	Ex
AAAGGGCTCCATACGA-1	Ex
AAAGGGCTCGCACCGA-1	Ex
AAAGGGCTCGCGATGC-1	Ex
AAAGGGCTCTATTGTC-1	Ex
AAATGAGAGACGTCAG-1	Ex
AAATGAGAGCCGCTGT-1	Ex
AAATGAGAGCCTCGCA-1	Ex
AAATGAGCAAGACACG-1	Ex
AAATGAGCATTAGCCA-1	Ex
AAATGAGGTAAACCCT-1	Ex
AAATGAGGTTGCCGCA-1	Ex
AAATGAGTCTATTGTC-1	Ex
AAATGCCAGGCCAATG-1	Ex
AAATGCCCAGCAAACG-1	Ex
AAATGCCCAGGTCCTG-1	Ex
AAATGCCGTATCACAC-1	Ex
AAATGCCGTGAATACA-1	Ex
AAATGCCGTGTGCTTA-1	Ex
AAATGCCGTTCAGAAA-1	Ex
AAATGCCGTTCCGCGA-1	Ex
AAATGCCTCACTACCC-1	Ex
AAATGCCTCCTGGAAT-1	Ex
AAATGCCTCGCCAGAC-1	Ex
AAATGCCTCGTCTTAT-1	Ex
AACAAAGAGAGGCGGA-1	Ex
AACAAAGCACATTGCA-1	Ex
AACAAAGCATTTAGGC-1	Ex
AACAAAGTCAGGATCT-1	Ex
AACAGTCAGGATTGCG-1	Ex
AACAGTCCAGGTAGCA-1	Ex
AACAGTCGTACGTAGG-1	Ex
AACAGTCGTCAAACAA-1	Ex
AACAGTCGTCGAGGAT-1	Ex
AACAGTCTCAGAATGA-1	Ex
AACAGTCTCATGAACC-1	Ex
AACAGTCTCGCGTTCT-1	Ex
AACATCGAGAAGCCGT-1	Ex
AACATCGAGTTTACGC-1	Ex
AACATCGCAAATGTCC-1	Ex
AACATCGCAACTGCGC-1	Ex
AACATCGCAAGAAACT-1	Ex
AACATCGCAAGATGCG-1	Ex
AACATCGCACCGAATT-1	Ex
AACATCGCACTGTCAA-1	Ex
AACATCGCAGAGAGAA-1	Ex
AACATCGCAGGACTGA-1	Ex
AACATCGCATATACGC-1	Ex
AACATCGCATGCCTTC-1	Ex
AACATCGGTAGGGTTG-1	Ex
AACATCGGTCAGCTTA-1	Ex
AACATCGTCAGATACC-1	Ex
AACATCGTCCAGTTAG-1	Ex
AACATCGTCCATCGAA-1	Ex
AACATCGTCCTGGAAT-1	Ex
AACATCGTCGGATAGG-1	Ex
AACCAACAGCGGACTA-1	Ex
AACCAACAGGCTTCGC-1	Ex
AACCAACAGTCTGGGA-1	Ex
AACCAACAGTGTTCCA-1	Ex
AACCAACAGTTACACC-1	Ex
AACCAACCACTCGGAC-1	Ex
AACCAACCATGTAGAA-1	Ex
AACCAACGTCACAGTT-1	Ex
AACCAACGTCACCCGA-1	Ex
AACCAACTCCAGGTCG-1	Ex
AACCAACTCGATAGCT-1	Ex
AACCAACTCTTGGCCT-1	Ex
AACCGATAGCCTGTAT-1	Ex
AACCGATAGCGATACG-1	Ex
AACCGATAGCGGACTA-1	Ex
AACCGATAGGAGGCGA-1	Ex
AACCGATAGGGTAGTC-1	Ex
AACCGATAGGGTCCCT-1	Ex
AACCGATAGTGTCACT-1	Ex
AACCGATAGTGTCGCC-1	Ex
AACCGATAGTTGAATG-1	Ex
AACCGATCACCCTTAC-1	Ex
AACCGATCACGTACAT-1	Ex
AACCGATCACGTGAAG-1	Ex
AACCGATCATGCTATG-1	Ex
AACCGATGTATTGTGC-1	Ex
AACCGATGTGTCCTTC-1	Ex
AACCGATGTTCAGTAC-1	Ex
AACCGATTCCCGAAGC-1	Ex
AACCGATTCCGTTTCG-1	Ex
AACCGATTCGACTCGG-1	Ex
AACCGATTCGAGGTCC-1	Ex
AACCGATTCTGACTTT-1	Ex
AACCGATTCTTACTCA-1	Ex
AACCGATTCTTCATAC-1	Ex
AACCTGAAGAACCATA-1	Ex
AACCTGAAGTCTGTGT-1	Ex
AACCTGAAGTTCCCGG-1	Ex
AACCTGACACGTACAT-1	Ex
AACCTGACACGTGAAG-1	Ex
AACCTGACATGCTATG-1	Ex
AACCTGAGTCCTTCAC-1	Ex
AACCTGAGTTGGCGAA-1	Ex
AACCTGATCCATCTAT-1	Ex
AACCTGATCGCGTGAC-1	Ex
AACCTGATCTATCTAC-1	Ex
AACCTTTAGGAAACTT-1	Ex
AACCTTTAGTCATCTG-1	Ex
AACCTTTAGTGATAAC-1	Ex
AACCTTTAGTTATGAG-1	Ex
AACCTTTAGTTCGTTG-1	Ex
AACCTTTAGTTCTCCC-1	Ex
AACCTTTCAGGCAGAT-1	Ex
AACCTTTGTCACTCTC-1	Ex
AACCTTTGTGGTCGAA-1	Ex
AACCTTTGTTCGGGAA-1	Ex
AACCTTTTCGTGGAAG-1	Ex
AACGAGGAGTGAATAC-1	Ex
AACGAGGCAATCAGGG-1	Ex
AACGAGGCAGTAGGCA-1	Ex
AACGAGGGTGGACGAT-1	Ex
AACGAGGGTTGGACGA-1	Ex
AACGAGGTCAAGGCCC-1	Ex
AACGAGGTCTGTGTCC-1	Ex
AACGGGAAGATGTTGA-1	Ex
AACGGGAAGTGAGCTG-1	Ex
AACGGGAAGTGTCACT-1	Ex
AACGGGAAGTTCCAGT-1	Ex
AACGGGACAAAGCTTC-1	Ex
AACGGGACAGTAAGAT-1	Ex
AACGGGACAGTATCTG-1	Ex
AACGGGACATCCGTGG-1	Ex
AACGGGACATTTGGTG-1	Ex
AACGGGAGTAGCATGG-1	Ex
AACGGGAGTCCGTGCA-1	Ex
AACGGGATCGCTACCT-1	Ex
AACGTACAGAATAGTC-1	Ex
AACGTACAGGATGTAT-1	Ex
AACGTACAGGCAATTA-1	Ex
AACGTACAGGTCGTTT-1	Ex
AACGTACAGTCCCTCT-1	Ex
AACGTACAGTGATAAC-1	Ex
AACGTACCAACTCAAC-1	Ex
AACGTACCAGAGCCAA-1	Ex
AACGTACCATCCGTGG-1	Ex
AACGTACGTCCAAGAG-1	Ex
AACGTACGTTTCAGCA-1	Ex
AACGTACTCACCGCGA-1	Ex
AACGTACTCCATAGGT-1	Ex
AACGTACTCGAGTTAC-1	Ex
AACTGGTCAACAACTC-1	Ex
AACTGGTCACCTGTGG-1	Ex
AACTGGTCACTGCTTC-1	Ex
AACTGGTCATGATTGC-1	Ex
AACTGGTTCATTCTTG-1	Ex
AACTGGTTCGACTGGC-1	Ex
AACTGGTTCGCACAAT-1	Ex
AACTGGTTCTTCACTA-1	Ex
AACTGTGAGAACCATA-1	Ex
AACTGTGAGATACCAA-1	Ex
AACTGTGAGTAACACA-1	Ex
AACTGTGAGTCTTAGC-1	Ex
AACTGTGCAAACAGTA-1	Ex
AACTGTGCAAATTGAG-1	Ex
AACTGTGCAATCAGGG-1	Ex
AACTGTGCAGAGATGC-1	Ex
AACTGTGCATAGCCAT-1	Ex
AACTGTGTCCCGTAGG-1	Ex
AACTGTGTCGCTTACC-1	Ex
AACTTGGAGATGGGAA-1	Ex
AACTTGGAGCTTTCCC-1	Ex
AACTTGGCAACGCACC-1	Ex
AACTTGGCAACGTACT-1	Ex
AACTTGGCACCGTCTT-1	Ex
AACTTGGCACGATTAC-1	Ex
AACTTGGCACTAGCCG-1	Ex
AACTTGGCACTCCTCA-1	Ex
AACTTGGCACTCGGAC-1	Ex
AACTTGGCACTTTGGA-1	Ex
AACTTGGGTACGGAGT-1	Ex
AACTTGGGTCTCTAAG-1	Ex
AACTTGGGTTTCAGCA-1	Ex
AACTTGGTCCACGGCA-1	Ex
AACTTGGTCGTGATAC-1	Ex
AAGATAGAGCAACTGG-1	Ex
AAGATAGCACTGCTCT-1	Ex
AAGATAGCAGCAACCC-1	Ex
AAGATAGGTATACGCT-1	Ex
AAGATAGGTATCACAC-1	Ex
AAGATAGGTGTTTCTT-1	Ex
AAGATAGGTTATGCAC-1	Ex
AAGATAGTCACTCGGG-1	Ex
AAGATAGTCCTCCAGT-1	Ex
AAGATAGTCTGTTTAC-1	Ex
AAGGAGCAGATACCAA-1	Ex
AAGGAGCAGATCTCAC-1	Ex
AAGGAGCAGTCTCGAT-1	Ex
AAGGAGCAGTTCGACT-1	Ex
AAGGAGCCACGCCGAT-1	Ex
AAGGAGCCACTGCTTC-1	Ex
AAGGAGCCAGGCAGAT-1	Ex
AAGGAGCGTGCATCAT-1	Ex
AAGGAGCTCTAAACGC-1	Ex
AAGGAGCTCTATCTCA-1	Ex
AAGGTTCAGAAGAGTG-1	Ex
AAGGTTCAGCTATCGT-1	Ex
AAGGTTCAGGGTAATT-1	Ex
AAGGTTCGTACTTGAC-1	Ex
AAGGTTCGTCTGGTCG-1	Ex
AAGGTTCTCACCCGGA-1	Ex
AATACGCAGACGACTG-1	Ex
AATACGCAGACGTCAG-1	Ex
AATACGCAGTCTGTGT-1	Ex
AATACGCCAATGATGA-1	Ex
AATACGCCAGTGGTCC-1	Ex
AATACGCCATCGACGC-1	Ex
AATACGCCATGTGGGA-1	Ex
AATACGCGTGCAAGCA-1	Ex
AATACGCTCTCTTAAC-1	Ex
AATGCCAAGGATTAAC-1	Ex
AATGCCAAGTACCTCA-1	Ex
AATGCCACAGAGTCGA-1	Ex
AATGCCACAGCGCGTT-1	Ex
AATGCCAGTAACCCAT-1	Ex
AATGCCAGTAGCGAGT-1	Ex
AATGCCAGTATCTGCA-1	Ex
AATGCCAGTATTCTTC-1	Ex
AATGCCAGTTATGCAC-1	Ex
AATGCCATCACCACAA-1	Ex
AATGGAAAGCAGAAAG-1	Ex
AATGGAAAGTGCTAGG-1	Ex
AATGGAAAGTTGCTTG-1	Ex
AATGGAACAGTAACGG-1	Ex
AATGGAACATGGATGG-1	Ex
AATGGAAGTATCTAGC-1	Ex
AATGGAAGTGTCGTCG-1	Ex
AATGGAAGTTTGTACG-1	Ex
AATGGCTAGTGATCTC-1	Ex
AATGGCTAGTTCAACC-1	Ex
AATGGCTCAAGCCCTG-1	Ex
AATGGCTCAATCACTG-1	Ex
AATGGCTCAGTGCGAA-1	Ex
AATGGCTCATCCCTCA-1	Ex
AATGGCTGTGCCCGAT-1	Ex
AATGGCTGTGGTAGAC-1	Ex
AATGGCTTCACGGGTC-1	Ex
AATGGCTTCAGGTTTG-1	Ex
AATGTCGAGAATGCTA-1	Ex
AATGTCGAGATACCAA-1	Ex
AATGTCGAGGCCAGTA-1	Ex
AATGTCGAGTAGGTCG-1	Ex
AATGTCGAGTGAGTGC-1	Ex
AATGTCGCAGCCACGT-1	Ex
AATGTCGCAGTGGTCC-1	Ex
AATGTCGCATCCATAG-1	Ex
AATGTCGCATCGACCG-1	Ex
AATGTCGGTCAGTGCC-1	Ex
AATGTCGTCTATAGGC-1	Ex
ACAAACCAGATTGACA-1	Ex
ACAAACCCAACTCGAT-1	Ex
ACAAACCCAAGAGATT-1	Ex
ACAAACCCAGTGCGAA-1	Ex
ACAAACCCAGTTGCAT-1	Ex
ACAAACCGTAGAGAGA-1	Ex
ACAAACCGTCAGCTTA-1	Ex
ACAAACCGTCGAGAAC-1	Ex
ACAAAGAAGTATGGGC-1	Ex
ACAAAGACAAACAGTA-1	Ex
ACAAAGACAAGGGAGG-1	Ex
ACAAAGACAGGCATTT-1	Ex
ACAAAGAGTAAGTGCG-1	Ex
ACAAAGAGTCGTCGCA-1	Ex
ACAAAGATCCTGTAGA-1	Ex
ACAAGCTAGCGTCTGC-1	Ex
ACAAGCTAGTCCGGAA-1	Ex
ACAAGCTCAACGACAG-1	Ex
ACAAGCTCAGGCAAGT-1	Ex
ACAAGCTGTAACCCAT-1	Ex
ACAAGCTGTCCAAGTT-1	Ex
ACAAGCTGTTGGACGA-1	Ex
ACAAGCTGTTTAGAAG-1	Ex
ACAAGCTTCCAGTTAG-1	Ex
ACAAGCTTCCCATAGA-1	Ex
ACAAGCTTCGTGAGTT-1	Ex
ACAAGCTTCTCATCCG-1	Ex
ACAATCGAGCGATACG-1	Ex
ACAATCGAGTGTCGCC-1	Ex
ACAATCGCACATATCG-1	Ex
ACAATCGCAGACCTGC-1	Ex
ACAATCGCAGCCACGT-1	Ex
ACAATCGCAGGACCTC-1	Ex
ACAATCGCAGTGGTCC-1	Ex
ACAATCGTCCTTCGAC-1	Ex
ACAGAAAAGCACCATT-1	Ex
ACAGAAAAGGATTGCG-1	Ex
ACAGAAACAAACTACC-1	Ex
ACAGAAACACCACCAG-1	Ex
ACAGAAACAGAGAGAA-1	Ex
ACAGAAACAGGTAACG-1	Ex
ACAGAAACATCTGCAA-1	Ex
ACAGAAACATGGGACA-1	Ex
ACAGAAACATTCACGA-1	Ex
ACAGAAAGTATGGTTC-1	Ex
ACAGAAAGTGGGTAGT-1	Ex
ACAGAAAGTTGGGAAC-1	Ex
ACAGAAATCCCAGCAG-1	Ex
ACAGAAATCCCATAGA-1	Ex
ACAGAAATCGCGCCAA-1	Ex
ACAGAAATCGGATAAA-1	Ex
ACAGACTCACACGGTC-1	Ex
ACAGACTGTTCTACGA-1	Ex
ACAGCGCCAATGCACT-1	Ex
ACAGCGCGTACGGATG-1	Ex
ACAGCGCTCCCGATTC-1	Ex
ACAGGCCAGCAATAAC-1	Ex
ACAGGCCAGTTCAAGA-1	Ex
ACAGGCCGTACAACGG-1	Ex
ACAGGCCTCCTCATTA-1	Ex
ACATGCAAGAATGCTA-1	Ex
ACATGCAAGCTCGTTA-1	Ex
ACATGCAAGGCGACTA-1	Ex
ACATGCAAGTCGACCC-1	Ex
ACATGCAGTAATGCCT-1	Ex
ACATGCAGTCAAACAA-1	Ex
ACATGCAGTCAGACGA-1	Ex
ACATGCAGTCCACCAG-1	Ex
ACATGCAGTTATCGAC-1	Ex
ACATGCAGTTCCCTTG-1	Ex
ACATGCAGTTTAGAAG-1	Ex
ACATGCATCTTCCGTG-1	Ex
ACATGGTAGCGTTGCC-1	Ex
ACATGGTAGTGTCGGA-1	Ex
ACATGGTCAGAACGAC-1	Ex
ACATGGTCAGCAACGA-1	Ex
ACATGGTCAGTCCTGG-1	Ex
ACATGGTGTAGGTGAC-1	Ex
ACATGGTGTAGTACAA-1	Ex
ACATGGTGTGACGCAA-1	Ex
ACATGGTGTGCGTGTC-1	Ex
ACATGGTGTTTCTTAC-1	Ex
ACATGGTTCACTGGTA-1	Ex
ACATGGTTCCAATCCC-1	Ex
ACATGGTTCGGTTAGT-1	Ex
ACATGGTTCTTGTGCC-1	Ex
ACCAAACAGATATGTG-1	Ex
ACCAAACAGTACAGAT-1	Ex
ACCAAACCAAAGAGAG-1	Ex
ACCAAACGTCTCAAAC-1	Ex
ACCAAACGTTAAGGGC-1	Ex
ACCAAACGTTATGCAC-1	Ex
ACCAAACTCACCCTTG-1	Ex
ACCAAACTCAGGATCT-1	Ex
ACCAAACTCTATTGTC-1	Ex
ACCAAACTCTGTAGAC-1	Ex
ACCATCCAGCTGAATA-1	Ex
ACCATCCAGTTCTCCC-1	Ex
ACCATCCCAATCAGGG-1	Ex
ACCATCCCAGCAACCC-1	Ex
ACCATCCCAGCTATAC-1	Ex
ACCATCCCAGTAGTCT-1	Ex
ACCATCCTCCCACTAC-1	Ex
ACCATCCTCGCAACTA-1	Ex
ACCATCCTCGGTCCGA-1	Ex
ACCCAAAAGATGGGTC-1	Ex
ACCCAAAAGGAGACTC-1	Ex
ACCCAAAAGGCTCAGA-1	Ex
ACCCAAAAGGGCTTCC-1	Ex
ACCCAAAAGGTTTCTG-1	Ex
ACCCAAAAGTCGCGTC-1	Ex
ACCCAAAAGTTGAATG-1	Ex
ACCCAAACAACGGGTA-1	Ex
ACCCAAACACACATTG-1	Ex
ACCCAAACACGATATC-1	Ex
ACCCAAACATAGCCAT-1	Ex
ACCCAAAGTATGAAGT-1	Ex
ACCCAAATCAAGGCCC-1	Ex
ACCCAAATCGCGATGC-1	Ex
ACCGAATAGGCACTAG-1	Ex
ACCGAATAGGTGTCGA-1	Ex
ACCGAATAGTGCCCTG-1	Ex
ACCGAATCAACGACAG-1	Ex
ACCGAATCATGGTAAA-1	Ex
ACCGAATGTAGGTGAC-1	Ex
ACCGAATTCATCGCCT-1	Ex
ACCGAATTCATTCTTG-1	Ex
ACCGAATTCCGCTATC-1	Ex
ACCGCAGAGTGAGCTG-1	Ex
ACCGCAGCAAGCTTTG-1	Ex
ACCGCAGCACGACGAA-1	Ex
ACCGCAGCAGCAACGA-1	Ex
ACCGCAGGTGAGGGTT-1	Ex
ACCGCAGGTTGTGAGG-1	Ex
ACCGCAGGTTTGACCA-1	Ex
ACCGCAGTCCCGAAGC-1	Ex
ACCGCAGTCCTATCAT-1	Ex
ACCGCAGTCGTTGTAG-1	Ex
ACCGCAGTCTGTTGCC-1	Ex
ACCGGGTAGAGAGTTT-1	Ex
ACCGGGTAGAGTAAGG-1	Ex
ACCGGGTCAAGGGAGG-1	Ex
ACCGGGTGTAGAGAGA-1	Ex
ACCGGGTGTTAACCAC-1	Ex
ACCGGGTGTTCGGGAA-1	Ex
ACCGGGTTCATTCTCA-1	Ex
ACCTGCTAGAAAGCAG-1	Ex
ACCTGCTAGACCAATA-1	Ex
ACCTGCTAGAGCTGTG-1	Ex
ACCTGCTAGGATTGCG-1	Ex
ACCTGCTAGTACTCTG-1	Ex
ACCTGCTAGTATACGA-1	Ex
ACCTGCTCAAGACTAA-1	Ex
ACCTGCTCAATTGTGC-1	Ex
ACCTGCTCATCCCAAA-1	Ex
ACCTGCTGTCAGCTTA-1	Ex
ACCTGCTTCCTCCCAA-1	Ex
ACGGATTAGCCTGGTC-1	Ex
ACGGATTCAAACGTTC-1	Ex
ACGGATTCAACTCGTA-1	Ex
ACGGATTCAGCAAACG-1	Ex
ACGGATTCAGTATACC-1	Ex
ACGGATTGTGCAGACA-1	Ex
ACGGATTTCAAACCCA-1	Ex
ACGGATTTCCGATGCG-1	Ex
ACGGATTTCCGTGCAG-1	Ex
ACGGATTTCCTGGGAC-1	Ex
ACGGATTTCGACGGAA-1	Ex
ACGGATTTCGCGATGC-1	Ex
ACGGATTTCTCTGACC-1	Ex
ACGTGGCAGATGCGCA-1	Ex
ACGTGGCAGGAAACTT-1	Ex
ACGTGGCCAAGTAATG-1	Ex
ACGTGGCGTCTGGTCG-1	Ex
ACGTGGCGTGACAAGC-1	Ex
ACGTGGCGTGCTTTGA-1	Ex
ACGTGGCGTGTGCTTA-1	Ex
ACGTGGCTCCGTACGG-1	Ex
ACGTGGCTCCTTTGCG-1	Ex
ACGTTAGAGAGGTCCA-1	Ex
ACGTTAGAGGTTGTTC-1	Ex
ACGTTAGCAAGCGTCC-1	Ex
ACGTTAGCATCGAGTT-1	Ex
ACGTTAGGTAGAGAGA-1	Ex
ACGTTAGGTTCAGTAC-1	Ex
ACTAACGAGACTCTTG-1	Ex
ACTAACGAGTGAAGGA-1	Ex
ACTAACGCACAGCCAC-1	Ex
ACTAACGCAGTAGTTC-1	Ex
ACTAACGCATCCCTTG-1	Ex
ACTAACGGTCGCTACG-1	Ex
ACTAACGTCATAGGTC-1	Ex
ACTACCCAGAATACTG-1	Ex
ACTACCCCACAGTTCA-1	Ex
ACTACCCCAGCGTCGT-1	Ex
ACTACCCGTGAATGGC-1	Ex
ACTACCCGTGAGAGTC-1	Ex
ACTACCCGTTAGGCTT-1	Ex
ACTACCCTCAAATGGA-1	Ex
ACTACCCTCACGATTG-1	Ex
ACTACCCTCATTCTCA-1	Ex
ACTACGAAGAAGACTT-1	Ex
ACTACGAAGGAAACTT-1	Ex
ACTACGAAGGCTAAAT-1	Ex
ACTACGAAGTCGACCC-1	Ex
ACTACGACAAACCGAG-1	Ex
ACTACGACAAAGGCCA-1	Ex
ACTACGACAACGCAAG-1	Ex
ACTACGACACGATATC-1	Ex
ACTACGACAGCAGGTA-1	Ex
ACTACGACATGATTGC-1	Ex
ACTACGAGTACGCAAG-1	Ex
ACTACGAGTCAACAGG-1	Ex
ACTACGAGTTGCCTGG-1	Ex
ACTACGATCTTCCAGC-1	Ex
ACTAGGTAGTAGTGTA-1	Ex
ACTAGGTAGTCTGGGA-1	Ex
ACTAGGTCAACCTCTC-1	Ex
ACTAGGTCAGATTTGC-1	Ex
ACTAGGTGTATCCCTC-1	Ex
ACTAGGTGTGCCCGAT-1	Ex
ACTAGGTGTGCGACCT-1	Ex
ACTAGGTGTGTGCTTA-1	Ex
ACTAGGTTCCGAGAGA-1	Ex
ACTATTCAGATCTCAC-1	Ex
ACTATTCCAAACCCTA-1	Ex
ACTATTCCATTACACG-1	Ex
ACTATTCGTATACGCT-1	Ex
ACTATTCGTATCACAC-1	Ex
ACTATTCGTGTTTCTT-1	Ex
ACTATTCTCGAGTTAC-1	Ex
ACTATTCTCGTGCTTC-1	Ex
ACTATTCTCTCGCGGA-1	Ex
ACTATTCTCTCTTAAC-1	Ex
ACTATTCTCTGACATG-1	Ex
ACTATTCTCTTAAGCG-1	Ex
ACTCGGGAGACCGCAA-1	Ex
ACTCGGGTCAGTCAAC-1	Ex
ACTCGGGTCGACGGAA-1	Ex
ACTCGGGTCGGGACAA-1	Ex
ACTCGGGTCGTGGGTC-1	Ex
ACTCGGGTCTCTGACC-1	Ex
ACTGCAAAGTTCCAGT-1	Ex
ACTGCAACAACAAACA-1	Ex
ACTGCAACAACGTAGG-1	Ex
ACTGCAACAAGCGAAC-1	Ex
ACTGCAACAGGACCTC-1	Ex
ACTGCAACATCACAAC-1	Ex
ACTGCAACATGACTGT-1	Ex
ACTGCAAGTCGTCGCA-1	Ex
ACTGCAATCACTAGGT-1	Ex
ACTGCAATCGGATAAA-1	Ex
ACTGCGGAGAAATTCG-1	Ex
ACTGCGGAGAGAAGCA-1	Ex
ACTGCGGAGGAACCGT-1	Ex
ACTGCGGAGGTCCTCG-1	Ex
ACTGCGGAGTAACATG-1	Ex
ACTGCGGAGTACGACG-1	Ex
ACTGCGGAGTAGCAAT-1	Ex
ACTGCGGAGTGCAACG-1	Ex
ACTGCGGCACAAACGG-1	Ex
ACTGCGGCAGAGCCAA-1	Ex
ACTGCGGGTAAAGGCC-1	Ex
ACTGCGGGTTACCCAA-1	Ex
ACTGCGGGTTGCTTGA-1	Ex
ACTGTCCAGCTTTCCC-1	Ex
ACTGTCCAGGCCTCTG-1	Ex
ACTGTCCCAACGTACT-1	Ex
ACTGTCCCAAGTCTGT-1	Ex
ACTGTCCCACTGGGCT-1	Ex
ACTGTCCCACTTTGGA-1	Ex
ACTGTCCCAGGTAGGT-1	Ex
ACTGTCCGTCAACTGT-1	Ex
ACTGTCCGTTAGTAGA-1	Ex
ACTGTCCGTTCCAGTA-1	Ex
ACTGTCCGTTGTGAGG-1	Ex
ACTGTCCTCAGGGTTT-1	Ex
ACTTCCGAGAGAGTAG-1	Ex
ACTTCCGAGCAGTAGC-1	Ex
ACTTCCGAGTACCACT-1	Ex
ACTTCCGAGTTGGAAT-1	Ex
ACTTCCGCACTCCTCA-1	Ex
ACTTCCGCACTTTGGA-1	Ex
ACTTCCGCATCAGAAA-1	Ex
ACTTCCGCATTCACCC-1	Ex
ACTTCCGGTATCATGC-1	Ex
ACTTCCGGTCTGGGCT-1	Ex
ACTTCCGGTGAGGTCA-1	Ex
ACTTCCGTCAAAGTAG-1	Ex
ACTTCCGTCATCATGG-1	Ex
ACTTCCGTCCACGCTT-1	Ex
ACTTTCAAGGAATGGA-1	Ex
ACTTTCAAGGACCGAT-1	Ex
ACTTTCAAGGTCGTTT-1	Ex
ACTTTCACAATTGGCT-1	Ex
ACTTTCACACTTGCGG-1	Ex
ACTTTCAGTAAGTCTC-1	Ex
ACTTTCATCCAAGTCA-1	Ex
ACTTTCATCCCGCAAG-1	Ex
ACTTTCATCTCATATC-1	Ex
ACTTTCATCTGATCTT-1	Ex
AGACAAAAGAAATGGG-1	Ex
AGACAAACAACTCGAT-1	Ex
AGACAAACAATTCAGC-1	Ex
AGACAAACATTCTTTG-1	Ex
AGACAAAGTCTAAGAA-1	Ex
AGACAAATCAGCCGGT-1	Ex
AGACAAATCGATAGCT-1	Ex
AGATAGAAGAAACGCC-1	Ex
AGATAGAAGAGGCCTA-1	Ex
AGATAGAAGGATGTCG-1	Ex
AGATAGAAGTTCCAGT-1	Ex
AGATAGACAGAGATGC-1	Ex
AGATAGACATCGGCCA-1	Ex
AGATAGAGTCTCGGGT-1	Ex
AGATAGAGTGATGCGA-1	Ex
AGATAGATCCAATCCC-1	Ex
AGATAGATCCGAGGAA-1	Ex
AGATAGATCCTAAAGC-1	Ex
AGATAGATCTGGGCGT-1	Ex
AGATTCGAGGCAGTGT-1	Ex
AGATTCGAGTCTTAGC-1	Ex
AGATTCGAGTGTCCCG-1	Ex
AGATTCGCAACCTCCT-1	Ex
AGATTCGCAATGACTC-1	Ex
AGATTCGCACGAACGA-1	Ex
AGATTCGCACGATATC-1	Ex
AGATTCGCACGGCCAT-1	Ex
AGATTCGCATCGACGC-1	Ex
AGATTCGGTACGGTTT-1	Ex
AGATTCGGTATTCTCT-1	Ex
AGATTCGTCGAGTTAC-1	Ex
AGATTCGTCGTGTGCG-1	Ex
AGCCAGCAGCCGCAAA-1	Ex
AGCCAGCAGGATTGAT-1	Ex
AGCCAGCCAAAGCTTC-1	Ex
AGCCAGCCAAGCGAAC-1	Ex
AGCCAGCGTCATTGGT-1	Ex
AGCCAGCTCGCTCTAC-1	Ex
AGCCCGAAGATGTTCC-1	Ex
AGCCCGAAGGAGTACC-1	Ex
AGCCCGAAGTAGCAAT-1	Ex
AGCCCGACACAAACGG-1	Ex
AGCCCGACACAGATGG-1	Ex
AGCCCGACAGGCTACC-1	Ex
AGCCCGACAGGTCCTG-1	Ex
AGCCCGACATCTCTCG-1	Ex
AGCCCGAGTTAGAGAT-1	Ex
AGCCCGATCACGTCAA-1	Ex
AGCCGCAAGCGTATCT-1	Ex
AGCCGCAAGGGTTCCC-1	Ex
AGCCGCAAGTGCACAG-1	Ex
AGCCGCACAGGCATCC-1	Ex
AGCCGCAGTACATGGG-1	Ex
AGCCGCAGTGAATGGC-1	Ex
AGCCGCAGTGGAAAGA-1	Ex
AGCCGCAGTGTCGTCG-1	Ex
AGCCGCAGTTTCACCC-1	Ex
AGCCGCAGTTTCTTAC-1	Ex
AGCCGCATCACAGGGA-1	Ex
AGCCGCATCACCCGGA-1	Ex
AGCCGCATCCCAGCGA-1	Ex
AGCCTCTAGCTAACAA-1	Ex
AGCCTCTAGTCATACC-1	Ex
AGCCTCTCAACTCGTA-1	Ex
AGCCTCTCAAGACACG-1	Ex
AGCCTCTCACCCTTTG-1	Ex
AGCCTCTCAGACTAAA-1	Ex
AGCCTCTCAGCAGGTA-1	Ex
AGCCTCTCATATTGGC-1	Ex
AGCCTCTGTACGGATG-1	Ex
AGCCTCTGTATGGATA-1	Ex
AGCCTCTTCCAGGCCA-1	Ex
AGCCTCTTCGTAGCGC-1	Ex
AGCCTGGCAAACCTAC-1	Ex
AGCCTGGCATAGTCCA-1	Ex
AGCCTGGGTAGTACAA-1	Ex
AGCCTGGGTATGTTCG-1	Ex
AGCCTGGGTGTCGTCG-1	Ex
AGCCTGGTCACTACCC-1	Ex
AGCCTGGTCATTGCCC-1	Ex
AGCCTGGTCGGGAAAC-1	Ex
AGCCTTCAGACAGCTG-1	Ex
AGCCTTCAGCGAATAT-1	Ex
AGCCTTCCAAATTGAG-1	Ex
AGCCTTCCAAGCAACG-1	Ex
AGCCTTCCACCACGAC-1	Ex
AGCCTTCGTCGCTAGC-1	Ex
AGCCTTCGTGTGTGTT-1	Ex
AGCCTTCTCTTAATCC-1	Ex
AGCGATTAGGAGACTC-1	Ex
AGCGATTAGTTTGGAA-1	Ex
AGCGATTCAAACCTAC-1	Ex
AGCGATTCAAATTCCG-1	Ex
AGCGATTCAACTTGGT-1	Ex
AGCGATTCAAGACACG-1	Ex
AGCGATTCATGGGACA-1	Ex
AGCGATTCATTATGGC-1	Ex
AGCGATTGTGGACCAA-1	Ex
AGCGATTTCTCCTTAA-1	Ex
AGCGATTTCTCTTAAC-1	Ex
AGCGATTTCTTACTCA-1	Ex
AGCGTATAGCTAACAA-1	Ex
AGCGTATAGTCTGTGT-1	Ex
AGCGTATCAAGATTAG-1	Ex
AGCGTATCAATTGCCA-1	Ex
AGCGTATGTTTGCCAA-1	Ex
AGCGTATTCAATTCCT-1	Ex
AGCGTATTCAGGCCGT-1	Ex
AGCGTATTCATGAACC-1	Ex
AGCGTATTCCCAATAG-1	Ex
AGCGTATTCCCGCAAG-1	Ex
AGCGTATTCGTCCCTA-1	Ex
AGCGTATTCTCCTTGG-1	Ex
AGCGTGCAGGTTTCTG-1	Ex
AGCGTGCCAATGACTC-1	Ex
AGCGTGCGTAACGGTG-1	Ex
AGCGTGCTCGCCAGAC-1	Ex
AGCGTGCTCGGTGATT-1	Ex
AGCGTGCTCTCCCTTT-1	Ex
AGCTATGAGAAATACC-1	Ex
AGCTATGAGCTGAGGT-1	Ex
AGCTATGAGTTATGAG-1	Ex
AGCTATGCAAGCAATA-1	Ex
AGCTATGCATGGGTGA-1	Ex
AGCTATGGTAGGGTTG-1	Ex
AGCTATGTCAAGAGGC-1	Ex
AGCTATGTCCTCTCTT-1	Ex
AGCTATGTCGACTCGG-1	Ex
AGCTGATAGAAAGCAG-1	Ex
AGCTGATAGAAATTCG-1	Ex
AGCTGATAGAGAGGTA-1	Ex
AGCTGATAGAGATTAC-1	Ex
AGCTGATAGAGCGGTT-1	Ex
AGCTGATAGGGACGTT-1	Ex
AGCTGATAGTACAGTA-1	Ex
AGCTGATAGTAGGAAG-1	Ex
AGCTGATCATTAGCCA-1	Ex
AGCTGATGTCGATAGG-1	Ex
AGCTGATGTCTGCACG-1	Ex
AGCTGATGTTCGGGAA-1	Ex
AGCTGGCAGACACAAT-1	Ex
AGCTGGCCAAACCTAC-1	Ex
AGCTGGCCAAATAGTG-1	Ex
AGCTGGCCAACTTGGT-1	Ex
AGCTGGCCAAGCGGTA-1	Ex
AGCTGGCCAATGCCAT-1	Ex
AGCTGGCCACTCCTCA-1	Ex
AGCTGGCCAGCAAACG-1	Ex
AGCTGGCCATCCCGGA-1	Ex
AGCTGGCCATTATGGC-1	Ex
AGCTGGCGTGCAACAG-1	Ex
AGCTGGCGTGGACAGT-1	Ex
AGCTGGCGTTAGCTCA-1	Ex
AGCTGGCTCGATGTGT-1	Ex
AGCTGGCTCGTCTTAT-1	Ex
AGCTGGCTCTGGCCAG-1	Ex
AGCTGTAAGGAACCGT-1	Ex
AGCTGTAAGGATTGCG-1	Ex
AGCTGTACAATTGTGC-1	Ex
AGCTGTAGTCCAAGTT-1	Ex
AGCTGTATCAAGAGAT-1	Ex
AGCTGTATCAGTAGTC-1	Ex
AGGACGAAGTGAGTTA-1	Ex
AGGACGACAGGTGTCC-1	Ex
AGGACGACATCACAAC-1	Ex
AGGACGACATTCGTCC-1	Ex
AGGACGAGTGTGTGTT-1	Ex
AGGACGATCTCTTCCT-1	Ex
AGGCCCAAGCAATAAC-1	Ex
AGGCCCAAGCACCATT-1	Ex
AGGCCCAAGTCACGCC-1	Ex
AGGCCCACAAATTCCG-1	Ex
AGGCCCACACAAGGGT-1	Ex
AGGCCCACACTGTTAG-1	Ex
AGGCCCAGTAAGGTCG-1	Ex
AGGCCCATCAACACGT-1	Ex
AGGCCCATCACATTCT-1	Ex
AGGCCCATCCTGGGAC-1	Ex
AGGCCTGCAACTCGAT-1	Ex
AGGCCTGCAACTCGTA-1	Ex
AGGCCTGCAGGAGCAT-1	Ex
AGGCCTGCATCGACGC-1	Ex
AGGCCTGCATCTCACC-1	Ex
AGGCCTGCATGGGAAC-1	Ex
AGGCCTGCATTAACGC-1	Ex
AGGCCTGGTACTATGC-1	Ex
AGGCCTGGTATCTCAG-1	Ex
AGGCCTGGTGACCAGA-1	Ex
AGGCCTGTCGTGGAAG-1	Ex
AGGCCTGTCTGGCACG-1	Ex
AGGCGAAAGAGGCCTA-1	Ex
AGGCGAAAGCTTACCA-1	Ex
AGGCGAAAGTACAACA-1	Ex
AGGCGAAAGTACCCAT-1	Ex
AGGCGAAAGTCCTTCC-1	Ex
AGGCGAAAGTGATATG-1	Ex
AGGCGAACATTCTCGC-1	Ex
AGGCGAATCCATCGAA-1	Ex
AGGCGAATCGAACACT-1	Ex
AGGCGAATCGCCCTTA-1	Ex
AGGCGAATCTAGCAAC-1	Ex
AGGCGAATCTCTTCTC-1	Ex
AGGCGTCAGCATACCT-1	Ex
AGGCGTCAGGGTAGTC-1	Ex
AGGCGTCCAGATGGCA-1	Ex
AGGCGTCCAGTAGGCA-1	Ex
AGGCGTCTCGTGAACT-1	Ex
AGTCAACAGAACCATA-1	Ex
AGTCAACAGACACTTC-1	Ex
AGTCAACAGGTTAACA-1	Ex
AGTCAACAGTACCACT-1	Ex
AGTCAACCACAGTTAC-1	Ex
AGTCAACCATATACGC-1	Ex
AGTCAACGTCTGGTTA-1	Ex
AGTCAACTCAAACCAC-1	Ex
AGTCAACTCAAGAGGC-1	Ex
AGTCAACTCCTGTAGA-1	Ex
AGTCCGGAGACACGGT-1	Ex
AGTCCGGAGACACTTC-1	Ex
AGTCCGGAGACCCATT-1	Ex
AGTCCGGAGCCTGTAT-1	Ex
AGTCCGGAGCGATACG-1	Ex
AGTCCGGAGCTCGTTA-1	Ex
AGTCCGGAGTACGACG-1	Ex
AGTCCGGAGTCAGCCC-1	Ex
AGTCCGGAGTCCCTCT-1	Ex
AGTCCGGAGTCGCCTG-1	Ex
AGTCCGGAGTGAGCAC-1	Ex
AGTCCGGAGTGCTGAG-1	Ex
AGTCCGGAGTGTCGCC-1	Ex
AGTCCGGAGTTCAGGG-1	Ex
AGTCCGGAGTTGGAAT-1	Ex
AGTCCGGCAAATGTCC-1	Ex
AGTCCGGCAAGTAATG-1	Ex
AGTCCGGCAATGCACT-1	Ex
AGTCCGGCACCCATCT-1	Ex
AGTCCGGCACGATATC-1	Ex
AGTCCGGCACTCAGCG-1	Ex
AGTCCGGCACTTATGG-1	Ex
AGTCCGGCAGAAGTGC-1	Ex
AGTCCGGCAGATTTGC-1	Ex
AGTCCGGCAGGTGGTA-1	Ex
AGTCCGGCATTAGCAC-1	Ex
AGTCCGGCATTAGCCA-1	Ex
AGTCCGGCATTCCCGT-1	Ex
AGTCCGGGTGGTTCTA-1	Ex
AGTCCGGGTGTGTGCC-1	Ex
AGTCCGGGTTAAGTCC-1	Ex
AGTGCCGAGAGAGTTT-1	Ex
AGTGCCGAGTGAGTTA-1	Ex
AGTGCCGAGTGATCTC-1	Ex
AGTGCCGTCGAGAACG-1	Ex
AGTGCCGTCGTCCCAT-1	Ex
AGTGCCGTCTGGACAT-1	Ex
AGTGCCGTCTGGCGCA-1	Ex
AGTGCGCAGCCCATTA-1	Ex
AGTGCGCCAAGCGTCC-1	Ex
AGTGCGCCAGGTGTCC-1	Ex
AGTGCGCGTAGTATCC-1	Ex
AGTGCGCGTCATAGCT-1	Ex
AGTGCGCGTCGCTAGC-1	Ex
AGTGCGCGTGCACCCA-1	Ex
AGTGCGCGTTCCTGTC-1	Ex
AGTGCGCGTTGAAGCG-1	Ex
AGTGCGCTCACGGGTC-1	Ex
AGTGCGCTCACTCGGG-1	Ex
AGTGCGCTCGAGGCTC-1	Ex
AGTGCGCTCTATCTTG-1	Ex
AGTGTACAGATTCCGT-1	Ex
AGTGTACAGTGATAAC-1	Ex
AGTGTACCAAGTCCTA-1	Ex
AGTGTACCAGCTATAC-1	Ex
AGTGTACGTAACCATC-1	Ex
AGTGTACGTCCGTGCA-1	Ex
AGTGTACGTGCCAAGA-1	Ex
AGTGTACTCGATATGC-1	Ex
AGTGTACTCGGGCTCA-1	Ex
AGTTACGAGAACCCGA-1	Ex
AGTTACGAGGTGAACC-1	Ex
AGTTACGCAAAGCTTC-1	Ex
AGTTACGGTGTGACCC-1	Ex
AGTTACGGTGTGTGTT-1	Ex
AGTTACGTCCAACGCG-1	Ex
AGTTTGGAGAAGAGTG-1	Ex
AGTTTGGAGACCCTAT-1	Ex
AGTTTGGAGAGGTGGG-1	Ex
AGTTTGGAGAGTGGAA-1	Ex
AGTTTGGAGGGATCCA-1	Ex
AGTTTGGAGGGCTTCC-1	Ex
AGTTTGGAGTCGAGCA-1	Ex
AGTTTGGCACGGTTAT-1	Ex
AGTTTGGCATCGACGC-1	Ex
AGTTTGGTCCATTGAG-1	Ex
AGTTTGGTCCGCCTAT-1	Ex
AGTTTGGTCCTCTCTT-1	Ex
AGTTTGGTCGGGAAAC-1	Ex
AGTTTGGTCTTCCACG-1	Ex
ATAGGCTAGATCGAGC-1	Ex
ATAGGCTAGTGCACAG-1	Ex
ATAGGCTCAACGTACT-1	Ex
ATAGGCTCACTCCTCA-1	Ex
ATAGGCTCAGAGTCGA-1	Ex
ATAGGCTGTAGGTCTT-1	Ex
ATAGGCTGTATGTTCG-1	Ex
ATAGGCTTCCAAGAGG-1	Ex
ATAGGCTTCTCTATTG-1	Ex
ATAGTCGAGAAACGCC-1	Ex
ATAGTCGAGTATGGGC-1	Ex
ATAGTCGCACAGTAGG-1	Ex
ATAGTCGTCAGGGTTT-1	Ex
ATAGTCGTCCGTGCAG-1	Ex
ATAGTCGTCGTGGGTC-1	Ex
ATATTCCAGGAGAACA-1	Ex
ATATTCCAGGGACGTT-1	Ex
ATATTCCAGGGTAGTC-1	Ex
ATATTCCAGGGTTCCC-1	Ex
ATATTCCAGTAGGAAG-1	Ex
ATATTCCAGTGATATG-1	Ex
ATATTCCAGTGTTCCA-1	Ex
ATATTCCCAGGCATCC-1	Ex
ATATTCCGTACGCAAG-1	Ex
ATATTCCGTCAACAGG-1	Ex
ATATTCCGTTGCCTGG-1	Ex
ATATTCCTCCCGGGTA-1	Ex
ATATTCCTCCTCAAGA-1	Ex
ATCCAGACAAACAGTA-1	Ex
ATCCAGACAATCACTG-1	Ex
ATCCAGACACGATATC-1	Ex
ATCCAGAGTATGGGTG-1	Ex
ATCCAGAGTGCCCAGT-1	Ex
ATCCCTGAGCAACGGT-1	Ex
ATCCCTGAGCCAGAAC-1	Ex
ATCCCTGCAATTCTCT-1	Ex
ATCCCTGCAGGTTATC-1	Ex
ATCCCTGGTAAGTGCG-1	Ex
ATCCCTGTCAAACCAC-1	Ex
ATCCCTGTCACTACCC-1	Ex
ATCCCTGTCATTCTTG-1	Ex
ATCCTCGAGAGCAGCT-1	Ex
ATCCTCGAGTAGGTCG-1	Ex
ATCCTCGAGTGAAGGA-1	Ex
ATCCTCGCAAAGCTTC-1	Ex
ATCCTCGCAAAGGCCA-1	Ex
ATCCTCGCAACAAACA-1	Ex
ATCCTCGCACACATTG-1	Ex
ATCCTCGGTAGCATGG-1	Ex
ATCCTCGTCTGGTACA-1	Ex
ATCCTGCAGCCGCTGT-1	Ex
ATCCTGCAGGGAGTTC-1	Ex
ATCCTGCAGGTTGTGG-1	Ex
ATCCTGCAGTGGACGT-1	Ex
ATCCTGCCAACCTCCT-1	Ex
ATCCTGCCAGCGTCGT-1	Ex
ATCCTGCCAGTAACCT-1	Ex
ATCCTGCGTAACGGCA-1	Ex
ATCCTGCGTAGCGAGT-1	Ex
ATCCTGCGTCAATACC-1	Ex
ATCCTGCGTGACAAGC-1	Ex
ATCCTGCTCCTGTGGG-1	Ex
ATCCTGCTCTTAATCC-1	Ex
ATCGAGTAGAACGTCG-1	Ex
ATCGAGTAGAACTCCT-1	Ex
ATCGAGTAGTAATCAG-1	Ex
ATCGAGTAGTGTCGCC-1	Ex
ATCGAGTCACAGCCAC-1	Ex
ATCGAGTCACGCTGTG-1	Ex
ATCGAGTCATAGACGG-1	Ex
ATCGAGTGTGAATGGC-1	Ex
ATCGAGTGTGCCCTAG-1	Ex
ATCGAGTGTTAGGCTT-1	Ex
ATCGAGTTCAGGAAGC-1	Ex
ATGCATGAGAGGAATG-1	Ex
ATGCATGAGCCTCGCA-1	Ex
ATGCATGCAGAGATGC-1	Ex
ATGCATGGTATTCACG-1	Ex
ATGCATGGTCAACGGA-1	Ex
ATGCATGGTCGAGAAC-1	Ex
ATGCATGTCAGGTCTA-1	Ex
ATGGATCAGGCGTCCT-1	Ex
ATGGATCAGGGTAATT-1	Ex
ATGGATCCAGGAGCAT-1	Ex
ATGGATCCATCGACGC-1	Ex
ATGGATCGTATGAAGT-1	Ex
ATGTACGAGCCTATAC-1	Ex
ATGTACGCAGATTAAG-1	Ex
ATGTACGCAGTCAGAG-1	Ex
ATGTACGCAGTTCGGC-1	Ex
ATGTACGCATACCCGG-1	Ex
ATGTACGGTACAAATG-1	Ex
ATGTACGGTGCACTTA-1	Ex
ATGTACGGTTAACTCG-1	Ex
ATGTACGGTTGGGAAC-1	Ex
ATGTACGTCTGGCGCA-1	Ex
ATGTCGAAGACCATAA-1	Ex
ATGTCGAAGACCTATC-1	Ex
ATGTCGAAGAGGCGGA-1	Ex
ATGTCGAAGGCGATTG-1	Ex
ATGTCGAAGGGTGTTG-1	Ex
ATGTCGAAGTTCAGGG-1	Ex
ATGTCGACAGCTTACA-1	Ex
ATGTCGACATACAACC-1	Ex
ATGTCGACATGCTATG-1	Ex
ATGTCGAGTACGGATG-1	Ex
ATGTCGAGTCCGCTTT-1	Ex
ATGTCGAGTCGCGCTA-1	Ex
ATGTCGAGTGGTTCTA-1	Ex
ATGTCGAGTTTCCACC-1	Ex
ATGTCGATCGACTATG-1	Ex
ATGTCGATCTATCTAC-1	Ex
ATGTCGATCTCGCGTT-1	Ex
ATGTCTTAGAATCAGT-1	Ex
ATGTCTTAGAGCAGCT-1	Ex
ATGTCTTAGAGCTGTG-1	Ex
ATGTCTTAGAGGCAGG-1	Ex
ATGTCTTAGGAGTACC-1	Ex
ATGTCTTAGGATTGCG-1	Ex
ATGTCTTAGTACAGTA-1	Ex
ATGTCTTAGTTCCCGG-1	Ex
ATGTCTTCAATGTAAG-1	Ex
ATGTCTTCAGCGCGTT-1	Ex
ATGTCTTTCGAGGTCC-1	Ex
ATGTCTTTCGCACAAT-1	Ex
ATGTCTTTCTTCATAC-1	Ex
ATGTTTCAGCATGTGG-1	Ex
ATGTTTCAGGTTCTCA-1	Ex
ATGTTTCAGTATACGA-1	Ex
ATGTTTCCAACGTACT-1	Ex
ATGTTTCCAAGTGGCA-1	Ex
ATGTTTCCACGCGCAT-1	Ex
ATGTTTCCACTTACAG-1	Ex
ATGTTTCCAGCGTGAA-1	Ex
ATGTTTCCATCATGTG-1	Ex
ATGTTTCCATTAGCCA-1	Ex
ATGTTTCCATTGTGAC-1	Ex
ATGTTTCGTCAACTAC-1	Ex
ATGTTTCGTCACAGTT-1	Ex
ATGTTTCTCACCACAA-1	Ex
ATGTTTCTCATTCTTG-1	Ex
ATGTTTCTCCAGTACA-1	Ex
ATGTTTCTCTGGTACA-1	Ex
ATTACCTCACCGAAAG-1	Ex
ATTACCTCACGCCGAT-1	Ex
ATTACCTCATTCGTCC-1	Ex
ATTACCTGTTAACCGT-1	Ex
ATTACCTGTTAAGGGC-1	Ex
ATTACCTTCACAACAC-1	Ex
ATTACCTTCAGTGTGT-1	Ex
ATTACCTTCCAGGGAA-1	Ex
ATTACCTTCCCTACGT-1	Ex
ATTACCTTCGGTACTA-1	Ex
ATTACTCAGATCTCAC-1	Ex
ATTACTCAGCACACCC-1	Ex
ATTACTCAGGTAGGCT-1	Ex
ATTACTCAGGTGATGC-1	Ex
ATTACTCAGTCGTGAG-1	Ex
ATTACTCCAAGTCCTA-1	Ex
ATTACTCCACAGCTTA-1	Ex
ATTACTCCACTGATTG-1	Ex
ATTACTCGTAAGCCGA-1	Ex
ATTACTCGTCACTCTC-1	Ex
ATTACTCGTCTGCGCA-1	Ex
ATTACTCGTGGTGGTA-1	Ex
ATTACTCGTGTAGGAC-1	Ex
ATTACTCGTTCTACCC-1	Ex
ATTACTCGTTTGTAGC-1	Ex
ATTACTCTCTCTGAGA-1	Ex
ATTCGTTAGAACGCCA-1	Ex
ATTCGTTAGTAGGTCG-1	Ex
ATTCGTTAGTTCGCGC-1	Ex
ATTCGTTCAGGCATTT-1	Ex
ATTCGTTCATGGCCCA-1	Ex
ATTCGTTGTAGCGTTT-1	Ex
ATTCGTTGTATGGTTC-1	Ex
ATTCGTTGTGCGCTCA-1	Ex
ATTCGTTGTGTACGCC-1	Ex
ATTCGTTTCCGAATTG-1	Ex
ATTGTCTAGCACACCC-1	Ex
ATTGTCTAGTTAGCGG-1	Ex
ATTGTCTCACCTTGTC-1	Ex
ATTGTCTCACTGTTAG-1	Ex
ATTGTCTGTAGACACG-1	Ex
ATTGTCTGTAGTCTGT-1	Ex
ATTGTCTGTCAGTGTT-1	Ex
ATTGTCTTCCATACGA-1	Ex
ATTGTCTTCGCGGCAT-1	Ex
ATTGTGGAGCTGCCAC-1	Ex
ATTGTGGAGGAGGCGA-1	Ex
ATTGTGGCAAATGTCC-1	Ex
ATTGTGGCAAGGATGC-1	Ex
ATTGTGGCACCTACCT-1	Ex
ATTGTGGCACGGCCAT-1	Ex
ATTGTGGCATCCCGGA-1	Ex
ATTGTGGGTACTAGAA-1	Ex
ATTGTGGGTGAATGTA-1	Ex
ATTGTGGTCGTCCCAT-1	Ex
ATTGTGGTCTCTTCCT-1	Ex
ATTTGTCAGGTTGTTC-1	Ex
ATTTGTCAGTGCAACG-1	Ex
ATTTGTCCAAGGAAGA-1	Ex
ATTTGTCCACACATGT-1	Ex
ATTTGTCGTCTCTGCT-1	Ex
ATTTGTCGTGGTAAGC-1	Ex
ATTTGTCGTTTAGAAG-1	Ex
ATTTGTCTCAGATACC-1	Ex
ATTTGTCTCGCCGAAC-1	Ex
ATTTGTCTCTTCCAGC-1	Ex
CAAAGCTAGATCGATA-1	Ex
CAAAGCTAGCGAGCTA-1	Ex
CAAAGCTAGTACCTCA-1	Ex
CAAAGCTAGTATGGGC-1	Ex
CAAAGCTCAACGGACA-1	Ex
CAAAGCTCATCGCCTT-1	Ex
CAAAGCTGTATCCTTT-1	Ex
CAAAGCTGTCAAATCC-1	Ex
CAAAGCTGTGTGAGGT-1	Ex
CAAAGCTGTTCTGAAC-1	Ex
CAAAGCTTCGGTCAGC-1	Ex
CAACCAAAGGCTTCGC-1	Ex
CAACCAAAGTCTAGAA-1	Ex
CAACCAACAGTAGTTC-1	Ex
CAACCAAGTGACCAGA-1	Ex
CAACCAAGTTTCTTAC-1	Ex
CAACCAATCAATTGGC-1	Ex
CAACCAATCACTCGGG-1	Ex
CAACCAATCCACGAGC-1	Ex
CAACCAATCCGCTATC-1	Ex
CAACCAATCCTCATTA-1	Ex
CAACCAATCCTTACGC-1	Ex
CAACCAATCGATGCAT-1	Ex
CAACCAATCGGATCGC-1	Ex
CAACCAATCGGGAAAC-1	Ex
CAACCAATCTAGTCGA-1	Ex
CAACCAATCTTTATCG-1	Ex
CAACGGCCACGCTAAT-1	Ex
CAACGGCCACTAGCCG-1	Ex
CAACGGCCATTGCACA-1	Ex
CAACGGCGTCACCGCA-1	Ex
CAACGGCGTTACTACG-1	Ex
CAACGGCTCCAATAGC-1	Ex
CAACGGCTCGACCCGA-1	Ex
CAACGGCTCGGTTCCT-1	Ex
CAACGTAAGACACGGT-1	Ex
CAACGTAAGACACTTC-1	Ex
CAACGTAAGTTCAGGG-1	Ex
CAACGTACAAGTTCGT-1	Ex
CAACGTACACAAGGGT-1	Ex
CAACGTACAGCAACAG-1	Ex
CAACGTACAGTATACC-1	Ex
CAACGTACATGGTAAA-1	Ex
CAACGTATCACTAGCA-1	Ex
CAAGAAAAGTCACGCC-1	Ex
CAAGAAAAGTCTGTGT-1	Ex
CAAGAAACAGTAACGG-1	Ex
CAAGAAACATGGTAAA-1	Ex
CAAGAAAGTAAACGGC-1	Ex
CAAGAAAGTACGCCCA-1	Ex
CAAGAAAGTATTCGCA-1	Ex
CAAGAAAGTGTCTCGG-1	Ex
CAAGAAAGTTACGGAG-1	Ex
CAAGAAATCCATCATT-1	Ex
CAAGAAATCGCACCTT-1	Ex
CAAGAAATCGTTCCGT-1	Ex
CAAGCTAAGGCAAGCT-1	Ex
CAAGCTACAAAGAGAG-1	Ex
CAAGCTACATGCCCTT-1	Ex
CAAGCTAGTAACTGAA-1	Ex
CAAGCTAGTCAACTGT-1	Ex
CAAGCTAGTGTGTGTT-1	Ex
CAAGCTATCGCTTCAC-1	Ex
CAAGCTATCTACATCT-1	Ex
CAAGGCCAGACGCCAA-1	Ex
CAAGGCCAGATGCGCA-1	Ex
CAAGGCCAGGATTGCG-1	Ex
CAAGGCCAGGCAATTA-1	Ex
CAAGGCCAGGCTAAAT-1	Ex
CAAGGCCCACTTATGG-1	Ex
CAAGGCCCATGGTTTG-1	Ex
CAAGGCCGTGCTTGAT-1	Ex
CAAGGCCGTTAACCGT-1	Ex
CAAGGCCGTTAAGGGC-1	Ex
CAAGGCCTCCTCCATG-1	Ex
CAAGGCCTCCTGGAAT-1	Ex
CAATCCCAGCAATAAC-1	Ex
CAATCCCAGCGTTGCC-1	Ex
CAATCCCAGGTACATA-1	Ex
CAATCCCCAAACGTTC-1	Ex
CAATCCCCACCTTGTC-1	Ex
CAATCCCCAGGTCTGC-1	Ex
CAATCCCCATCCGTGG-1	Ex
CAATCCCCATGCTATG-1	Ex
CAATCCCGTATGGTTC-1	Ex
CAATCCCGTCGCTAGC-1	Ex
CAATCCCGTGGACCAA-1	Ex
CAATCCCGTGTGTGTT-1	Ex
CAATCCCTCAAGAGGC-1	Ex
CACAACAAGATCTAAG-1	Ex
CACAACAAGGAAGACA-1	Ex
CACAACACAAATGCTC-1	Ex
CACAACACAGGCATCC-1	Ex
CACAACAGTCGCTAGC-1	Ex
CACAACAGTGAGTTGG-1	Ex
CACAACAGTGCAGACA-1	Ex
CACAACATCACTAGCA-1	Ex
CACAACATCCCATAGA-1	Ex
CACAACATCGAACCGC-1	Ex
CACAACATCGCGCCAA-1	Ex
CACAACATCGGGCTCA-1	Ex
CACAACATCTACTTTG-1	Ex
CACAGATAGACCTATC-1	Ex
CACAGATAGACTTGAA-1	Ex
CACAGATAGAGTTCGG-1	Ex
CACAGATAGCTTACCA-1	Ex
CACAGATAGGAACCGT-1	Ex
CACAGATAGGGTGTTG-1	Ex
CACAGATCATGCGACC-1	Ex
CACAGATGTGATGCTT-1	Ex
CACAGATTCTAGTCGA-1	Ex
CACAGATTCTTCGTTA-1	Ex
CACATGAAGAAATTCG-1	Ex
CACATGAAGAGATTAC-1	Ex
CACATGAAGGTTAACA-1	Ex
CACATGACAAGACTAA-1	Ex
CACATGACAATTGTGC-1	Ex
CACATGACACGCTAAT-1	Ex
CACATGAGTAACACTC-1	Ex
CACATGATCAGTCACA-1	Ex
CACATGATCGAGCGCT-1	Ex
CACATGATCGCAAGCC-1	Ex
CACATGATCGGTAGGA-1	Ex
CACCACTAGACTTCCA-1	Ex
CACCACTAGAGATTAC-1	Ex
CACCACTAGATGTTGA-1	Ex
CACCACTCAACTCGAT-1	Ex
CACCACTCAAGGCTTT-1	Ex
CACCACTCAATGAAAC-1	Ex
CACCACTCACTCGCAG-1	Ex
CACCACTCATACCCGG-1	Ex
CACCACTCATCGAGTT-1	Ex
CACCACTGTAGATTAG-1	Ex
CACCACTGTCGCGCTA-1	Ex
CACCACTGTCGCTACG-1	Ex
CACCACTGTGCCCTAG-1	Ex
CACCACTGTGGATTCT-1	Ex
CACCACTTCTCTTCCT-1	Ex
CACCTGTAGACCTATC-1	Ex
CACCTGTAGGGTCTGA-1	Ex
CACCTGTAGGTTGACG-1	Ex
CACCTGTAGTGTTCCA-1	Ex
CACCTGTCACAATAAG-1	Ex
CACCTGTCAGATTTGC-1	Ex
CACCTGTCAGCAACGA-1	Ex
CACCTGTGTAAGCCGA-1	Ex
CACCTGTGTCCAACCG-1	Ex
CACCTGTGTCTGGTCG-1	Ex
CACCTGTTCGACTCGG-1	Ex
CACCTTGAGCCAGAAC-1	Ex
CACCTTGAGTCGCCTG-1	Ex
CACCTTGCAAGCCCTG-1	Ex
CACCTTGCAGTGGTCC-1	Ex
CACCTTGGTACGAGAC-1	Ex
CACCTTGTCAGAATGA-1	Ex
CACCTTGTCCAGAATC-1	Ex
CACGTTCAGCCGCTGT-1	Ex
CACGTTCAGGCAGTAC-1	Ex
CACGTTCAGGGTTCTT-1	Ex
CACGTTCAGTTAGCGG-1	Ex
CACGTTCCAAAGAAGG-1	Ex
CACGTTCCAAGATGCG-1	Ex
CACGTTCCAATAGTGA-1	Ex
CACGTTCCAGTGCGTC-1	Ex
CACGTTCCATGGTTTG-1	Ex
CACGTTCTCACGATTG-1	Ex
CACGTTCTCGGTACTA-1	Ex
CACGTTCTCTCTGCAC-1	Ex
CACTAAGAGCAATAAC-1	Ex
CACTAAGAGGCAAGCT-1	Ex
CACTAAGAGTCCCTCT-1	Ex
CACTAAGAGTTCTCCC-1	Ex
CACTAAGCAAGGAACC-1	Ex
CACTAAGCAGGTCTGC-1	Ex
CACTAAGCATTCTTTG-1	Ex
CACTAAGGTCATAGAA-1	Ex
CACTAAGGTGGTAAGC-1	Ex
CACTAAGTCAATTGGC-1	Ex
CACTAAGTCCACGAGC-1	Ex
CACTAAGTCGATGCAT-1	Ex
CACTAAGTCTTTATCG-1	Ex
CACTGAACACGTTAGT-1	Ex
CACTGAACAGGACCTC-1	Ex
CACTGAATCCTGAAAC-1	Ex
CAGCCTTAGACACGGT-1	Ex
CAGCCTTAGACACTTC-1	Ex
CAGCCTTAGGTTCTCA-1	Ex
CAGCCTTAGTTCAGGG-1	Ex
CAGCCTTCAGGATGTG-1	Ex
CAGCCTTGTATCACAC-1	Ex
CAGCCTTGTCGATTAC-1	Ex
CAGCCTTGTGAGCTAG-1	Ex
CAGCCTTGTGCCCTAG-1	Ex
CAGCTAAAGAATCAGT-1	Ex
CAGCTAAAGCAGGACT-1	Ex
CAGCTAAAGCTATCCA-1	Ex
CAGCTAAAGGATGTAT-1	Ex
CAGCTAAAGGGCGAAG-1	Ex
CAGCTAAAGGTCTTGT-1	Ex
CAGCTAAAGTCCAGAG-1	Ex
CAGCTAACAGTGGTCC-1	Ex
CAGCTAAGTAACATAG-1	Ex
CAGCTAAGTATCTAGC-1	Ex
CAGCTAAGTCTGTGTA-1	Ex
CAGCTAAGTGCAGACA-1	Ex
CAGCTGGAGACGCCAA-1	Ex
CAGCTGGAGGGATCCA-1	Ex
CAGCTGGAGGTTAGTA-1	Ex
CAGCTGGCAATTGTGC-1	Ex
CAGCTGGCACTCGGAC-1	Ex
CAGCTGGCATGTAGAA-1	Ex
CAGCTGGCATTGTGAC-1	Ex
CAGCTGGGTAGACACG-1	Ex
CAGCTGGGTAGGGTTG-1	Ex
CAGCTGGGTAGTCTGT-1	Ex
CAGCTGGGTATCTAGC-1	Ex
CAGCTGGGTCAGTGTT-1	Ex
CAGCTGGGTCATCGTA-1	Ex
CAGCTGGGTGCACCCA-1	Ex
CAGCTGGGTTGTGACT-1	Ex
CAGCTGGGTTTCAGCA-1	Ex
CAGCTGGGTTTGGATC-1	Ex
CAGCTGGTCACCACAA-1	Ex
CAGCTGGTCCATCGAA-1	Ex
CAGCTGGTCGAGGTAG-1	Ex
CAGCTGGTCGTGATAC-1	Ex
CAGGATTAGATACCAA-1	Ex
CAGGATTAGTCTAGAA-1	Ex
CAGGATTGTCGTAATC-1	Ex
CAGGATTGTTAACTCG-1	Ex
CAGGATTGTTGGGAAC-1	Ex
CAGGATTTCCATGTTT-1	Ex
CAGGATTTCTGGCACG-1	Ex
CAGGGCTAGCCAGAAC-1	Ex
CAGGGCTCACGCGTTG-1	Ex
CAGGGCTCACTTACAG-1	Ex
CAGGGCTCATTGATGC-1	Ex
CAGGGCTGTCAACGGA-1	Ex
CAGGGCTGTCTGCGCA-1	Ex
CAGGGCTGTCTGGGAA-1	Ex
CAGGGCTTCGCGTGAC-1	Ex
CAGGGCTTCTTTATCG-1	Ex
CAGTATGAGTCCTTCC-1	Ex
CAGTATGAGTCTCTAG-1	Ex
CAGTATGCAATGTGTC-1	Ex
CAGTATGCAATTGTGC-1	Ex
CAGTATGCACATAAAG-1	Ex
CAGTATGCACTAAACC-1	Ex
CAGTATGCATAGCAGG-1	Ex
CAGTATGGTACGCAAG-1	Ex
CAGTATGGTCAACAGG-1	Ex
CAGTATGGTTGCCTGG-1	Ex
CAGTATGTCAAGAGAT-1	Ex
CAGTATGTCACTACCC-1	Ex
CAGTATGTCGAACCGC-1	Ex
CAGTATGTCGCTCTAC-1	Ex
CAGTGCGAGAAGCCTG-1	Ex
CAGTGCGAGATGCGAC-1	Ex
CAGTGCGCATGGCCCA-1	Ex
CAGTGCGGTAAAGCTA-1	Ex
CAGTGCGGTCCTTATT-1	Ex
CAGTGCGGTCGCTAGC-1	Ex
CAGTGCGGTGTGACCC-1	Ex
CAGTGCGGTGTGTGTT-1	Ex
CAGTGCGGTTACCACA-1	Ex
CAGTGCGTCTTAGTGG-1	Ex
CAGTGTAAGTATGCTC-1	Ex
CAGTGTACAACTCGAT-1	Ex
CAGTGTACACGAACGA-1	Ex
CAGTGTACATGATCGT-1	Ex
CAGTGTAGTGATGCTT-1	Ex
CAGTGTATCACGGGTC-1	Ex
CAGTGTATCATGAACC-1	Ex
CAGTGTATCCGCTCTA-1	Ex
CAGTGTATCGATGAAA-1	Ex
CAGTGTATCGTTACAG-1	Ex
CATAACGAGCGAGCTA-1	Ex
CATAACGAGGTTGTGG-1	Ex
CATAACGGTAAACCCT-1	Ex
CATAACGGTCAATCCA-1	Ex
CATAACGGTGAGCTAG-1	Ex
CATAACGGTGGACAGT-1	Ex
CATAACGGTTGGAGGT-1	Ex
CATAACGTCTTAAGCG-1	Ex
CATGCCTAGGCTGGAT-1	Ex
CATGCCTAGGTACATA-1	Ex
CATGCCTAGTTCGTTG-1	Ex
CATGCCTCATACCCGG-1	Ex
CATGCCTGTACGTAGG-1	Ex
CATGCCTGTCCGTGCA-1	Ex
CATGCCTGTCGGCTGT-1	Ex
CATGCCTTCAATTCCT-1	Ex
CATGTTTAGGGCTCTC-1	Ex
CATGTTTAGTTAGAGT-1	Ex
CATGTTTCACTGCTCT-1	Ex
CATGTTTCAGCAATGG-1	Ex
CATGTTTGTCCGTCGA-1	Ex
CATGTTTGTCTGGGCT-1	Ex
CATGTTTGTGGACTGA-1	Ex
CATGTTTTCACGATTG-1	Ex
CATGTTTTCCAAACCA-1	Ex
CATGTTTTCGGTTAGT-1	Ex
CATGTTTTCTGGGCGT-1	Ex
CATTCATAGCCTCGCA-1	Ex
CATTCATAGTCGTGAG-1	Ex
CATTCATAGTCTGTGT-1	Ex
CATTCATCATCACAAC-1	Ex
CATTCATCATTAAGGA-1	Ex
CATTCATGTACGACCC-1	Ex
CATTCATGTAGAATAC-1	Ex
CATTCATGTAGCATGG-1	Ex
CATTCATGTCGATAGG-1	Ex
CATTCATTCTGGCCAG-1	Ex
CATTCATTCTTATCAC-1	Ex
CATTCCGAGAACCATA-1	Ex
CATTCCGAGAAGCCGT-1	Ex
CATTCCGAGCTTCAAC-1	Ex
CATTCCGAGGTGAACC-1	Ex
CATTCCGCACAAACGG-1	Ex
CATTCCGCACCGTCTT-1	Ex
CATTCCGCAGAGATGC-1	Ex
CATTCCGGTAAACGAT-1	Ex
CATTCCGGTGATTCCA-1	Ex
CATTCCGGTGCACATT-1	Ex
CATTCCGGTTGGAGGT-1	Ex
CATTCCGTCGGTACTA-1	Ex
CATTCCGTCTATCCTA-1	Ex
CATTGGAAGACCAATA-1	Ex
CATTGGAAGAGCTGTG-1	Ex
CATTGGAAGAGGAAGT-1	Ex
CATTGGAAGTACCCAT-1	Ex
CATTGGAAGTACCTCA-1	Ex
CATTGGAAGTCCTTCC-1	Ex
CATTGGAAGTCGAAAT-1	Ex
CATTGGAAGTTGAATG-1	Ex
CATTGGACACTGTAAC-1	Ex
CATTGGATCCAAGTCA-1	Ex
CATTGGATCCGTGCGA-1	Ex
CATTGGATCTCTTAAC-1	Ex
CCAATGAAGCGCAATG-1	Ex
CCAATGAAGGGCTCTC-1	Ex
CCAATGAAGTTCAAGA-1	Ex
CCAATGACAGGCATCC-1	Ex
CCAATGATCACATCCC-1	Ex
CCAATGATCACTAGCA-1	Ex
CCAATGATCGCACCTT-1	Ex
CCACAGGAGAGCTACG-1	Ex
CCACAGGCAAGCAACG-1	Ex
CCACAGGCAAGTCCTA-1	Ex
CCACAGGGTACTTGAC-1	Ex
CCACAGGGTTCTTAGG-1	Ex
CCACAGGTCAACACGT-1	Ex
CCACAGGTCACTAGGT-1	Ex
CCACAGGTCCATAGGT-1	Ex
CCACAGGTCGCGCTGA-1	Ex
CCACAGGTCGTTCTAT-1	Ex
CCACAGGTCTGAGTCA-1	Ex
CCACAGGTCTGATCTT-1	Ex
CCACGTTAGACACTTC-1	Ex
CCACGTTAGAGAAGCA-1	Ex
CCACGTTAGTTCGCGC-1	Ex
CCACGTTCATGGCCGT-1	Ex
CCACGTTGTGCTGTGC-1	Ex
CCACGTTGTGTGTGCC-1	Ex
CCACGTTTCGGGCTCA-1	Ex
CCAGAATAGACTTCCA-1	Ex
CCAGAATAGGTGAACC-1	Ex
CCAGAATAGTCACGCC-1	Ex
CCAGAATAGTTGCCGC-1	Ex
CCAGAATCAAGGCGTA-1	Ex
CCAGAATCAGGCAAGT-1	Ex
CCAGAATGTCTGCACG-1	Ex
CCAGAATGTGCTTCCT-1	Ex
CCAGATAAGAACGTCG-1	Ex
CCAGATAAGACTAATG-1	Ex
CCAGATAAGTTGCGCC-1	Ex
CCAGATACAACTACTG-1	Ex
CCAGATACAAGACTTC-1	Ex
CCAGATACACTGTCAA-1	Ex
CCAGATACATAGTCCA-1	Ex
CCAGATACATGATTGC-1	Ex
CCAGATAGTCATAAGA-1	Ex
CCAGATATCGTCCCAT-1	Ex
CCATACCAGAGATTAC-1	Ex
CCATACCAGTCCAGAG-1	Ex
CCATACCCAAAGGTCG-1	Ex
CCATACCCAACAACTC-1	Ex
CCATACCCAAGGCTTT-1	Ex
CCATACCCAAGGTTCT-1	Ex
CCATACCCAGGTCCTG-1	Ex
CCATACCCATCAACTG-1	Ex
CCATACCGTCATGAGG-1	Ex
CCATACCGTTAACCGT-1	Ex
CCATACCGTTAAGGGC-1	Ex
CCATACCTCGCACCGA-1	Ex
CCCACATAGATTACGA-1	Ex
CCCACATAGCGTATCT-1	Ex
CCCACATCAATAGTGA-1	Ex
CCCACATCACAAGTGG-1	Ex
CCCACATCACAGCTTA-1	Ex
CCCACATCAGGTGGTA-1	Ex
CCCACATCAGTCAGCC-1	Ex
CCCACATGTACATGGG-1	Ex
CCCACATGTCACTCTC-1	Ex
CCCACATGTCGCTAGC-1	Ex
CCCACATGTGGCCTTG-1	Ex
CCCACATGTGTAGGAC-1	Ex
CCCACATGTTAGGAGC-1	Ex
CCCACATGTTTGTAGC-1	Ex
CCCACATTCAGGCGCT-1	Ex
CCCACATTCCGGACTG-1	Ex
CCCACATTCCTCCAGT-1	Ex
CCCACATTCCTTGACC-1	Ex
CCCACATTCTATCCTA-1	Ex
CCCAGAGAGCACACCC-1	Ex
CCCAGAGCAAACGTTC-1	Ex
CCCAGAGCAATCATCG-1	Ex
CCCAGAGCAATTAGGA-1	Ex
CCCAGAGCACTCGGAC-1	Ex
CCCAGAGCAGGACTGA-1	Ex
CCCAGAGCATGATCGT-1	Ex
CCCAGAGTCAAGGCAG-1	Ex
CCCAGAGTCATTCATC-1	Ex
CCCAGAGTCGGACGAA-1	Ex
CCCAGAGTCTATATCC-1	Ex
CCCGTTAAGACAGCTG-1	Ex
CCCGTTACAAATTGAG-1	Ex
CCCGTTACAACACGGA-1	Ex
CCCGTTACAAGGCTTT-1	Ex
CCCGTTACACACATGT-1	Ex
CCCGTTACACTCGGAC-1	Ex
CCCGTTATCCACGGCA-1	Ex
CCCTAACAGATCTAAG-1	Ex
CCCTAACAGCTACGCC-1	Ex
CCCTAACAGTGAGCAC-1	Ex
CCCTAACCAATTAGGA-1	Ex
CCCTAACCACGTGAAG-1	Ex
CCCTAACCAGCTATAC-1	Ex
CCCTAACGTCAGTGCC-1	Ex
CCCTAACGTGAATACA-1	Ex
CCCTAACGTGATAAGT-1	Ex
CCCTAACGTGCAAGCA-1	Ex
CCCTAACTCAAGGCCC-1	Ex
CCCTAACTCGCGATGC-1	Ex
CCCTAACTCTAGCTGA-1	Ex
CCCTAACTCTCGTAGA-1	Ex
CCCTAACTCTGATCCC-1	Ex
CCCTAGTAGACTCGGA-1	Ex
CCCTAGTAGCTATCCA-1	Ex
CCCTAGTAGGCTAAAT-1	Ex
CCCTAGTCAAATAGTG-1	Ex
CCCTAGTCAACGCACC-1	Ex
CCCTAGTCAACTCAAC-1	Ex
CCCTAGTCAAGGACCA-1	Ex
CCCTAGTCACTCGCAG-1	Ex
CCCTAGTCAGTGCGTC-1	Ex
CCCTAGTGTAACTGAA-1	Ex
CCCTAGTGTATTCTTC-1	Ex
CCCTAGTGTCAACTGT-1	Ex
CCCTAGTGTCTGGTCG-1	Ex
CCCTAGTGTGTTGTTG-1	Ex
CCCTAGTTCGCACCTT-1	Ex
CCCTAGTTCTACCCGT-1	Ex
CCCTAGTTCTCATCCG-1	Ex
CCCTCTCAGACCATAA-1	Ex
CCCTCTCAGCTGATTC-1	Ex
CCCTCTCCACAGTTCA-1	Ex
CCCTCTCCAGTTGCAT-1	Ex
CCCTCTCCATAGTCCA-1	Ex
CCCTCTCGTCACCGCA-1	Ex
CCCTCTCGTCAGCAAG-1	Ex
CCCTCTCGTGAGGTCA-1	Ex
CCCTCTCGTTCCGCGA-1	Ex
CCCTCTCTCAGTGTAC-1	Ex
CCCTCTCTCCGTTTCG-1	Ex
CCCTCTCTCCTAAGTG-1	Ex
CCCTCTCTCGCTAGTA-1	Ex
CCCTCTCTCTGGCACG-1	Ex
CCCTGATAGAGAGTTT-1	Ex
CCCTGATAGGCAAGCT-1	Ex
CCCTGATAGGGTCCCT-1	Ex
CCCTGATCAAGCCCTG-1	Ex
CCCTGATCACATTCTT-1	Ex
CCCTGATCACTACACA-1	Ex
CCCTGATCAGACTAAA-1	Ex
CCCTGATTCTATCTCA-1	Ex
CCCTGATTCTCGGCGA-1	Ex
CCGAAGCAGCGATACG-1	Ex
CCGAAGCAGTCCCTCT-1	Ex
CCGAAGCTCCAGAGAG-1	Ex
CCGAAGCTCCTGGAAT-1	Ex
CCGAAGCTCGGCTATA-1	Ex
CCGCATTAGATGTTGA-1	Ex
CCGCATTAGCTCGGCT-1	Ex
CCGCATTAGGATATCA-1	Ex
CCGCATTAGTACAACA-1	Ex
CCGCATTGTCCGAGCT-1	Ex
CCGCATTTCAAAGTAG-1	Ex
CCGCATTTCAACGTGT-1	Ex
CCGTACTAGCTCGGCT-1	Ex
CCGTACTAGGAAGAAC-1	Ex
CCGTACTAGGTCGTTT-1	Ex
CCGTACTAGTATACGA-1	Ex
CCGTACTAGTCTCGAT-1	Ex
CCGTACTAGTGCTCGC-1	Ex
CCGTACTCAAAGCTGG-1	Ex
CCGTACTCAAGCAGGT-1	Ex
CCGTACTCACTCAGCG-1	Ex
CCGTACTCAGCCGAAA-1	Ex
CCGTACTCATCGGCTG-1	Ex
CCGTACTCATTAGCCA-1	Ex
CCGTACTGTCCAAGAG-1	Ex
CCGTAGGAGACTAATG-1	Ex
CCGTAGGAGAGCTGTG-1	Ex
CCGTAGGAGCCATGGA-1	Ex
CCGTAGGAGGCATGCA-1	Ex
CCGTAGGCAGCTTACA-1	Ex
CCGTAGGCAGGAGCAT-1	Ex
CCGTAGGCATCGACGC-1	Ex
CCGTAGGGTGAAACAT-1	Ex
CCGTAGGGTGCTAGTT-1	Ex
CCGTGAGAGATTACGA-1	Ex
CCGTGAGAGGTTGTGG-1	Ex
CCGTGAGAGTTGCCGC-1	Ex
CCGTGAGCACACATGT-1	Ex
CCGTGAGCACCTTGTC-1	Ex
CCGTGAGCAGCGTGAA-1	Ex
CCGTGAGGTTCTACGA-1	Ex
CCGTGAGTCACTCGGG-1	Ex
CCGTGAGTCCGGGCAT-1	Ex
CCGTGAGTCGACGGAA-1	Ex
CCGTGAGTCGAGGCTC-1	Ex
CCGTGAGTCGGATCGC-1	Ex
CCGTGAGTCGGCAATT-1	Ex
CCGTGAGTCGGGAAAC-1	Ex
CCGTGAGTCGGTTCCT-1	Ex
CCGTGAGTCTATCTTG-1	Ex
CCGTGAGTCTTACGGA-1	Ex
CCTAAAGAGAAATTCG-1	Ex
CCTAAAGAGATCTAAG-1	Ex
CCTAAAGAGCATACCT-1	Ex
CCTAAAGAGGTCGTTT-1	Ex
CCTAAAGCAAGAGATT-1	Ex
CCTAAAGCAAGGCGTA-1	Ex
CCTAAAGCATAGGCGA-1	Ex
CCTAAAGCATCACAAC-1	Ex
CCTAAAGCATTGTGAC-1	Ex
CCTAAAGTCGACTATG-1	Ex
CCTAAAGTCTGTTTAC-1	Ex
CCTATTAAGAGAATTC-1	Ex
CCTATTAAGCTTACCA-1	Ex
CCTATTAAGGTTAGTA-1	Ex
CCTATTAAGTACGCGA-1	Ex
CCTATTAAGTAGGTCG-1	Ex
CCTATTAAGTCCAGAG-1	Ex
CCTATTAGTTGCAGCC-1	Ex
CCTATTAGTTTCGACA-1	Ex
CCTATTATCCACGAGC-1	Ex
CCTCCCTAGAGCACTG-1	Ex
CCTCCCTAGCGTGTTT-1	Ex
CCTCCCTAGGGATCCA-1	Ex
CCTCCCTCACCGTTGG-1	Ex
CCTCCCTCACGGTGTC-1	Ex
CCTCCCTCACTCGTGG-1	Ex
CCTCCCTGTAACTGAA-1	Ex
CCTCCCTGTAAGTCTC-1	Ex
CCTCCCTGTACTAGAA-1	Ex
CCTCCCTGTCAACTGT-1	Ex
CCTCCCTGTTACCCAA-1	Ex
CCTCCCTTCAACACGT-1	Ex
CCTCCCTTCACTAGGT-1	Ex
CCTCCCTTCAGCGGTC-1	Ex
CCTCCCTTCCATAGGT-1	Ex
CCTCCCTTCGCGCTGA-1	Ex
CCTCCCTTCGTCCCTA-1	Ex
CCTCCCTTCGTTCTAT-1	Ex
CCTCCCTTCTACTGCC-1	Ex
CCTCCCTTCTGAGTCA-1	Ex
CCTCCCTTCTGATCTT-1	Ex
CCTCCCTTCTTACGGA-1	Ex
CCTGCTAAGAAGCCTG-1	Ex
CCTGCTAAGAGCTGTG-1	Ex
CCTGCTAAGCCGCTGT-1	Ex
CCTGCTAAGCCTTTGA-1	Ex
CCTGCTAAGCTCCGGT-1	Ex
CCTGCTAAGGCTAAAT-1	Ex
CCTGCTACAAAGGTCG-1	Ex
CCTGCTACACAGGTAG-1	Ex
CCTGCTACACGGCCAT-1	Ex
CCTGCTACATACAACC-1	Ex
CCTGCTACATTGAACC-1	Ex
CCTGCTACATTGCGAT-1	Ex
CCTGCTAGTCTGGGCT-1	Ex
CCTGCTAGTTACCCAA-1	Ex
CCTGCTATCGATATGC-1	Ex
CCTGGGAAGATTCCGT-1	Ex
CCTGGGAAGTTCCAGT-1	Ex
CCTGGGACACTCGGAC-1	Ex
CCTGGGACACTTTGGA-1	Ex
CCTGGGACATGCGTTA-1	Ex
CCTGGGACATGTAGAA-1	Ex
CCTGGGAGTAACTGAA-1	Ex
CCTGGGAGTAGACGCA-1	Ex
CCTGGGAGTATCATGC-1	Ex
CCTGGGAGTCAACTGT-1	Ex
CCTGGGAGTCACAGTT-1	Ex
CCTGGGAGTCGCTAGC-1	Ex
CCTGGGAGTGCTTCCT-1	Ex
CCTGGGATCATACTTC-1	Ex
CCTGGGATCGGGATCC-1	Ex
CCTTAATAGCTCCATA-1	Ex
CCTTAATAGTACAGTA-1	Ex
CCTTAATAGTGCACAG-1	Ex
CCTTAATAGTGTTCCA-1	Ex
CCTTAATCAAAGAAGG-1	Ex
CCTTAATTCGCTTACC-1	Ex
CCTTAATTCGCTTGAA-1	Ex
CCTTAATTCTACTGCC-1	Ex
CCTTAATTCTCAGATG-1	Ex
CCTTAATTCTGCTACC-1	Ex
CCTTGCAAGCCTCGCA-1	Ex
CCTTGCAAGGTAAGTT-1	Ex
CCTTGCACAGGTAGGT-1	Ex
CCTTGCAGTAAGCCGA-1	Ex
CCTTGCAGTCAACTGT-1	Ex
CCTTGCAGTGGAAAGA-1	Ex
CCTTGCAGTTGTGAGG-1	Ex
CCTTGCAGTTTAAGGA-1	Ex
CCTTGGTAGAACTCCT-1	Ex
CCTTGGTAGACACAAT-1	Ex
CCTTGGTAGCGTATCT-1	Ex
CCTTGGTAGGCGTCCT-1	Ex
CCTTGGTAGGGTAATT-1	Ex
CCTTGGTAGTAGTGTA-1	Ex
CCTTGGTCAACCTCCT-1	Ex
CCTTGGTCACACATGT-1	Ex
CCTTGGTGTAGGTGAC-1	Ex
CCTTGGTGTTTAGGAA-1	Ex
CCTTGGTTCCTATCCG-1	Ex
CCTTGGTTCCTGTAGA-1	Ex
CCTTGGTTCGGATAGG-1	Ex
CCTTGGTTCTAGCAGT-1	Ex
CGAGTTAAGACGACTG-1	Ex
CGAGTTAAGGACTTTC-1	Ex
CGAGTTACATTGCGAT-1	Ex
CGAGTTAGTATACGCT-1	Ex
CGAGTTAGTATCATGC-1	Ex
CGAGTTAGTATGGATA-1	Ex
CGAGTTAGTCCGTAGC-1	Ex
CGAGTTAGTGAGTAAT-1	Ex
CGAGTTATCGCATAAC-1	Ex
CGATGATAGAATACTG-1	Ex
CGATGATAGACTCTTG-1	Ex
CGATGATAGTATACCC-1	Ex
CGATGATAGTGATAAC-1	Ex
CGATGATGTCTCTGGG-1	Ex
CGATGATGTTAGGCTT-1	Ex
CGATGATGTTCCTATT-1	Ex
CGATGATTCAAGGCAG-1	Ex
CGATGATTCAGCACGC-1	Ex
CGATGATTCTATATCC-1	Ex
CGCAATAAGCTGGAGT-1	Ex
CGCAATACAAGCAATA-1	Ex
CGCAATACAGCAACGA-1	Ex
CGCAATACATAGCCGC-1	Ex
CGCAATACATGTGAGG-1	Ex
CGCAATAGTACGCAAG-1	Ex
CGCAATAGTTTGACCA-1	Ex
CGCACAGAGCTCCGGT-1	Ex
CGCACAGCAAACCTAC-1	Ex
CGCACAGCAACTTGGT-1	Ex
CGCACAGCACAAACGG-1	Ex
CGCACAGCACTCCTCA-1	Ex
CGCACAGCATTGCGAT-1	Ex
CGCACAGTCCAGGGAA-1	Ex
CGCACAGTCGATTACG-1	Ex
CGCACAGTCGTGCTTC-1	Ex
CGCAGGTAGAAGCCTG-1	Ex
CGCAGGTAGCTCGTTA-1	Ex
CGCAGGTAGGCTAAAT-1	Ex
CGCAGGTAGTGTCGCC-1	Ex
CGCAGGTCAGCAACAG-1	Ex
CGCAGGTCAGCACATT-1	Ex
CGCAGGTGTAACGGAC-1	Ex
CGCAGGTGTGAGAGTC-1	Ex
CGCAGGTGTGCGTCCA-1	Ex
CGCAGGTGTGCTTGAT-1	Ex
CGCAGGTGTGTGAGGT-1	Ex
CGCAGGTGTTGGGAAC-1	Ex
CGCAGGTGTTTCCGGG-1	Ex
CGCAGGTTCAAGTTGC-1	Ex
CGCAGGTTCCACCTAC-1	Ex
CGCAGGTTCGTGGCGT-1	Ex
CGCGCAACAGCAACCC-1	Ex
CGCGCAACAGCGCGTT-1	Ex
CGCGCAACAGTTGCAT-1	Ex
CGCGCAACATTCTTTG-1	Ex
CGCGCAATCATGAACC-1	Ex
CGCGCAATCTAGCAGT-1	Ex
CGCGCAATCTCAGATG-1	Ex
CGCGCAATCTCGTGAA-1	Ex
CGCGCAATCTCTGCGT-1	Ex
CGCGCAATCTGAACGT-1	Ex
CGCTAGGAGCGATACG-1	Ex
CGCTAGGAGTACCCAT-1	Ex
CGCTAGGAGTACCTCA-1	Ex
CGCTAGGAGTCATACC-1	Ex
CGCTAGGAGTCGTACT-1	Ex
CGCTAGGAGTTGAATG-1	Ex
CGCTAGGCAGTAGTTC-1	Ex
CGCTAGGGTCATAGAA-1	Ex
CGCTAGGGTTAACCGT-1	Ex
CGCTAGGGTTAAGGGC-1	Ex
CGCTAGGTCTCGGCGA-1	Ex
CGCTATCCACAAACGG-1	Ex
CGCTATCCACACATGT-1	Ex
CGCTATCCACAGATGG-1	Ex
CGCTATCCACCGATCG-1	Ex
CGCTATCCACGCTGTG-1	Ex
CGCTATCCAGAGTCGA-1	Ex
CGCTATCCATCGTACA-1	Ex
CGCTATCGTATCTCAG-1	Ex
CGCTATCGTCAGGCTC-1	Ex
CGCTATCGTTTCTTAC-1	Ex
CGCTATCTCCTGGAAT-1	Ex
CGCTATCTCGAGTTAC-1	Ex
CGCTATCTCGTGCTTC-1	Ex
CGCTGGAAGATGGGAA-1	Ex
CGCTGGACACAAACGG-1	Ex
CGCTGGACATAGCAGG-1	Ex
CGCTGGACATGGTATC-1	Ex
CGCTGGAGTGTGCTTA-1	Ex
CGGACCAAGAAAGCAG-1	Ex
CGGACCAAGAGCTGTG-1	Ex
CGGACCAAGGATTGCG-1	Ex
CGGACCAAGTTGACAA-1	Ex
CGGACCACAACTACTG-1	Ex
CGGACCACAATCACTG-1	Ex
CGGACCACAATCAGGG-1	Ex
CGGACCACACAGGAAC-1	Ex
CGGACCACACAGTTCA-1	Ex
CGGACCACACGGCCAT-1	Ex
CGGACCACACTTATGG-1	Ex
CGGACCACAGAACGAC-1	Ex
CGGACCACAGCAATGG-1	Ex
CGGACCACATGGTTTG-1	Ex
CGGACCAGTTAACCGT-1	Ex
CGGACCAGTTAAGGGC-1	Ex
CGGACCATCGCGTTCT-1	Ex
CGGACCATCGGGATCC-1	Ex
CGGACTGAGCGGACTA-1	Ex
CGGACTGAGGGTTCCC-1	Ex
CGGACTGCAATGGCTT-1	Ex
CGGACTGCAGTAGTCT-1	Ex
CGGACTGCATCCGTGG-1	Ex
CGGACTGGTCATCGTA-1	Ex
CGGACTGGTGCATTCA-1	Ex
CGGACTGGTGCTTACA-1	Ex
CGGACTGTCATGAACC-1	Ex
CGGTGCACATTAAGGA-1	Ex
CGGTGCAGTAACTCCA-1	Ex
CGGTGCAGTTTGATCG-1	Ex
CGGTGCATCAGCGGTC-1	Ex
CGGTGCATCCGTCAAA-1	Ex
CGGTGCATCGAGGCTC-1	Ex
CGGTGCATCTAAGGTC-1	Ex
CGTAAACAGCGATACG-1	Ex
CGTAAACAGGCTAAAT-1	Ex
CGTAAACAGTGTCGCC-1	Ex
CGTAAACAGTTCAGGG-1	Ex
CGTAAACAGTTTGGAA-1	Ex
CGTAAACCAAGCCAGA-1	Ex
CGTAAACCACAAGTGG-1	Ex
CGTAAACCACTGATTG-1	Ex
CGTAAACCATGGGACA-1	Ex
CGTAAACGTAAACCCT-1	Ex
CGTAAACGTAGCTGTT-1	Ex
CGTAAACGTTAGCTCA-1	Ex
CGTAAACTCCCGAAGC-1	Ex
CGTAAACTCGACTCGG-1	Ex
CGTAAACTCTGGGCGT-1	Ex
CGTACAAAGAGCCTGA-1	Ex
CGTACAAAGCAACTGG-1	Ex
CGTACAAAGTAACATG-1	Ex
CGTACAAAGTCGTATC-1	Ex
CGTACAAAGTGCCCTG-1	Ex
CGTACAACAAGGAACC-1	Ex
CGTACAACAATCCATG-1	Ex
CGTACAACAATTCGTG-1	Ex
CGTACAACACAGGAAC-1	Ex
CGTACAACAGCCGAAA-1	Ex
CGTACAACAGCGTAGA-1	Ex
CGTACAACAGTTAAAG-1	Ex
CGTACAACATGGCCCA-1	Ex
CGTACAAGTACGACCC-1	Ex
CGTACAAGTACGTATC-1	Ex
CGTACAAGTAGAGAGA-1	Ex
CGTACAAGTCGATAGG-1	Ex
CGTACAAGTCTAAGAA-1	Ex
CGTACAAGTCTGGATT-1	Ex
CGTACAAGTCTGGGCT-1	Ex
CGTACAAGTGCGCTCA-1	Ex
CGTACAAGTTAGGAAT-1	Ex
CGTACAATCCGAGAGA-1	Ex
CGTACAATCGCTTACC-1	Ex
CGTACAATCGGGAAAC-1	Ex
CGTGGCACAGATAAGT-1	Ex
CGTGGCAGTACGCCCA-1	Ex
CGTGGCAGTAGTCCAT-1	Ex
CGTGGCAGTCAGACGA-1	Ex
CGTGGCAGTCTAAGAA-1	Ex
CGTGGCAGTGAGGTCA-1	Ex
CGTGGCAGTGTCTCGG-1	Ex
CGTGGCAGTTCCGGCA-1	Ex
CGTGGCAGTTCTGAGT-1	Ex
CGTGGCAGTTTAGAAG-1	Ex
CGTGGCATCAACTTGG-1	Ex
CGTGGCATCCATTGAG-1	Ex
CGTGGCATCGTTTGAG-1	Ex
CGTTCCAAGCAATGTA-1	Ex
CGTTCCAAGGGTAGTC-1	Ex
CGTTCCAAGTACAGTA-1	Ex
CGTTCCAAGTCTGTGT-1	Ex
CGTTCCACATGCCTTC-1	Ex
CGTTCCACATTGCACA-1	Ex
CGTTCCAGTAGACGCA-1	Ex
CGTTCCAGTCAGACGA-1	Ex
CGTTCCAGTCGCTAGC-1	Ex
CGTTCCAGTCTGTCCT-1	Ex
CGTTCCAGTGAGTAAT-1	Ex
CGTTCCATCGGATCGC-1	Ex
CGTTCCATCGGGATCC-1	Ex
CGTTCCATCTGAAAGA-1	Ex
CTAACTTAGACCCATT-1	Ex
CTAACTTAGCAGGAGG-1	Ex
CTAACTTAGTAGAAGG-1	Ex
CTAACTTCACAAACGG-1	Ex
CTAACTTCACTAGCCG-1	Ex
CTAACTTGTAGACGCA-1	Ex
CTAACTTGTGAATCGG-1	Ex
CTAACTTTCAATTGGC-1	Ex
CTAACTTTCCAGAGAG-1	Ex
CTAACTTTCGGTCTAA-1	Ex
CTAACTTTCTGATCCC-1	Ex
CTACAGACACGCCGAT-1	Ex
CTACAGACATAAAGTG-1	Ex
CTACAGACATGGGACA-1	Ex
CTACAGATCGCCAGAC-1	Ex
CTACAGATCGTCCCTA-1	Ex
CTACAGATCTACATCT-1	Ex
CTACAGATCTGCTACC-1	Ex
CTACAGATCTGGTACA-1	Ex
CTACTTAAGCTAGTTC-1	Ex
CTACTTAAGGACTAGC-1	Ex
CTACTTAAGGACTTTC-1	Ex
CTACTTACACCTGTGG-1	Ex
CTACTTACACGCCGAT-1	Ex
CTACTTACACGTTACA-1	Ex
CTACTTAGTAGAGAGA-1	Ex
CTACTTAGTCATAAGA-1	Ex
CTACTTAGTGCCCAGT-1	Ex
CTACTTAGTTAGCTCA-1	Ex
CTACTTAGTTCTACGA-1	Ex
CTACTTATCCCTAAAG-1	Ex
CTACTTATCGCCTTAC-1	Ex
CTACTTATCTAAGGTC-1	Ex
CTAGCGGAGAACAGGA-1	Ex
CTAGCGGAGCTATCGT-1	Ex
CTAGCGGCAATTCAGC-1	Ex
CTAGCGGCACATGATC-1	Ex
CTAGCGGGTCCAACCG-1	Ex
CTAGCGGGTGAGCTAG-1	Ex
CTAGCGGGTGAGTAAT-1	Ex
CTAGCGGGTGTCCTTC-1	Ex
CTAGGATAGATGTTGA-1	Ex
CTAGGATCAAGTCTGT-1	Ex
CTAGGATCAATTGTGC-1	Ex
CTAGGATCACAGTAGG-1	Ex
CTAGGATCAGTAACGG-1	Ex
CTAGGATGTGTGTGTT-1	Ex
CTAGGATGTTTCGATG-1	Ex
CTAGGATTCAGTGTGT-1	Ex
CTAGGGCAGCGGACTA-1	Ex
CTAGGGCAGGCCAGTA-1	Ex
CTAGGGCAGTGGTGTG-1	Ex
CTAGGGCCAAGATGCG-1	Ex
CTAGGGCCAAGTTGCT-1	Ex
CTAGGGCCAATCACTG-1	Ex
CTAGGGCCACGTACAT-1	Ex
CTAGGGCCACGTGAAG-1	Ex
CTAGGGCCACTTATGG-1	Ex
CTAGGGCCATGCTATG-1	Ex
CTAGGGCCATGGTTTG-1	Ex
CTAGGGCCATGTCCCT-1	Ex
CTAGGGCCATTTGGCA-1	Ex
CTAGGGCTCGGTCTCT-1	Ex
CTCAACCAGACCTATC-1	Ex
CTCAACCAGATTACGA-1	Ex
CTCAACCAGCTAACAA-1	Ex
CTCAACCAGTCTGCTA-1	Ex
CTCAACCAGTTCGACT-1	Ex
CTCAACCCAAGGTCGA-1	Ex
CTCAACCCAATAGTGA-1	Ex
CTCAACCCATGGATGG-1	Ex
CTCAACCGTAAAGGCC-1	Ex
CTCAACCGTCCTTCAC-1	Ex
CTCAACCGTCGCTAGC-1	Ex
CTCAACCGTCTGGGCT-1	Ex
CTCAACCGTGGCCTTG-1	Ex
CTCAACCGTTAACCAC-1	Ex
CTCAACCTCAGTTGAC-1	Ex
CTCAACCTCTCCTTAA-1	Ex
CTCAACCTCTGCTACC-1	Ex
CTCACCAAGGTCTTTG-1	Ex
CTCACCAAGTGCACAG-1	Ex
CTCACCACACTAAACC-1	Ex
CTCACCAGTCAGGTGA-1	Ex
CTCACCAGTCGAGGTA-1	Ex
CTCACCAGTCGCTAGC-1	Ex
CTCACCAGTCTCTGGG-1	Ex
CTCACCAGTGATAACA-1	Ex
CTCACCATCACCACAA-1	Ex
CTCACCATCAGGCCGT-1	Ex
CTCACCATCGGAAAGC-1	Ex
CTCACCATCTAGCTGA-1	Ex
CTCAGAAAGAACGTCG-1	Ex
CTCAGAAAGGAAGACA-1	Ex
CTCAGAAAGGTACATA-1	Ex
CTCAGAACAATGACTC-1	Ex
CTCAGAACACTCGGAC-1	Ex
CTCAGAACAGACCTGC-1	Ex
CTCAGAAGTACTATGC-1	Ex
CTCAGAAGTAGTTTGC-1	Ex
CTCAGAAGTCAGACGA-1	Ex
CTCAGAAGTCGAGGAT-1	Ex
CTCAGAAGTGAGGTCA-1	Ex
CTCAGAAGTTGGAGGT-1	Ex
CTCAGAATCCCAGCGA-1	Ex
CTCAGAATCTTGTACT-1	Ex
CTCAGCTAGAGTAAGG-1	Ex
CTCAGCTAGGAACCGT-1	Ex
CTCAGCTCACTTACAG-1	Ex
CTCAGCTGTCAGGCTC-1	Ex
CTCAGCTGTCATCGTA-1	Ex
CTCAGCTGTCATGAGG-1	Ex
CTCAGCTGTTAGTAGA-1	Ex
CTCAGCTTCTTGGCCT-1	Ex
CTCATGCCACGCGATC-1	Ex
CTCATGCCAGTAACCT-1	Ex
CTCATGCCATGGCCTG-1	Ex
CTCATGCTCCATCATT-1	Ex
CTCATGCTCGAGAACG-1	Ex
CTCATGCTCGCAAGCC-1	Ex
CTCATGCTCGCTATTT-1	Ex
CTCATGCTCGTCCCAT-1	Ex
CTCATGCTCTGAAAGA-1	Ex
CTCCCAAAGCGCAATG-1	Ex
CTCCCAAAGGTTACAA-1	Ex
CTCCCAAGTCAAATCC-1	Ex
CTCCCAAGTCATGAGG-1	Ex
CTCCCAAGTGTCCAGC-1	Ex
CTCCCAAGTTCATTTC-1	Ex
CTCCCAAGTTTGAAGA-1	Ex
CTCCCAATCTTGTCGC-1	Ex
CTCGCTAAGGCGCTTC-1	Ex
CTCGCTAAGGGTCTGA-1	Ex
CTCGCTAAGGTCTTGT-1	Ex
CTCGCTAAGTATACGA-1	Ex
CTCGCTAGTAATGCCT-1	Ex
CTCGCTAGTACCCATA-1	Ex
CTCGCTAGTACGAGAC-1	Ex
CTCGCTAGTAGCGTTT-1	Ex
CTCGCTAGTAGGTAAT-1	Ex
CTCGCTAGTCAGACGA-1	Ex
CTCGCTAGTCGAGGAT-1	Ex
CTCGCTAGTCTGTTGA-1	Ex
CTCGCTAGTGAGGTCA-1	Ex
CTCGCTAGTGTCCCAG-1	Ex
CTCGCTAGTTACACTG-1	Ex
CTCGCTAGTTGGAGGT-1	Ex
CTCGCTATCCCATAGA-1	Ex
CTCGCTATCGGCATAT-1	Ex
CTCGCTATCTGAAAGA-1	Ex
CTCTACGAGCGCATTT-1	Ex
CTCTACGAGGGTTCTT-1	Ex
CTCTACGAGTGAAGGA-1	Ex
CTCTACGAGTTCAAGA-1	Ex
CTCTACGCACAGTAGG-1	Ex
CTCTACGCAGAGCCAA-1	Ex
CTCTACGGTATTCGCA-1	Ex
CTCTACGTCCATGACA-1	Ex
CTCTACGTCGCGTTCT-1	Ex
CTCTACGTCTTCATAC-1	Ex
CTCTAGCAGCTGAATA-1	Ex
CTCTAGCAGGAAGACA-1	Ex
CTCTAGCCAAATGTCC-1	Ex
CTCTAGCCACAGGAAC-1	Ex
CTCTAGCCACCTACCT-1	Ex
CTCTAGCCACTCCACT-1	Ex
CTCTAGCCAGCAGGTA-1	Ex
CTCTAGCGTCAAGACG-1	Ex
CTCTAGCTCCCACGGA-1	Ex
CTCTAGCTCTATTGTC-1	Ex
CTCTCAGAGGGACGTT-1	Ex
CTCTCAGTCAGCCGGT-1	Ex
CTCTCAGTCGGGACAA-1	Ex
CTCTCAGTCTCGCGGA-1	Ex
CTCTCGAAGGGTAGTC-1	Ex
CTCTCGAAGGTTCTCA-1	Ex
CTCTCGACAATAGCGG-1	Ex
CTCTCGACACTCGGAC-1	Ex
CTCTCGACAGCAACCC-1	Ex
CTCTCGACATGGGAAC-1	Ex
CTCTCGACATGTAGAA-1	Ex
CTCTCGAGTCTGTTGA-1	Ex
CTCTCGAGTGCAAGAC-1	Ex
CTCTCGAGTGTCCAGC-1	Ex
CTCTCGAGTTCTTATC-1	Ex
CTCTCGATCTTAGTGG-1	Ex
CTGAATGAGCGCAATG-1	Ex
CTGAATGAGGTTCGAG-1	Ex
CTGAATGAGGTTTCTG-1	Ex
CTGAATGAGTACGCGA-1	Ex
CTGAATGAGTGTCGCC-1	Ex
CTGAATGCATAGCAGG-1	Ex
CTGAATGGTACCAAGG-1	Ex
CTGAATGGTCCCGAGT-1	Ex
CTGAATGGTTCGGGAA-1	Ex
CTGAATGTCCTAGAGT-1	Ex
CTGCGTTCACTCCACT-1	Ex
CTGCGTTCAGTAACTC-1	Ex
CTGCGTTGTCTGGTCG-1	Ex
CTGCGTTGTGAATCGG-1	Ex
CTGCGTTGTGCATTCA-1	Ex
CTGCGTTGTGTTAGAA-1	Ex
CTGCTCAAGCACACCC-1	Ex
CTGCTCAAGTAATCAG-1	Ex
CTGCTCAAGTGCTGAG-1	Ex
CTGCTCAGTATCTCAG-1	Ex
CTGCTCATCACAGGGA-1	Ex
CTGCTCATCGCTACCT-1	Ex
CTGCTCATCTCCCTTT-1	Ex
CTGGCAGAGACCCATT-1	Ex
CTGGCAGAGCTGCCAC-1	Ex
CTGGCAGAGGCGTAGT-1	Ex
CTGGCAGCAACTCCCT-1	Ex
CTGGCAGCACAGAAGC-1	Ex
CTGGCAGCACCAAGGA-1	Ex
CTGGCAGGTACCTATG-1	Ex
CTGGCAGGTGCTTCCT-1	Ex
CTGGCAGGTGGCATAG-1	Ex
CTGGCAGGTTCCAGTA-1	Ex
CTGGCAGGTTCCGCGA-1	Ex
CTGGCAGTCCATGACA-1	Ex
CTGGCAGTCTCAGATG-1	Ex
CTGGCAGTCTCCCTTT-1	Ex
CTGGCAGTCTCTGAGA-1	Ex
CTGGCAGTCTTCTTCC-1	Ex
CTGGGACAGAACGTTA-1	Ex
CTGGGACAGTTAGAGT-1	Ex
CTGGGACCAAATTCCG-1	Ex
CTGGGACCACCTACCT-1	Ex
CTGGGACCACTCAAGT-1	Ex
CTGGGACCACTCGGAC-1	Ex
CTGGGACCAGACCTGC-1	Ex
CTGGGACCAGTCAGCC-1	Ex
CTGGGACGTATTCTTC-1	Ex
CTGGGACGTCATCGTA-1	Ex
CTGGGACGTTGTGACT-1	Ex
CTGTATTAGCGATACG-1	Ex
CTGTATTAGGCTTTAC-1	Ex
CTGTATTAGGGAAGCG-1	Ex
CTGTATTAGTCACACT-1	Ex
CTGTATTAGTGAATAC-1	Ex
CTGTATTAGTGTCGCC-1	Ex
CTGTATTAGTTCAGGG-1	Ex
CTGTATTCAAATGTCC-1	Ex
CTGTATTCAAGTAATG-1	Ex
CTGTATTCAATGCACT-1	Ex
CTGTATTCACAGTAGG-1	Ex
CTGTATTCACCCATCT-1	Ex
CTGTATTCACTTATGG-1	Ex
CTGTATTCATTAGCAC-1	Ex
CTGTATTGTCACTCTC-1	Ex
CTGTATTGTCAGGCTC-1	Ex
CTGTATTGTCCTTATT-1	Ex
CTGTATTGTGCAAGAC-1	Ex
CTGTATTGTGCAGACA-1	Ex
CTGTATTGTGCGTGTC-1	Ex
CTGTATTGTGTAGGAC-1	Ex
CTGTATTGTGTCCAGC-1	Ex
CTGTATTGTTCTTATC-1	Ex
CTGTATTGTTTGTAGC-1	Ex
CTGTATTTCGCGTTCT-1	Ex
CTGTATTTCTATACCT-1	Ex
CTGTTCGAGAGCCTGA-1	Ex
CTGTTCGAGTGCCCTG-1	Ex
CTGTTCGCAAACCGAG-1	Ex
CTGTTCGCAAAGGCCA-1	Ex
CTGTTCGCAAGCACTT-1	Ex
CTGTTCGCAAGGAACC-1	Ex
CTGTTCGCAAGGCGTA-1	Ex
CTGTTCGCACATATCG-1	Ex
CTGTTCGCACCGAATT-1	Ex
CTGTTCGCAGCCGAAA-1	Ex
CTGTTCGCAGCGTAGA-1	Ex
CTGTTCGCAGCTTACA-1	Ex
CTGTTCGCAGTCCTGG-1	Ex
CTGTTCGCAGTTAAAG-1	Ex
CTGTTCGCATAGGCGA-1	Ex
CTGTTCGCATGATTGC-1	Ex
CTGTTCGTCAGAATGA-1	Ex
CTGTTCGTCCAGGTAT-1	Ex
CTGTTCGTCTCCTTAA-1	Ex
CTGTTCGTCTGTAGAC-1	Ex
CTTAATCAGAGCCTGA-1	Ex
CTTAATCCACTAGCCG-1	Ex
CTTAATCGTCGCTAGC-1	Ex
CTTAATCGTGTGACCC-1	Ex
CTTAATCGTGTGTGTT-1	Ex
CTTAATCGTTCCCAAA-1	Ex
CTTAATCTCAATGCAC-1	Ex
CTTAATCTCAGGTTTG-1	Ex
CTTAATCTCGCAGATT-1	Ex
CTTCCAGAGGAGTCTG-1	Ex
CTTCCAGAGGGCTTCC-1	Ex
CTTCCAGAGGTTGTGG-1	Ex
CTTCCAGGTAAGTCTC-1	Ex
CTTCCAGGTGTGAGGT-1	Ex
CTTCCAGTCAGCCGGT-1	Ex
CTTCCAGTCGACTTAG-1	Ex
CTTCCAGTCGATATGC-1	Ex
CTTCTAAAGTAGAAGG-1	Ex
CTTCTAAAGTCAGGAC-1	Ex
CTTCTAACACGCGACT-1	Ex
CTTCTAACACGTTGTA-1	Ex
CTTCTAAGTATTTGCG-1	Ex
CTTCTAAGTCGAGAAC-1	Ex
CTTGAAGAGAGCCTGA-1	Ex
CTTGAAGAGCCATTCA-1	Ex
CTTGAAGCAAAGAAGG-1	Ex
CTTGAAGCAAGCGAAC-1	Ex
CTTGAAGCAATCACTG-1	Ex
CTTGAAGCACCTTGTC-1	Ex
CTTGAAGCACTTATGG-1	Ex
CTTGAAGCAGAACGAC-1	Ex
CTTGAAGCAGGACCTC-1	Ex
CTTGAAGCATGGTTTG-1	Ex
CTTGAAGGTCATCGTA-1	Ex
CTTGAAGTCAACGTGT-1	Ex
CTTGAAGTCAGTACAC-1	Ex
CTTGAAGTCCAGGTAT-1	Ex
CTTGAAGTCTGCCGAG-1	Ex
CTTGCCAAGGGTGTTG-1	Ex
CTTGCCACAACATAAG-1	Ex
CTTGCCACAAGCCCTG-1	Ex
CTTGCCACAATTGTGC-1	Ex
CTTGCCACACCTGTGG-1	Ex
CTTGCCAGTCAGACGA-1	Ex
CTTGCCAGTCAGCTTA-1	Ex
CTTGCCAGTGAGGTCA-1	Ex
CTTGCCATCAACTTGG-1	Ex
CTTGCTGAGATCTAAG-1	Ex
CTTGCTGAGCGTCAAG-1	Ex
CTTGCTGCAAGGCTTT-1	Ex
CTTGCTGCACATATCG-1	Ex
CTTGCTGCACCTGGTG-1	Ex
CTTGCTGCACTCCACT-1	Ex
CTTGCTGCACTCGGAC-1	Ex
CTTGCTGCACTGGGCT-1	Ex
CTTGCTGCAGACCTGC-1	Ex
CTTGCTGCATGCCTTC-1	Ex
CTTGCTGGTAAACCCT-1	Ex
CTTGCTGGTCAATACC-1	Ex
CTTGCTGGTCCGTAGC-1	Ex
CTTGCTGGTCGAGGTA-1	Ex
CTTGCTGGTCGCTAGC-1	Ex
CTTGCTGGTCTCTGGG-1	Ex
CTTGCTGGTGACCAGA-1	Ex
CTTGCTGGTTACGCTA-1	Ex
CTTGCTGGTTACGGAG-1	Ex
CTTGCTGTCGCTCGGA-1	Ex
CTTGCTGTCGTCCCAT-1	Ex
CTTGCTGTCTGTTTAC-1	Ex
CTTGTCGAGAAATACC-1	Ex
CTTGTCGAGGTCGTTT-1	Ex
CTTGTCGGTATTGTCG-1	Ex
CTTGTCGGTGCTTTGA-1	Ex
CTTGTCGGTGGAGTGT-1	Ex
CTTGTCGTCATTCTTG-1	Ex
CTTGTCGTCCGTTTCG-1	Ex
CTTGTCGTCCTGAAAC-1	Ex
CTTGTCGTCTGTGTCC-1	Ex
CTTTGCGAGCGAGAAA-1	Ex
CTTTGCGAGGTCACTT-1	Ex
CTTTGCGCAAAGGAAG-1	Ex
CTTTGCGCACCACGAC-1	Ex
CTTTGCGCATCTCACC-1	Ex
CTTTGCGGTAGCGGTA-1	Ex
CTTTGCGGTCCCTTTG-1	Ex
CTTTGCGGTGTGCGTC-1	Ex
CTTTGCGTCTCCCTTT-1	Ex
GAAACAACAAACAGTA-1	Ex
GAAACAACAACCTCTC-1	Ex
GAAACAACACCTCGTT-1	Ex
GAAACAACAGGACCTC-1	Ex
GAAACAACATACCCGG-1	Ex
GAAACAAGTGAGGTCA-1	Ex
GAAACAAGTGGATTCT-1	Ex
GAAACAAGTGGTACTT-1	Ex
GAAACAATCACATCCC-1	Ex
GAAACAATCGAGTGTT-1	Ex
GAAACAATCGTGGCGT-1	Ex
GAAACAATCTATCCTA-1	Ex
GAAAGTAAGGCTTTAC-1	Ex
GAAAGTACAACTCAAC-1	Ex
GAAAGTACATGCTATG-1	Ex
GAAAGTAGTAACCATC-1	Ex
GAAAGTAGTATTCGCA-1	Ex
GAAATGAAGAATATCG-1	Ex
GAAATGAAGGCACCTC-1	Ex
GAAATGAAGTGCACAG-1	Ex
GAAATGAGTACCGGCT-1	Ex
GAAATGAGTGGTGGTA-1	Ex
GAAATGATCCTCATTA-1	Ex
GAAATGATCTATACCT-1	Ex
GAACCGCAGGGTGTTG-1	Ex
GAACCGCCAACAAACA-1	Ex
GAACCGCCACGTACAT-1	Ex
GAACCGCCAGAAGTGC-1	Ex
GAACCGCCAGGGCTTC-1	Ex
GAACCGCGTAAACGTA-1	Ex
GAACCGCGTCCTCAGG-1	Ex
GAACCGCGTCGATAGG-1	Ex
GAACCGCGTGGAGTGT-1	Ex
GAACCGCTCTGCGTCT-1	Ex
GAACCGCTCTTCACTA-1	Ex
GAACCGCTCTTCTTCC-1	Ex
GAACCTAAGTGATATG-1	Ex
GAACCTAGTAAAGGCC-1	Ex
GAACCTAGTACGACCC-1	Ex
GAACCTAGTCGATAGG-1	Ex
GAACCTAGTTTCTCTA-1	Ex
GAACCTAGTTTGCGAT-1	Ex
GAACCTATCAAGAGAT-1	Ex
GAACCTATCAGCACGC-1	Ex
GAACCTATCAGTAGTC-1	Ex
GAACCTATCATGCTTT-1	Ex
GAACCTATCGGGATCC-1	Ex
GAACCTATCTATCTAC-1	Ex
GAACGTTAGACTCGGA-1	Ex
GAACGTTAGACTTGAA-1	Ex
GAACGTTAGAGTTCGG-1	Ex
GAACGTTAGCTTACCA-1	Ex
GAACGTTAGGGTGTTG-1	Ex
GAACGTTAGTCCCGCA-1	Ex
GAACGTTCAACGCAAG-1	Ex
GAACGTTCACAGTTCA-1	Ex
GAACGTTCAGTGCGTC-1	Ex
GAACGTTGTGCATCAT-1	Ex
GAACGTTGTGCCGGTT-1	Ex
GAACGTTTCCAATAGC-1	Ex
GAACGTTTCTCTCAAT-1	Ex
GAACGTTTCTGATCCC-1	Ex
GAACTTGAGCCCATGC-1	Ex
GAACTTGGTAGGGTTG-1	Ex
GAACTTGGTAGTATCC-1	Ex
GAACTTGGTCATCAAC-1	Ex
GAACTTGGTGCTTTGA-1	Ex
GAACTTGGTGTGCTTA-1	Ex
GAAGAGCAGCCGCTGT-1	Ex
GAAGAGCAGGACTAGC-1	Ex
GAAGAGCAGTAGTTCC-1	Ex
GAAGAGCAGTGTCGCC-1	Ex
GAAGAGCCACATATCG-1	Ex
GAAGAGCCAGAACAGC-1	Ex
GAAGAGCCAGACCTGC-1	Ex
GAAGAGCCAGCCACGT-1	Ex
GAAGAGCCAGTGGTCC-1	Ex
GAAGAGCGTATGGTTC-1	Ex
GAAGAGCGTATTCTCT-1	Ex
GAAGAGCGTCAAGACG-1	Ex
GAAGAGCGTCCGTGCA-1	Ex
GAAGTCTAGCTGATTC-1	Ex
GAAGTCTAGTCGAAAT-1	Ex
GAAGTCTAGTTGTCCA-1	Ex
GAAGTCTCAAACCTAC-1	Ex
GAAGTCTGTACCGGCT-1	Ex
GAAGTCTGTAGAGAGA-1	Ex
GAAGTCTGTATGGATA-1	Ex
GAAGTCTGTCAGAAGC-1	Ex
GAAGTCTGTCTGGGCT-1	Ex
GAAGTCTGTTAGGCTT-1	Ex
GAAGTCTTCAAACCAC-1	Ex
GAAGTCTTCGGTCCGA-1	Ex
GAAGTCTTCTGGTACA-1	Ex
GAAGTCTTCTGTTGCC-1	Ex
GAAGTCTTCTTACCTA-1	Ex
GAAGTGGCAAGTAACA-1	Ex
GAAGTGGCAATAGTGA-1	Ex
GAAGTGGCACTAGGAG-1	Ex
GAAGTGGGTAAACGAT-1	Ex
GAAGTGGGTAGCGGTA-1	Ex
GAAGTGGTCCCAGCAG-1	Ex
GAAGTGGTCCTCAAGA-1	Ex
GAAGTGGTCGATAGGG-1	Ex
GAATCTGAGCAGGAGG-1	Ex
GAATCTGAGGCAGTAC-1	Ex
GAATCTGCAAGATTAG-1	Ex
GAATCTGCAATTGGCT-1	Ex
GAATCTGCACAATAAG-1	Ex
GAATCTGCAGCGTGAA-1	Ex
GAATCTGCATCCTCGT-1	Ex
GAATCTGGTCGCGCTA-1	Ex
GAATCTGTCCATCTAT-1	Ex
GAATCTGTCGGGAATG-1	Ex
GAATCTGTCTTGGCCT-1	Ex
GACCAATAGATATGTG-1	Ex
GACCAATCAACGGGTA-1	Ex
GACCAATGTATGTCCA-1	Ex
GACCAATGTCAAGACG-1	Ex
GACCAATGTCAGGCTC-1	Ex
GACCAATGTTCCTATT-1	Ex
GACCAATTCACGTGTA-1	Ex
GACCAATTCCATCGAA-1	Ex
GACCAATTCGGTGATT-1	Ex
GACCAATTCTGGCCAG-1	Ex
GACCCAGAGAACGACC-1	Ex
GACCCAGCAATTGCCA-1	Ex
GACCCAGCACCTTGTC-1	Ex
GACCCAGCACGACGAA-1	Ex
GACCCAGGTACGCAAG-1	Ex
GACCCAGGTAGCGTTT-1	Ex
GACCCAGGTCAACAGG-1	Ex
GACCCAGTCTGGCCAG-1	Ex
GACCGACAGGGAGTTC-1	Ex
GACCGACAGTCACGCC-1	Ex
GACCGACAGTCGATAA-1	Ex
GACCGACCAAGCCAGA-1	Ex
GACCGACCAAGTTGCT-1	Ex
GACCGACCACGGTTAT-1	Ex
GACCGACCAGGTGTCC-1	Ex
GACCGACCATCAGCTA-1	Ex
GACCGACGTCAACTAC-1	Ex
GACCGACGTCCGTGCA-1	Ex
GACCGACGTCGGCTGT-1	Ex
GACCGACGTGCGTGTC-1	Ex
GACCGACGTGTCGTGC-1	Ex
GACCGACTCACGTGTA-1	Ex
GACCGACTCGAGTGTT-1	Ex
GACCGACTCTCTGAGA-1	Ex
GACCTTCAGAACAGGA-1	Ex
GACCTTCAGATCGAGC-1	Ex
GACCTTCAGGGAAATG-1	Ex
GACCTTCCAAGCAGGT-1	Ex
GACCTTCCACCGTTGG-1	Ex
GACCTTCCACTCGGAC-1	Ex
GACCTTCCACTGTAAC-1	Ex
GACCTTCCAGACCTGC-1	Ex
GACCTTCGTCAACTGT-1	Ex
GACCTTCGTCCAAGAG-1	Ex
GACCTTCGTTCCATCC-1	Ex
GACCTTCTCAGGCGCT-1	Ex
GACCTTCTCCGATGCG-1	Ex
GACCTTCTCCGGCTGA-1	Ex
GACCTTCTCTAGCAAC-1	Ex
GACTAACAGCTACGTT-1	Ex
GACTAACAGTCGGGAT-1	Ex
GACTAACGTAGACGCA-1	Ex
GACTAACGTAGCAGGT-1	Ex
GACTAACGTCAGCTTA-1	Ex
GACTAACGTCGACTGC-1	Ex
GACTAACGTCGCTAGC-1	Ex
GACTAACTCACATCCC-1	Ex
GACTAACTCCTGTGGG-1	Ex
GACTAACTCGATAGCT-1	Ex
GACTAACTCTCAGATG-1	Ex
GACTAGTAGTTCCAGT-1	Ex
GACTAGTCAACTCGAT-1	Ex
GACTAGTGTATCAGCT-1	Ex
GACTAGTGTATCCTTT-1	Ex
GACTAGTGTTGTGACT-1	Ex
GACTAGTTCAAATGGA-1	Ex
GACTAGTTCACCCGGA-1	Ex
GACTAGTTCCACGGCA-1	Ex
GAGAACGAGGTCCTCG-1	Ex
GAGAACGCAAGGGAGG-1	Ex
GAGAACGCAAGTAATG-1	Ex
GAGAACGCATAGACGG-1	Ex
GAGAACGGTATCAGCT-1	Ex
GAGAACGGTGCGTTTA-1	Ex
GAGAACGGTGCTTGAT-1	Ex
GAGAACGGTGTGTGCC-1	Ex
GAGACTTAGACTCGGA-1	Ex
GAGACTTAGTCTGTGT-1	Ex
GAGACTTAGTGATAAC-1	Ex
GAGACTTGTGTTGGTT-1	Ex
GAGACTTGTTAACCAC-1	Ex
GAGACTTGTTTCAGCA-1	Ex
GAGACTTTCGATTACG-1	Ex
GAGACTTTCGGTACTA-1	Ex
GAGATTCAGAAATGGG-1	Ex
GAGATTCAGCCTTTGA-1	Ex
GAGATTCAGCTTTCCC-1	Ex
GAGATTCCACCCTTTG-1	Ex
GAGATTCCACTACACA-1	Ex
GAGATTCCAGAACGAC-1	Ex
GAGATTCCAGAGATGC-1	Ex
GAGATTCGTATTCGAC-1	Ex
GAGATTCGTGCTTTGA-1	Ex
GAGATTCGTGGTTCTA-1	Ex
GAGATTCTCAGTGGTT-1	Ex
GAGATTCTCCAGAATC-1	Ex
GAGATTCTCGACTTAG-1	Ex
GAGCATTAGATGTTCC-1	Ex
GAGCATTAGCAGAATT-1	Ex
GAGCATTAGCCATGGA-1	Ex
GAGCATTCACACACAT-1	Ex
GAGCATTCACCTCGTT-1	Ex
GAGCATTCATCCTGGG-1	Ex
GAGCATTCATGTATCG-1	Ex
GAGCATTGTCCTTCAC-1	Ex
GAGCATTGTTGGCTTA-1	Ex
GAGCATTTCCAAGAGG-1	Ex
GAGCATTTCGGGTCCA-1	Ex
GAGCATTTCTAAACGC-1	Ex
GAGCGCTAGAACGTTA-1	Ex
GAGCGCTCAGGGTACA-1	Ex
GAGCGCTGTCAAGACG-1	Ex
GAGCGCTTCGAGTTAC-1	Ex
GAGGATGAGCCTTTGA-1	Ex
GAGGATGAGCGATACG-1	Ex
GAGGATGAGTGATTAG-1	Ex
GAGGATGCATCCTCGT-1	Ex
GAGGATGCATCGGCTG-1	Ex
GAGGATGCATTTCTTG-1	Ex
GAGGATGTCAAGAGAT-1	Ex
GAGGATGTCCGATGCG-1	Ex
GAGGATGTCCGTGCGA-1	Ex
GAGGCTCAGCAATGTA-1	Ex
GAGGCTCAGCTCGGCT-1	Ex
GAGGCTCCAAAGGTCG-1	Ex
GAGGCTCCATTTGGTG-1	Ex
GAGGCTCGTACAACGG-1	Ex
GAGGCTCGTCGCTAGC-1	Ex
GAGGCTCGTGAAACAT-1	Ex
GAGGCTCGTGTGTGTT-1	Ex
GAGGCTCTCCATAACG-1	Ex
GAGGTCCCACGCGACT-1	Ex
GAGGTCCGTACGCCCA-1	Ex
GAGGTCCGTCGATTAC-1	Ex
GAGGTCCGTGCTGGCT-1	Ex
GAGGTCCTCCATGTTT-1	Ex
GAGTGAGAGGGAAATG-1	Ex
GAGTGAGAGGTCGTTT-1	Ex
GAGTGAGGTAATGCCT-1	Ex
GAGTGAGGTGAGGTCA-1	Ex
GAGTGAGTCCATTGAG-1	Ex
GAGTGAGTCGCGTGAC-1	Ex
GATCATGAGTGAGTTA-1	Ex
GATCATGAGTTATGAG-1	Ex
GATCATGCAAAGAGAG-1	Ex
GATCATGCAGCGTAGA-1	Ex
GATCATGCAGTTAAAG-1	Ex
GATCATGCATCCTCGT-1	Ex
GATCATGGTAAACGGC-1	Ex
GATCATGGTAGCGTTT-1	Ex
GATCATGGTCATTGCA-1	Ex
GATCATGGTCTGGTCG-1	Ex
GATCATGGTGGAAGCT-1	Ex
GATCATGGTGTCTCGG-1	Ex
GATCATGGTTCTTTCA-1	Ex
GATCATGTCCACCTAC-1	Ex
GATCATGTCCTCCCAA-1	Ex
GATCGTAAGAACGCCA-1	Ex
GATCGTAAGAGGCAGG-1	Ex
GATCGTAAGCCATCAT-1	Ex
GATCGTAAGGAGTAGA-1	Ex
GATCGTAAGGTGATGC-1	Ex
GATCGTAAGTGTAATG-1	Ex
GATCGTACAAGTGGCA-1	Ex
GATCGTAGTAGAATAC-1	Ex
GATCGTAGTAGCGTTT-1	Ex
GATCGTAGTCCAAGAG-1	Ex
GATCGTAGTTCCTATT-1	Ex
GATGATCAGTGAGTTA-1	Ex
GATGATCCAACCTCCT-1	Ex
GATGATCCAACTACTG-1	Ex
GATGATCCAAGACTTC-1	Ex
GATGATCCAAGCACTT-1	Ex
GATGATCCAAGCGGTA-1	Ex
GATGATCCAAGTTGCT-1	Ex
GATGATCCACCGAATT-1	Ex
GATGATCCAGTGCTCG-1	Ex
GATGATCGTGCTAGTT-1	Ex
GATGATCTCCATACGA-1	Ex
GATGATCTCCATCGAA-1	Ex
GATGATCTCCTGGAAT-1	Ex
GATGGCCCACATCATG-1	Ex
GATGGCCCATCCCTCA-1	Ex
GATGGCCCATCGGCTG-1	Ex
GATGGCCCATTTGGCA-1	Ex
GATGGCCCATTTGTTC-1	Ex
GATGGCCGTAGAGAGA-1	Ex
GATGGCCGTATCACAC-1	Ex
GATGGCCGTCTGAGCC-1	Ex
GATGGCCGTTGTCGGC-1	Ex
GATGGCCTCCCTAAAG-1	Ex
GATGGCCTCGTCAACA-1	Ex
GATTAGCAGACTAGGC-1	Ex
GATTAGCAGGAATGGA-1	Ex
GATTAGCAGGCCTCGT-1	Ex
GATTAGCAGTATGGGC-1	Ex
GATTAGCCAAGCGACA-1	Ex
GATTAGCCACAGTAGG-1	Ex
GATTAGCCACTGTTAG-1	Ex
GATTAGCCAGAGCCAA-1	Ex
GATTAGCGTAGGGTTG-1	Ex
GATTAGCGTGCAAGCA-1	Ex
GATTAGCTCAGTACAC-1	Ex
GATTAGCTCGAGGTCC-1	Ex
GATTAGCTCGTCAACA-1	Ex
GATTGACAGAGGAACA-1	Ex
GATTGACAGGCAATTA-1	Ex
GATTGACAGGCCTAAG-1	Ex
GATTGACCAAACCTAC-1	Ex
GATTGACCACTGTCGG-1	Ex
GATTGACCAGTGCGTC-1	Ex
GATTGACCATTACACG-1	Ex
GATTGACCATTATGGC-1	Ex
GATTGACGTCAGGTGA-1	Ex
GATTGACTCCAGAATC-1	Ex
GATTGACTCGGTTCCT-1	Ex
GCAAAGGAGACCGCAA-1	Ex
GCAAAGGAGAGGAACA-1	Ex
GCAAAGGAGCCGCTGT-1	Ex
GCAAAGGAGCTCGTTA-1	Ex
GCAAAGGAGGCAGTAC-1	Ex
GCAAAGGAGGGATCCA-1	Ex
GCAAAGGAGTAGCAAT-1	Ex
GCAAAGGAGTTAGAGT-1	Ex
GCAAAGGGTCTGGGCT-1	Ex
GCAAAGGGTGATGTGG-1	Ex
GCAAAGGTCTCTCAAT-1	Ex
GCAAAGGTCTGATCCC-1	Ex
GCAACCGAGCGGACTA-1	Ex
GCAACCGAGCGTAGCA-1	Ex
GCAACCGAGGATCCTT-1	Ex
GCAACCGAGTAGACCG-1	Ex
GCAACCGAGTGTCACT-1	Ex
GCAACCGCAACGAGGT-1	Ex
GCAACCGCACACTAGT-1	Ex
GCAACCGGTCACTCTC-1	Ex
GCAACCGGTGGAAGCT-1	Ex
GCAACCGGTTAGGCTT-1	Ex
GCAACCGTCAGCACGC-1	Ex
GCAACCGTCAGGTCTA-1	Ex
GCAACCGTCGGTTCCT-1	Ex
GCAACCGTCTCGCGGA-1	Ex
GCAACCGTCTGTGTGA-1	Ex
GCACCTTAGACCTATC-1	Ex
GCACCTTAGCTGCCAC-1	Ex
GCACCTTGTAGGTGAC-1	Ex
GCACCTTGTCTCTGGG-1	Ex
GCACGCAAGAATGCTA-1	Ex
GCACGCAAGTCTCGAT-1	Ex
GCACGCAGTCAGAGTG-1	Ex
GCACGCAGTCGCTAGC-1	Ex
GCACGCAGTGTTGGTT-1	Ex
GCACGCAGTTCTTTGT-1	Ex
GCACGCATCAGAACGG-1	Ex
GCACGCATCGAGAACG-1	Ex
GCACGGTAGTCACACT-1	Ex
GCACGGTCAACGTCCG-1	Ex
GCACGGTCACTGTAAC-1	Ex
GCACGGTCAGCGCGTT-1	Ex
GCACGGTCAGTAACTC-1	Ex
GCACGGTCAGTTCGGC-1	Ex
GCACGGTCATCCCTTG-1	Ex
GCACGGTGTGCTGAAG-1	Ex
GCACGGTTCATTGCCC-1	Ex
GCACGGTTCGACGGAA-1	Ex
GCACGGTTCGGGACAA-1	Ex
GCACGGTTCGTAGCGC-1	Ex
GCACGGTTCTTCGTTA-1	Ex
GCAGATTAGGTCTTGT-1	Ex
GCAGATTAGGTGTCGA-1	Ex
GCAGATTAGTCCGTGC-1	Ex
GCAGATTCAATCAGGG-1	Ex
GCAGATTCAGTGGTCC-1	Ex
GCAGATTGTAGGGTTG-1	Ex
GCAGATTGTCGCTAGC-1	Ex
GCAGATTGTCTCTGCT-1	Ex
GCAGATTGTGGCGCTT-1	Ex
GCAGATTGTTGGTAAA-1	Ex
GCAGATTTCCATAACG-1	Ex
GCAGATTTCCCTATTA-1	Ex
GCAGCCAAGAAAGCAG-1	Ex
GCAGCCAAGAGCTGTG-1	Ex
GCAGCCAAGGATTGCG-1	Ex
GCAGCCAAGTACTCTG-1	Ex
GCAGCCAAGTATACGA-1	Ex
GCAGCCACAACGGACA-1	Ex
GCAGCCAGTAACCGAG-1	Ex
GCAGCCAGTAACGGAC-1	Ex
GCAGCCATCCACTAGA-1	Ex
GCAGCTGAGATGCGAC-1	Ex
GCAGCTGAGCAATAAC-1	Ex
GCAGCTGCAAGAAACT-1	Ex
GCAGCTGCAATGCCAT-1	Ex
GCAGCTGCAGATTTGC-1	Ex
GCAGCTGCATCCTGGG-1	Ex
GCAGCTGCATGGCCGT-1	Ex
GCAGCTGCATTTCACT-1	Ex
GCAGCTGGTAAGCCTT-1	Ex
GCAGCTGGTATGGTTC-1	Ex
GCAGCTGGTCAGAGTG-1	Ex
GCAGCTGGTGCAGACA-1	Ex
GCAGCTGGTTAACTCG-1	Ex
GCAGCTGGTTCTTAGG-1	Ex
GCAGCTGGTTGGACGA-1	Ex
GCAGCTGGTTGGGAAC-1	Ex
GCAGCTGTCACAACAC-1	Ex
GCAGCTGTCTTACCTA-1	Ex
GCATGATAGTAGTCGG-1	Ex
GCATGATAGTCGATAA-1	Ex
GCATGATAGTCGCCTG-1	Ex
GCATGATCAAGGCGTA-1	Ex
GCATGATCAATGTGCT-1	Ex
GCATGATCACTCGGAC-1	Ex
GCATGATGTCTGGATT-1	Ex
GCATGATGTGATCAGG-1	Ex
GCATGATTCCTAGAGT-1	Ex
GCATTCCAGAGCCACA-1	Ex
GCATTCCAGCGTATCT-1	Ex
GCATTCCAGCTCGGCT-1	Ex
GCATTCCAGGAGTAGA-1	Ex
GCATTCCAGTGATAAC-1	Ex
GCATTCCCAGTAGTTC-1	Ex
GCATTCCCATCCCTTG-1	Ex
GCATTCCGTCTAAAGA-1	Ex
GCATTCCTCAGTCACA-1	Ex
GCATTCCTCCAAACCA-1	Ex
GCATTCCTCGATTACG-1	Ex
GCATTGAAGATACCAA-1	Ex
GCATTGAAGGCTTAAA-1	Ex
GCATTGAAGTTCAAGA-1	Ex
GCATTGAAGTTCGACT-1	Ex
GCATTGACAAGGAGTC-1	Ex
GCATTGACATTAAGGA-1	Ex
GCATTGATCAGTCAAC-1	Ex
GCATTGATCATCGCCT-1	Ex
GCATTGATCGCACCTT-1	Ex
GCCAGACAGATGCGCA-1	Ex
GCCAGACAGTCTGGGA-1	Ex
GCCAGACCAATGGTCT-1	Ex
GCCAGACCACAGTTAC-1	Ex
GCCAGACGTGGAGTGT-1	Ex
GCCAGACGTTTGCCCT-1	Ex
GCCAGACTCACGATTG-1	Ex
GCCAGACTCTCATCCG-1	Ex
GCCAGACTCTGGCCAG-1	Ex
GCCAGCAAGAGGCAGG-1	Ex
GCCAGCAAGCAAGGTC-1	Ex
GCCAGCAAGCCTGGTC-1	Ex
GCCAGCAAGTAGTCGG-1	Ex
GCCAGCAAGTTCGCGC-1	Ex
GCCAGCATCAGAACGG-1	Ex
GCCAGCATCGTTTGAG-1	Ex
GCCATAAAGAGATTAC-1	Ex
GCCATAAAGGCGTAGT-1	Ex
GCCATAACACTGGGCT-1	Ex
GCCATAACAGAGATGC-1	Ex
GCCATAACAGAGCCAA-1	Ex
GCCATAACATGGCCCA-1	Ex
GCCATAAGTCGAGGAT-1	Ex
GCCATAAGTGAGGTCA-1	Ex
GCCATAAGTTCGGGAA-1	Ex
GCCATAATCTGTCGGG-1	Ex
GCCCAGAAGACTCGGA-1	Ex
GCCCAGAAGGCACTAG-1	Ex
GCCCAGAGTGCAAAGC-1	Ex
GCCCAGATCGGAAAGC-1	Ex
GCCCAGATCGGATAGG-1	Ex
GCCCAGATCTTCTTCC-1	Ex
GCCCGAAAGACACGGT-1	Ex
GCCCGAAAGACACTTC-1	Ex
GCCCGAAAGATTAGAC-1	Ex
GCCCGAAAGCGATACG-1	Ex
GCCCGAAAGCTAACAA-1	Ex
GCCCGAAAGCTGGAGT-1	Ex
GCCCGAAAGTACAACA-1	Ex
GCCCGAAAGTGATCTC-1	Ex
GCCCGAAAGTGCTGAG-1	Ex
GCCCGAAAGTGTAATG-1	Ex
GCCCGAAAGTTCAGGG-1	Ex
GCCCGAACACGATATC-1	Ex
GCCCGAACACTCAGCG-1	Ex
GCCCGAACAGGATGTG-1	Ex
GCCCGAACATGTCCCT-1	Ex
GCCCGAAGTCGTAGTT-1	Ex
GCCCGAAGTCTGTGTA-1	Ex
GCCCGAATCGGTCCGA-1	Ex
GCCCGAATCGTCCCAT-1	Ex
GCCCGAATCTTAACGG-1	Ex
GCCTACTAGTGCACAG-1	Ex
GCCTACTCAACGTACT-1	Ex
GCCTACTCACACACAT-1	Ex
GCCTACTCAGTAACTC-1	Ex
GCCTACTGTAACAATG-1	Ex
GCCTACTGTAGGTGAC-1	Ex
GCCTACTGTAGTAACA-1	Ex
GCCTACTGTGCAACAG-1	Ex
GCCTACTGTTCATTTC-1	Ex
GCCTACTGTTGCCGCA-1	Ex
GCCTACTTCAGAATGA-1	Ex
GCCTACTTCCTAGAGT-1	Ex
GCCTAGGAGCGTAGCA-1	Ex
GCCTAGGAGGTTCGTT-1	Ex
GCCTAGGGTAGTAACA-1	Ex
GCCTAGGGTTATAGAG-1	Ex
GCCTAGGTCCTAGAGT-1	Ex
GCGAGAAAGACCCATT-1	Ex
GCGAGAAAGAGGTGGG-1	Ex
GCGAGAAAGCAATGTA-1	Ex
GCGAGAAAGGGCTCTC-1	Ex
GCGAGAAAGTATCTGC-1	Ex
GCGAGAAGTGCGTAGA-1	Ex
GCGAGAAGTGTCGTCG-1	Ex
GCGAGTCCAACGGACA-1	Ex
GCGAGTCGTTAACCAC-1	Ex
GCGAGTCGTTGGCGAA-1	Ex
GCGAGTCTCATGTTCT-1	Ex
GCGAGTCTCCATCGAA-1	Ex
GCGAGTCTCGCTCTAC-1	Ex
GCGAGTCTCGTGGGTC-1	Ex
GCGAGTCTCTATGAGC-1	Ex
GCGATCGAGATGCGAC-1	Ex
GCGATCGAGGCTTCGC-1	Ex
GCGATCGAGGTCACTT-1	Ex
GCGATCGAGTCCTTCC-1	Ex
GCGATCGCAAACCCTA-1	Ex
GCGATCGCAAGGACCA-1	Ex
GCGATCGCAGAACAGC-1	Ex
GCGATCGCAGTTCGGC-1	Ex
GCGATCGCATCGGCCA-1	Ex
GCGATCGCATTAAGGA-1	Ex
GCGATCGGTAACATAG-1	Ex
GCGATCGGTCGCTAGC-1	Ex
GCGATCGGTGGCCTTG-1	Ex
GCGATCGGTTAGTAGA-1	Ex
GCGATCGGTTCCCAAA-1	Ex
GCGATCGTCAGAGTGG-1	Ex
GCGATCGTCAGTACAC-1	Ex
GCGATCGTCGACTTAG-1	Ex
GCGATTAAGAGACTCG-1	Ex
GCGATTAAGAGTTCGG-1	Ex
GCGATTAAGCAACTGG-1	Ex
GCGATTAGTCACTCTC-1	Ex
GCGATTAGTTGAAGCG-1	Ex
GCGATTAGTTTGCCCT-1	Ex
GCGATTATCAGTTGAC-1	Ex
GCGATTATCGGAAAGC-1	Ex
GCGCATGAGAAGAGTG-1	Ex
GCGCATGAGGTTCTCA-1	Ex
GCGCATGAGTACAGAT-1	Ex
GCGCATGCAATGTGTC-1	Ex
GCGCATGCAGTAAGAT-1	Ex
GCGCATGTCCATGTTT-1	Ex
GCGCATGTCTCCTTGG-1	Ex
GCGCCAAAGAACCATA-1	Ex
GCGCCAAAGGCAATTA-1	Ex
GCGCCAAAGTACCCAT-1	Ex
GCGCCAACAACAAACA-1	Ex
GCGCCAACAACGGGTA-1	Ex
GCGCCAACACTCGGAC-1	Ex
GCGCCAACACTGGGCT-1	Ex
GCGCCAACAGAACAGC-1	Ex
GCGCCAACAGTGGTCC-1	Ex
GCGCCAATCCATGTTT-1	Ex
GCGCCAATCCCGGGTA-1	Ex
GCGCCAATCCGTGCGA-1	Ex
GCGCCAATCGGGACAA-1	Ex
GCGCCAATCTATTGTC-1	Ex
GCGGAAAAGATCTAAG-1	Ex
GCGGAAAAGATCTCAC-1	Ex
GCGGAAAAGCACACCC-1	Ex
GCGGAAAAGCAGTAGC-1	Ex
GCGGAAAAGCTGCTCG-1	Ex
GCGGAAAAGGAATGGA-1	Ex
GCGGAAACAGGTTATC-1	Ex
GCGGAAATCACCCGGA-1	Ex
GCGGAAATCACGTGTA-1	Ex
GCGGAAATCCGTCAAA-1	Ex
GCGGAAATCCTGGAAT-1	Ex
GCGGAAATCGGTCAGC-1	Ex
GCGGGTTAGGGTTCTT-1	Ex
GCGGGTTAGGTAAGCC-1	Ex
GCGGGTTAGTTGTCCA-1	Ex
GCGGGTTCAGTGCGTC-1	Ex
GCGGGTTCATTGTGAC-1	Ex
GCGGGTTGTACGGATG-1	Ex
GCGGGTTGTAGACACG-1	Ex
GCGGGTTGTCAGTGTT-1	Ex
GCGGGTTGTCCGCTTT-1	Ex
GCGGGTTGTCTAACCA-1	Ex
GCGGGTTGTGCACCCA-1	Ex
GCGGGTTTCCTCCTGA-1	Ex
GCGGGTTTCCTGACCT-1	Ex
GCGGGTTTCGATTACG-1	Ex
GCGGGTTTCGCTCGGA-1	Ex
GCGGTGTAGTTCAGGG-1	Ex
GCGGTGTCAAGAAACT-1	Ex
GCGGTGTCAAGTTGCT-1	Ex
GCGGTGTCAGAGTCGA-1	Ex
GCGGTGTCAGCTGATT-1	Ex
GCGGTGTCATCGTACA-1	Ex
GCGGTGTGTTCTTAGG-1	Ex
GCGGTGTTCTATAGGC-1	Ex
GCGGTGTTCTTGTACT-1	Ex
GCGTAGCAGAGTGGTC-1	Ex
GCGTAGCAGTAACATG-1	Ex
GCGTAGCCAAAGGTCG-1	Ex
GCGTAGCCACATTGCA-1	Ex
GCGTAGCCACCCTTAC-1	Ex
GCGTAGCGTAACCATC-1	Ex
GCGTAGCTCACCCTTG-1	Ex
GCGTAGCTCGGTGATT-1	Ex
GCGTTGGAGAGGAACA-1	Ex
GCGTTGGAGATCCGAG-1	Ex
GCGTTGGGTCATTGCA-1	Ex
GCGTTGGGTCTGCGCA-1	Ex
GCGTTGGGTTCCATCC-1	Ex
GCGTTGGTCAGGTCTA-1	Ex
GCGTTGGTCGAGTGTT-1	Ex
GCGTTGGTCGTGGGTC-1	Ex
GCGTTGGTCTATGAGC-1	Ex
GCTCACTAGAACTCCT-1	Ex
GCTCACTAGACACTTC-1	Ex
GCTCACTAGCCTTTGA-1	Ex
GCTCACTAGCGATACG-1	Ex
GCTCACTAGGTTGACG-1	Ex
GCTCACTAGTGAATAC-1	Ex
GCTCACTAGTGCTGAG-1	Ex
GCTCACTAGTGTCGCC-1	Ex
GCTCACTGTAGGTGAC-1	Ex
GCTCACTGTCTCAAAC-1	Ex
GCTCACTTCTAAGGTC-1	Ex
GCTCAGGCACGTTACA-1	Ex
GCTCAGGGTATGTTCG-1	Ex
GCTCAGGGTGAGTCGA-1	Ex
GCTCAGGGTGGGTAGT-1	Ex
GCTCAGGGTTTGTGAC-1	Ex
GCTCAGGTCGACTGGC-1	Ex
GCTCAGGTCTAAACGC-1	Ex
GCTCCTAAGGAGTAGA-1	Ex
GCTCCTAAGTTGCTTG-1	Ex
GCTCCTACAAATGTCC-1	Ex
GCTCCTACAAGGGAGG-1	Ex
GCTCCTACAATGACTC-1	Ex
GCTCCTACACCGAATT-1	Ex
GCTCCTACACTGTCAA-1	Ex
GCTCCTACAGGACTGA-1	Ex
GCTCCTACAGGGTACA-1	Ex
GCTCCTACAGTCAGAG-1	Ex
GCTCCTACATATACGC-1	Ex
GCTCCTACATCGAGTT-1	Ex
GCTCCTACATGCCTTC-1	Ex
GCTCCTAGTGCACTTA-1	Ex
GCTCCTAGTGCCCAGT-1	Ex
GCTCCTAGTGCTGAAG-1	Ex
GCTCCTAGTGCTGGCT-1	Ex
GCTCCTAGTGGAGTGT-1	Ex
GCTCCTATCCCAGCAG-1	Ex
GCTCCTATCTCATCCG-1	Ex
GCTCCTATCTTGTGCC-1	Ex
GCTCGAGAGTATACGA-1	Ex
GCTCGAGCAAATGTCC-1	Ex
GCTCGAGCAAGGATGC-1	Ex
GCTCGAGCACCTACCT-1	Ex
GCTCGAGCATTCTTTG-1	Ex
GCTCGAGGTAGACACG-1	Ex
GCTCGAGGTAGTCTGT-1	Ex
GCTCGAGGTCAGTGTT-1	Ex
GCTCGAGGTGTCGTGC-1	Ex
GCTCGAGTCGGGATCC-1	Ex
GCTCGAGTCTGGAAGG-1	Ex
GCTGAGCAGATTGACA-1	Ex
GCTGAGCCACAGTTCA-1	Ex
GCTGAGCCATCCCTCA-1	Ex
GCTGAGCGTCGCTAGC-1	Ex
GCTGAGCGTGAGTTGG-1	Ex
GCTGAGCTCATCATGG-1	Ex
GCTGAGCTCGACTATG-1	Ex
GCTGAGCTCGCGTTCT-1	Ex
GCTGAGCTCGGTCCGA-1	Ex
GCTGAGCTCTGCCGAG-1	Ex
GCTGAGCTCTGCTACC-1	Ex
GCTGAGCTCTTAAGCG-1	Ex
GCTGCGACAAGCTTTG-1	Ex
GCTGCGATCACTCGGG-1	Ex
GCTGCGATCGTGTGCG-1	Ex
GCTGTTCAGTAACATG-1	Ex
GCTGTTCCAAGACTTC-1	Ex
GCTGTTCCAAGCACTT-1	Ex
GCTGTTCCAAGTTGCT-1	Ex
GCTGTTCCAGTAGTTC-1	Ex
GCTGTTCCAGTGCTCG-1	Ex
GCTGTTCGTATGAAGT-1	Ex
GCTGTTCGTCAATACC-1	Ex
GCTGTTCGTCTGGGAA-1	Ex
GCTGTTCGTGTTGGTT-1	Ex
GCTGTTCGTTCCAATG-1	Ex
GCTGTTCTCGGTCGAC-1	Ex
GCTTAAGAGTCGATAA-1	Ex
GCTTAAGAGTGAAGGA-1	Ex
GCTTAAGCAAGAGCGT-1	Ex
GCTTAAGCATCGTACA-1	Ex
GCTTAAGGTATTTGCG-1	Ex
GCTTAAGGTCAACTGT-1	Ex
GCTTAAGGTCCGTGCA-1	Ex
GCTTAAGGTCGCTAGC-1	Ex
GCTTAAGGTCGGCTGT-1	Ex
GCTTAAGGTGTCTACA-1	Ex
GCTTAAGGTGTGACCC-1	Ex
GCTTAAGGTGTGTGTT-1	Ex
GCTTAAGGTTACACTG-1	Ex
GCTTAAGTCGATGTGT-1	Ex
GCTTGCTAGCCCATGC-1	Ex
GCTTGCTAGTTGAATG-1	Ex
GCTTGCTGTATTCTCT-1	Ex
GCTTGCTGTTGGCTAT-1	Ex
GCTTGCTTCGGTCAGC-1	Ex
GCTTGCTTCTTCCAGC-1	Ex
GCTTTCGAGTGCTAGG-1	Ex
GCTTTCGCAATGGCTT-1	Ex
GCTTTCGCAATGTAAG-1	Ex
GCTTTCGCACAGCTTA-1	Ex
GCTTTCGCATTGCCTC-1	Ex
GCTTTCGGTCGAGGTA-1	Ex
GCTTTCGGTCGCTAGC-1	Ex
GCTTTCGGTCTCTGGG-1	Ex
GCTTTCGGTGAGAGTC-1	Ex
GCTTTCGGTGCTTACA-1	Ex
GCTTTCGGTTGAAGCG-1	Ex
GCTTTCGTCGTGGCGT-1	Ex
GCTTTCGTCTTCTCTC-1	Ex
GGAACCCAGAGATTAC-1	Ex
GGAACCCAGATTGACA-1	Ex
GGAACCCAGCTTTCCC-1	Ex
GGAACCCAGGGCATTG-1	Ex
GGAACCCAGTGGTGTG-1	Ex
GGAACCCCAGAAGTGC-1	Ex
GGAACCCCAGGTAACG-1	Ex
GGAACCCCATGGAGGT-1	Ex
GGAACCCCATTAGCCA-1	Ex
GGAACCCTCCGGACTG-1	Ex
GGAACCCTCCTCCTGA-1	Ex
GGAACCCTCGCGTTCT-1	Ex
GGAACTTAGACACTTC-1	Ex
GGAACTTAGATTAGAC-1	Ex
GGAACTTAGCGATACG-1	Ex
GGAACTTAGCTAACAA-1	Ex
GGAACTTAGCTGGAGT-1	Ex
GGAACTTAGTACAACA-1	Ex
GGAACTTAGTGATCTC-1	Ex
GGAACTTAGTGTAATG-1	Ex
GGAACTTAGTGTCGCC-1	Ex
GGAACTTAGTTGGAAT-1	Ex
GGAACTTCAAATGTCC-1	Ex
GGAACTTCAAGTAATG-1	Ex
GGAACTTCAATGCACT-1	Ex
GGAACTTCACAAGGGT-1	Ex
GGAACTTCACCCATCT-1	Ex
GGAACTTCACGATATC-1	Ex
GGAACTTCACGTACAT-1	Ex
GGAACTTCACTTATGG-1	Ex
GGAACTTCAGAAGTGC-1	Ex
GGAACTTCAGCCGAAA-1	Ex
GGAACTTCATGTCCCT-1	Ex
GGAACTTCATTAGCAC-1	Ex
GGAACTTCATTCCCGT-1	Ex
GGAACTTGTATTCGCA-1	Ex
GGAACTTTCACATCCC-1	Ex
GGAACTTTCACTAGCA-1	Ex
GGAACTTTCCTAGAGT-1	Ex
GGAACTTTCTCCAACC-1	Ex
GGAATCTAGACTCGGA-1	Ex
GGAATCTAGAGGCCTA-1	Ex
GGAATCTAGATCGAGC-1	Ex
GGAATCTAGCCTATAC-1	Ex
GGAATCTAGGCTTTAC-1	Ex
GGAATCTAGGTCTTGT-1	Ex
GGAATCTAGTCCTTCC-1	Ex
GGAATCTAGTCGAAAT-1	Ex
GGAATCTAGTCTAGAA-1	Ex
GGAATCTCAAACCTAC-1	Ex
GGAATCTGTAATGCAA-1	Ex
GGAATCTGTCGCGCTA-1	Ex
GGAATCTGTGGTTCTA-1	Ex
GGAATCTGTTGTATCG-1	Ex
GGAATCTTCCCAGCAG-1	Ex
GGAATCTTCGAACCGC-1	Ex
GGAATCTTCGCCACTT-1	Ex
GGACACCAGATGGCAC-1	Ex
GGACACCCAAACCCTA-1	Ex
GGACACCCAAAGACGC-1	Ex
GGACACCCAACGAGGT-1	Ex
GGACACCCAAGACTTC-1	Ex
GGACACCCAAGTCTGT-1	Ex
GGACACCCACAGTAGG-1	Ex
GGACACCCACGAACGA-1	Ex
GGACACCCAGAACAGC-1	Ex
GGACACCCATCGGCCA-1	Ex
GGACACCCATGCGACC-1	Ex
GGACACCGTAACACTC-1	Ex
GGACACCGTAGCTGTT-1	Ex
GGACACCGTCTGCACG-1	Ex
GGACACCGTGTCGGTC-1	Ex
GGACACCGTGTCTACA-1	Ex
GGACACCTCGCGTGAC-1	Ex
GGACACCTCTATAGGC-1	Ex
GGAGAACAGACGCCAA-1	Ex
GGAGAACAGTACGACG-1	Ex
GGAGAACAGTTCTCCC-1	Ex
GGAGAACCAAGTCTGT-1	Ex
GGAGAACCACAGTAGG-1	Ex
GGAGAACCACCCTTTG-1	Ex
GGAGAACCAGGTTATC-1	Ex
GGAGAACCATCGGCTG-1	Ex
GGAGAACGTGAATGTA-1	Ex
GGAGAACGTGATTCCA-1	Ex
GGAGAACGTTACGGAG-1	Ex
GGAGAACGTTAGGAAT-1	Ex
GGAGAACTCCCTACCA-1	Ex
GGAGAACTCTACTTTG-1	Ex
GGAGGATAGCGCCTAC-1	Ex
GGAGGATAGGCGACTA-1	Ex
GGAGGATCAAAGGTCG-1	Ex
GGAGGATCACAATAAG-1	Ex
GGAGGATCATATACGC-1	Ex
GGAGGATGTCCACCAG-1	Ex
GGAGGATGTGGATTCT-1	Ex
GGAGGATGTGTTTCTT-1	Ex
GGAGGATGTTTGCATG-1	Ex
GGAGGATTCCATAACG-1	Ex
GGAGGATTCCGAATTG-1	Ex
GGAGTAGAGAACTAAC-1	Ex
GGAGTAGAGGATTAAC-1	Ex
GGAGTAGAGTTGAATG-1	Ex
GGAGTAGCAATAGCGG-1	Ex
GGAGTAGGTAACACTC-1	Ex
GGAGTAGGTAGAACGC-1	Ex
GGAGTAGGTCCCTAAA-1	Ex
GGAGTAGGTTACGGAG-1	Ex
GGAGTAGTCACGGGTC-1	Ex
GGAGTAGTCGAGCGCT-1	Ex
GGATAGGAGACGCCCT-1	Ex
GGATAGGAGAGAGTAG-1	Ex
GGATAGGCACCACAGC-1	Ex
GGATAGGCAGATGGCA-1	Ex
GGATAGGCATACAACC-1	Ex
GGATAGGCATTGATGC-1	Ex
GGATAGGGTATCCCTC-1	Ex
GGATAGGGTGATAAGT-1	Ex
GGATAGGGTGGTAAGC-1	Ex
GGATAGGTCCCAGCAG-1	Ex
GGATAGGTCGTGGAAG-1	Ex
GGATGAGAGGGCTCTC-1	Ex
GGATGAGCAATTCTCT-1	Ex
GGATGAGCATTACACG-1	Ex
GGATGAGTCCATATCT-1	Ex
GGCACGTAGCTGGAGT-1	Ex
GGCACGTAGTATCTGC-1	Ex
GGCACGTAGTCCGGAA-1	Ex
GGCACGTAGTTCAGGG-1	Ex
GGCACGTCAACAAACA-1	Ex
GGCACGTCATCCCTCA-1	Ex
GGCACGTGTAAAGGCC-1	Ex
GGCACGTGTGAATCAA-1	Ex
GGCACGTGTGCGTGTC-1	Ex
GGCACGTGTTTGCATG-1	Ex
GGCACGTTCCGGCTGA-1	Ex
GGCACGTTCGTTCAGA-1	Ex
GGCACGTTCTAGCAGT-1	Ex
GGCATTAAGCGCATTT-1	Ex
GGCATTAAGGTGTTGG-1	Ex
GGCATTAAGTCTCCAA-1	Ex
GGCATTACAAACTACC-1	Ex
GGCATTACACTACACA-1	Ex
GGCATTAGTACGCAAG-1	Ex
GGCATTAGTAGCGTTT-1	Ex
GGCATTAGTGCATTCA-1	Ex
GGCATTAGTGTACGCC-1	Ex
GGCATTAGTGTAGGAC-1	Ex
GGCATTAGTTGCCTGG-1	Ex
GGCATTAGTTTCCGGG-1	Ex
GGCATTATCACGGGTC-1	Ex
GGCATTATCATGAACC-1	Ex
GGCATTATCCAAGAGG-1	Ex
GGCATTATCCTATCCG-1	Ex
GGCATTATCGGTCTCT-1	Ex
GGCATTATCGTGGCGT-1	Ex
GGCGAAACACTGTCAA-1	Ex
GGCGAAAGTATTGTGC-1	Ex
GGCGAAATCTAAGGTC-1	Ex
GGCGAAATCTCCCTTT-1	Ex
GGCGTTGAGACCCTAT-1	Ex
GGCGTTGAGAGGTGGG-1	Ex
GGCGTTGAGGGCTTCC-1	Ex
GGCGTTGCAATTCTCT-1	Ex
GGCGTTGCAGGGAGTT-1	Ex
GGCGTTGCATCCCGGA-1	Ex
GGCGTTGGTGCCAAGA-1	Ex
GGCGTTGTCCACGCTT-1	Ex
GGCGTTGTCCAGAGAG-1	Ex
GGGAACAAGAGAACCC-1	Ex
GGGAACAAGTTCCCGG-1	Ex
GGGAACACAACGTACT-1	Ex
GGGAACACACGCTGTG-1	Ex
GGGAACACACTTTGGA-1	Ex
GGGAACACATAGAATG-1	Ex
GGGAACACATATACGC-1	Ex
GGGAACAGTACGCCCA-1	Ex
GGGAACAGTAGTTTGC-1	Ex
GGGAACAGTATCCTTT-1	Ex
GGGAACAGTCAACTAC-1	Ex
GGGAACAGTTAACTCG-1	Ex
GGGAACAGTTCTGATG-1	Ex
GGGAACAGTTGGGAAC-1	Ex
GGGAACATCCTTCGAC-1	Ex
GGGAACATCGTGAGTT-1	Ex
GGGACCTAGAGAATTC-1	Ex
GGGACCTAGAGAGTAG-1	Ex
GGGACCTAGGACTAGC-1	Ex
GGGACCTCAACGTAGG-1	Ex
GGGACCTCAAGGTTCT-1	Ex
GGGACCTCAATGGCTT-1	Ex
GGGACCTGTAGTCCAT-1	Ex
GGGACCTGTTCTGAGT-1	Ex
GGGACCTGTTCTTAGG-1	Ex
GGGACCTTCAGGTTTG-1	Ex
GGGCCATAGAACCCGA-1	Ex
GGGCCATAGTCGTACT-1	Ex
GGGCCATAGTCTGGGA-1	Ex
GGGCCATCAACTCGAT-1	Ex
GGGCCATCACACATTG-1	Ex
GGGCCATCACCTATTT-1	Ex
GGGCCATCACCTGGTG-1	Ex
GGGCCATCATCTGCAA-1	Ex
GGGCCATCATGGCCCA-1	Ex
GGGCCATGTGCTGGCT-1	Ex
GGGCCATTCGAGTGTT-1	Ex
GGGTCTGAGAATACTG-1	Ex
GGGTCTGAGAATGCTA-1	Ex
GGGTCTGAGGCAGTGT-1	Ex
GGGTCTGAGTCGGGAT-1	Ex
GGGTCTGCAACGTAGG-1	Ex
GGGTCTGCACTGGGCT-1	Ex
GGGTCTGCAGAATGCG-1	Ex
GGGTCTGCAGGATAGC-1	Ex
GGGTCTGCATGGAGGT-1	Ex
GGGTCTGCATGGCCCA-1	Ex
GGGTCTGGTCGCTAGC-1	Ex
GGGTCTGGTGACGCAA-1	Ex
GGGTCTGGTGTGACCC-1	Ex
GGGTCTGTCAGGCGCT-1	Ex
GGGTCTGTCCTGTAGA-1	Ex
GGGTCTGTCGTGCTGG-1	Ex
GGGTGTCAGAGGTCCA-1	Ex
GGGTGTCAGCAGGAGG-1	Ex
GGGTGTCAGCGAATAT-1	Ex
GGGTGTCAGCTGATTC-1	Ex
GGGTGTCAGGCTCAGA-1	Ex
GGGTGTCAGGGAAGCG-1	Ex
GGGTGTCAGTACAGAT-1	Ex
GGGTGTCCACGACGAA-1	Ex
GGGTGTCTCACATCCC-1	Ex
GGGTGTCTCCTATCAT-1	Ex
GGGTTATAGAACTAAC-1	Ex
GGGTTATAGCTTTCCC-1	Ex
GGGTTATAGTACCCAT-1	Ex
GGGTTATCAAACGACG-1	Ex
GGGTTATCAAGAAACT-1	Ex
GGGTTATCAGGCATCC-1	Ex
GGGTTATCATCCCAAA-1	Ex
GGGTTATCATTCACGA-1	Ex
GGGTTATGTCAGAAAT-1	Ex
GGTACCGAGGCTAAAT-1	Ex
GGTACCGAGTCGACCC-1	Ex
GGTACCGCAAATGTCC-1	Ex
GGTACCGCACCGAATT-1	Ex
GGTACCGCACTGTCAA-1	Ex
GGTACCGCATATACGC-1	Ex
GGTACCGCATGCCTTC-1	Ex
GGTACCGGTAAACGTA-1	Ex
GGTACCGGTAACACTC-1	Ex
GGTACCGGTGAGTTGG-1	Ex
GGTACCGGTTCTACCC-1	Ex
GGTACCGGTTGGAGGT-1	Ex
GGTACCGGTTTGTCTT-1	Ex
GGTACCGTCACGTGTA-1	Ex
GGTACCGTCAGGATCT-1	Ex
GGTACCGTCCCGTATC-1	Ex
GGTACCGTCGGATCGC-1	Ex
GGTACCGTCGTGCTGG-1	Ex
GGTACCGTCTGTCGTC-1	Ex
GGTAGGAAGTCCCTCT-1	Ex
GGTAGGACACATAAAG-1	Ex
GGTAGGATCAACGTGT-1	Ex
GGTAGGATCAGTAGTC-1	Ex
GGTAGGATCGATGCAT-1	Ex
GGTAGGATCTTCTTCC-1	Ex
GGTCATAAGGCCAATG-1	Ex
GGTCATAAGTATGCTC-1	Ex
GGTCATACAATGCATC-1	Ex
GGTCATACACCTGGTG-1	Ex
GGTCATACACTGGGCT-1	Ex
GGTCATACAGTTACAC-1	Ex
GGTCATAGTCCGAGCT-1	Ex
GGTCATAGTGTGCGTC-1	Ex
GGTCATATCACCCGGA-1	Ex
GGTCATATCTACTGCC-1	Ex
GGTGAAGAGGTCGTTT-1	Ex
GGTGAAGAGTTCTCCC-1	Ex
GGTGAAGCACGTTGTA-1	Ex
GGTGAAGCAGCGCGTT-1	Ex
GGTGAAGGTATATGGA-1	Ex
GGTGAAGGTTTCACCC-1	Ex
GGTGAAGTCGACTTAG-1	Ex
GGTGAAGTCGATCTTT-1	Ex
GGTGAAGTCGTCAACA-1	Ex
GGTGCTGAGAGTTTGA-1	Ex
GGTGCTGAGCGTGTTT-1	Ex
GGTGCTGAGCGTTGCC-1	Ex
GGTGCTGAGGCCTAAG-1	Ex
GGTGCTGCAGGTGTCC-1	Ex
GGTGCTGCATTCTCGC-1	Ex
GGTGCTGGTATCTGCA-1	Ex
GGTGCTGGTTCAGTAC-1	Ex
GGTGCTGGTTTGCCAA-1	Ex
GGTGCTGTCAAACCAC-1	Ex
GGTGTCGAGGCTTCGC-1	Ex
GGTGTCGCAAGCCAGA-1	Ex
GGTGTCGCAATAGTGA-1	Ex
GGTGTCGCAGCAACCC-1	Ex
GGTGTCGCAGCACATT-1	Ex
GGTGTCGGTGTCGTCG-1	Ex
GGTGTCGTCGTCCCAT-1	Ex
GGTTGCGAGGCAAGGG-1	Ex
GGTTGCGCAAGACACG-1	Ex
GGTTGCGCATGCACTA-1	Ex
GGTTGCGCATGGAGGT-1	Ex
GGTTGCGCATTTAGGC-1	Ex
GGTTGCGGTAATGCAA-1	Ex
GGTTGCGGTCCAAGTT-1	Ex
GGTTGCGTCCAGGCCA-1	Ex
GTAATCGAGGCAGTGT-1	Ex
GTAATCGAGTACGACG-1	Ex
GTAATCGAGTTTACGC-1	Ex
GTAATCGCATTAAGGA-1	Ex
GTAATCGGTGCCAAGA-1	Ex
GTAATCGGTTTCTACT-1	Ex
GTAATCGTCGCTCGGA-1	Ex
GTAATCGTCGTGAACT-1	Ex
GTACTTTAGACTCGGA-1	Ex
GTACTTTAGTTGAATG-1	Ex
GTACTTTCACTGTTAG-1	Ex
GTACTTTCAGGACTGA-1	Ex
GTACTTTCATAGATAG-1	Ex
GTACTTTCATGCGTTA-1	Ex
GTACTTTGTCAGAGTG-1	Ex
GTACTTTGTCATAAGA-1	Ex
GTACTTTGTCGTCGCA-1	Ex
GTACTTTTCGTGTGCG-1	Ex
GTAGACTAGCAACTGG-1	Ex
GTAGACTAGCTCGTTA-1	Ex
GTAGACTAGTCGGGAT-1	Ex
GTAGACTCACTGATTG-1	Ex
GTAGACTCAGTTAAAG-1	Ex
GTAGACTGTCTGGGAA-1	Ex
GTAGGAGAGTCTGCTA-1	Ex
GTAGGAGAGTGTCGCC-1	Ex
GTAGGAGCACTCGTGG-1	Ex
GTAGGAGCATGCCTTC-1	Ex
GTAGGAGTCATTCATC-1	Ex
GTAGGAGTCGTCGCAG-1	Ex
GTAGTACAGCTCCATA-1	Ex
GTAGTACAGGCTAAAT-1	Ex
GTAGTACAGGTTAACA-1	Ex
GTAGTACCACAACGGA-1	Ex
GTAGTACCATACCCGG-1	Ex
GTAGTACGTAATGTGA-1	Ex
GTAGTACGTCAACTAC-1	Ex
GTAGTACGTCCAAGTT-1	Ex
GTAGTACGTCTGAGCC-1	Ex
GTAGTACTCAAGGCCC-1	Ex
GTAGTACTCTGATCCC-1	Ex
GTCACAAAGCGGACAT-1	Ex
GTCACAAAGGTTTCTG-1	Ex
GTCACAACACTGGGCT-1	Ex
GTCACAACATCCTGGG-1	Ex
GTCACAACATGCGTTA-1	Ex
GTCACAAGTAGGTCTT-1	Ex
GTCACAAGTGCGACCT-1	Ex
GTCACAATCAGAACGG-1	Ex
GTCACAATCGCTATTT-1	Ex
GTCACCTAGGATTGCG-1	Ex
GTCACCTAGGTTTCTG-1	Ex
GTCACCTCATCCCTTG-1	Ex
GTCACCTGTGCGCATC-1	Ex
GTCACCTGTGCTTCCT-1	Ex
GTCACCTGTGGCATAG-1	Ex
GTCACCTGTTTCACCC-1	Ex
GTCACCTTCAAGGCCC-1	Ex
GTCACCTTCTGGCTAA-1	Ex
GTCACCTTCTTCATAC-1	Ex
GTCACGGAGACCATAA-1	Ex
GTCACGGCAGGTAACG-1	Ex
GTCACGGCATAGGCGA-1	Ex
GTCACGGGTACGACCC-1	Ex
GTCACGGGTAGCATGG-1	Ex
GTCACGGGTCCGGTAC-1	Ex
GTCACGGGTCGATAGG-1	Ex
GTCACTCAGACACGGT-1	Ex
GTCACTCAGGTACATA-1	Ex
GTCACTCAGTAGGTCG-1	Ex
GTCACTCCAATAGCGG-1	Ex
GTCACTCCACGATTAC-1	Ex
GTCACTCCACGCTAAT-1	Ex
GTCACTCCACTAGCCG-1	Ex
GTCACTCCAGGCAAGT-1	Ex
GTCACTCCAGGTAGCA-1	Ex
GTCACTCGTATCACAC-1	Ex
GTCACTCGTCTGAGCC-1	Ex
GTCACTCGTGGTAGAC-1	Ex
GTCACTCGTTTCAGCA-1	Ex
GTCACTCTCGGTCTAA-1	Ex
GTCACTCTCTGTTGCC-1	Ex
GTCCATCAGGGCGAAG-1	Ex
GTCCATCAGTGGACGT-1	Ex
GTCCATCCAAATAGTG-1	Ex
GTCCATCCAACTCCCT-1	Ex
GTCCATCCAAGCGGTA-1	Ex
GTCCATCCACAGCTTA-1	Ex
GTCCATCCACCTCGTT-1	Ex
GTCCATCCACTGTTAG-1	Ex
GTCCATCCATAGCCAT-1	Ex
GTCCATCGTTTGTGAC-1	Ex
GTCCATCTCAATTGGC-1	Ex
GTCCATCTCCTCATTA-1	Ex
GTCCATCTCCTTACGC-1	Ex
GTCCATCTCGATGCAT-1	Ex
GTCCATCTCGGATCGC-1	Ex
GTCCATCTCGTTCCGT-1	Ex
GTCCATCTCTAGTCGA-1	Ex
GTCCATCTCTTTATCG-1	Ex
GTCGTAAAGAATACTG-1	Ex
GTCGTAAAGCCCATTA-1	Ex
GTCGTAAAGCTACGCC-1	Ex
GTCGTAACATTACTCT-1	Ex
GTCGTAAGTAACATAG-1	Ex
GTCGTAAGTAGAAGCC-1	Ex
GTCGTAATCCAGGCCA-1	Ex
GTCGTAATCTCTCAAT-1	Ex
GTCTACCAGGCAATTA-1	Ex
GTCTACCAGTCTGTGT-1	Ex
GTCTACCCACAGGAAC-1	Ex
GTCTACCCACGGCCAT-1	Ex
GTCTACCCATTACTCT-1	Ex
GTCTACCGTAAGTGCG-1	Ex
GTCTACCGTGACAAGC-1	Ex
GTCTACCGTTGGGAAC-1	Ex
GTCTACCGTTTCTACT-1	Ex
GTCTACCGTTTCTCTA-1	Ex
GTCTACCTCCGGGCAT-1	Ex
GTCTACCTCGGCAATT-1	Ex
GTCTACCTCGGTTCCT-1	Ex
GTCTACCTCTTACGGA-1	Ex
GTGACATCACAGAAGC-1	Ex
GTGACATCAGAATGCG-1	Ex
GTGACATCAGGAGCAT-1	Ex
GTGACATCAGGTAGGT-1	Ex
GTGACATCAGTAACTC-1	Ex
GTGACATGTATGTCCA-1	Ex
GTGACATGTGTCTCGG-1	Ex
GTGACATTCAGTCACA-1	Ex
GTGACATTCTCAGATG-1	Ex
GTGACATTCTCTGCGT-1	Ex
GTGATCAAGAGCAGCT-1	Ex
GTGATCAAGGTTAACA-1	Ex
GTGATCACATCCGTAA-1	Ex
GTGATCACATGGTTTG-1	Ex
GTGATCACATTCACGA-1	Ex
GTGATCAGTCACTCTC-1	Ex
GTGATCAGTGAGTAAT-1	Ex
GTGATCATCGACTATG-1	Ex
GTGATCATCGCAGATT-1	Ex
GTGATCATCGGTGATT-1	Ex
GTGATCATCGGTTAGT-1	Ex
GTGCACGCAAGCTTTG-1	Ex
GTGCACGCACTGGGCT-1	Ex
GTGCACGCAGAGTCGA-1	Ex
GTGCACGGTCAGAAGC-1	Ex
GTGCACGTCGGGATCC-1	Ex
GTGCACGTCGTTTGAG-1	Ex
GTGCCAGAGCAACGGT-1	Ex
GTGCCAGAGTCGCCTG-1	Ex
GTGCCAGCAAATTCCG-1	Ex
GTGCCAGCAATGGTAA-1	Ex
GTGCCAGCACATAAAG-1	Ex
GTGCCAGCACCCATCT-1	Ex
GTGCCAGCATCCCAAA-1	Ex
GTGCCAGGTTACGAAA-1	Ex
GTGCCAGTCGGTACTA-1	Ex
GTGCCAGTCGTGGGTC-1	Ex
GTGCTGGAGACGACTG-1	Ex
GTGCTGGAGAGCAGCT-1	Ex
GTGCTGGAGTGTCCCG-1	Ex
GTGCTGGAGTGTCGCC-1	Ex
GTGCTGGCAAGCCTTA-1	Ex
GTGCTGGCAAGGTTCT-1	Ex
GTGCTGGCACAGTTAC-1	Ex
GTGCTGGCATCATAGC-1	Ex
GTGCTGGGTTCTGAAC-1	Ex
GTGCTGGGTTTGTGAC-1	Ex
GTGCTGGTCACAGGGA-1	Ex
GTGCTGGTCAGTGTGT-1	Ex
GTGCTGGTCCCATAGA-1	Ex
GTGCTGGTCTGGACAT-1	Ex
GTGGATTAGAATATCG-1	Ex
GTGGATTAGACGACTG-1	Ex
GTGGATTAGCGAGAAA-1	Ex
GTGGATTAGCTGAATA-1	Ex
GTGGATTAGGAAGAAC-1	Ex
GTGGATTCAAGGTCGA-1	Ex
GTGGATTGTACAAGCG-1	Ex
GTGGATTGTACTTGAC-1	Ex
GTGGATTGTGCTGAAG-1	Ex
GTGGATTTCCAATCCC-1	Ex
GTGGATTTCCACCTAC-1	Ex
GTGGATTTCTGGGCGT-1	Ex
GTGGCGTAGACCATAA-1	Ex
GTGGCGTAGGTCGTTT-1	Ex
GTGGCGTAGTTCAGGG-1	Ex
GTGGCGTCAAGACTAA-1	Ex
GTGGCGTCATAGTCCA-1	Ex
GTGGCGTGTAATGCCT-1	Ex
GTGGCGTGTGAGGTCA-1	Ex
GTGGCGTGTGGAGTGT-1	Ex
GTGGCGTTCAGTTGAC-1	Ex
GTGGCGTTCCACTAGA-1	Ex
GTGGCGTTCCCACGGA-1	Ex
GTGGCGTTCTATTTCG-1	Ex
GTGTCAAAGAGATTAC-1	Ex
GTGTCAAAGATTGACA-1	Ex
GTGTCAAAGCGCCTAC-1	Ex
GTGTCAAAGTGGTGTG-1	Ex
GTGTCAACAGGATGTG-1	Ex
GTGTCAAGTCAAGACG-1	Ex
GTGTCAAGTCACTCTC-1	Ex
GTGTCCTAGACCATAA-1	Ex
GTGTCCTAGAGGTGGG-1	Ex
GTGTCCTAGGCTTCGC-1	Ex
GTGTCCTAGTAGAAGG-1	Ex
GTGTCCTAGTCCCTCT-1	Ex
GTGTCCTCATATAGAG-1	Ex
GTGTCCTGTGCGTAGA-1	Ex
GTGTCCTGTTCTTTCA-1	Ex
GTGTCCTTCATTCATC-1	Ex
GTGTCCTTCCACTAGA-1	Ex
GTGTCCTTCGTCAACA-1	Ex
GTGTCCTTCTAAGGTC-1	Ex
GTGTGATAGAAAGCAG-1	Ex
GTGTGATAGACTTCCA-1	Ex
GTGTGATAGAGCTGTG-1	Ex
GTGTGATAGGATTGCG-1	Ex
GTGTGATAGTACTCTG-1	Ex
GTGTGATAGTCCCTCT-1	Ex
GTGTGATAGTCGGGAT-1	Ex
GTGTGATGTCATAAGA-1	Ex
GTGTGATGTGCTTCCT-1	Ex
GTGTGATTCTTACTCA-1	Ex
GTTACGAAGCCGCAAA-1	Ex
GTTACGAAGGGTGTTG-1	Ex
GTTACGAAGGTACTCT-1	Ex
GTTACGAAGGTCGGTA-1	Ex
GTTACGACAAGATGCG-1	Ex
GTTACGACAGTAGTTC-1	Ex
GTTACGATCAGTTGAC-1	Ex
GTTACGATCGGATCGC-1	Ex
GTTACGATCGGTGATT-1	Ex
GTTACGATCTATCTCA-1	Ex
GTTACTTCAAGTAATG-1	Ex
GTTACTTCACAGTTAC-1	Ex
GTTACTTCAGGCTACC-1	Ex
GTTACTTGTACTATGC-1	Ex
GTTACTTGTATTGTCG-1	Ex
GTTACTTGTCAGCAAG-1	Ex
GTTACTTGTTTGCCAA-1	Ex
GTTATGGAGGGTAATT-1	Ex
GTTATGGAGTAGTCGG-1	Ex
GTTATGGCACAGTTCA-1	Ex
GTTATGGCACGCTGTG-1	Ex
GTTATGGGTAAGTCTC-1	Ex
GTTATGGGTGTCCCAG-1	Ex
GTTATGGTCAGTAGTC-1	Ex
GTTATGGTCCACTAGA-1	Ex
GTTATGGTCCCAATAG-1	Ex
GTTATGGTCTTCACTA-1	Ex
GTTATGGTCTTTGCAT-1	Ex
GTTATTCAGCACACCC-1	Ex
GTTATTCAGGGTATCG-1	Ex
GTTATTCAGTCCGGAA-1	Ex
GTTATTCCACCCATCT-1	Ex
GTTATTCGTAAGTCTC-1	Ex
GTTATTCGTGCGTCCA-1	Ex
GTTATTCGTTCTTTCA-1	Ex
GTTATTCTCCATTGTT-1	Ex
GTTATTCTCTTAATCC-1	Ex
GTTCAAGAGAAATGGG-1	Ex
GTTCAAGAGACAGTGC-1	Ex
GTTCAAGAGCAACGGT-1	Ex
GTTCAAGAGCTAACAA-1	Ex
GTTCAAGCAAGGGTAC-1	Ex
GTTCAAGCAATGGCAG-1	Ex
GTTCAAGCACATCATG-1	Ex
GTTCAAGCATCCTCGT-1	Ex
GTTCAAGGTACGACCC-1	Ex
GTTCAAGGTCGATAGG-1	Ex
GTTCAAGGTGGGTAGT-1	Ex
GTTCAAGTCAGGTCTA-1	Ex
GTTCAAGTCGAGAACG-1	Ex
GTTCAAGTCTGTCGTC-1	Ex
GTTGGGCAGGTTCGTT-1	Ex
GTTGGGCCAATAGTGA-1	Ex
GTTGGGCCACAGCCAC-1	Ex
GTTGGGCCAGCTATAC-1	Ex
GTTGGGCCAGTTACAC-1	Ex
GTTGGGCGTAGATGAT-1	Ex
GTTGGGCGTATGGTTC-1	Ex
GTTGGGCGTCATAGCT-1	Ex
GTTGGGCTCCGGGCAT-1	Ex
GTTGGTAAGACACGGT-1	Ex
GTTGGTAAGGGCGAAG-1	Ex
GTTGGTAAGTCATACC-1	Ex
GTTGGTAAGTCTGTGT-1	Ex
GTTGGTACAGGTAGGT-1	Ex
GTTGGTACATTCTCGC-1	Ex
GTTGGTAGTAACAATG-1	Ex
GTTGGTAGTCCGAGCT-1	Ex
GTTGGTATCGAGAAGC-1	Ex
GTTGGTATCTCATATC-1	Ex
GTTGGTATCTCGCGTT-1	Ex
TAAACCGAGATCCGAG-1	Ex
TAAACCGAGCAATAAC-1	Ex
TAAACCGAGGGAAGCG-1	Ex
TAAACCGAGGGCATTG-1	Ex
TAAACCGAGTCGATAA-1	Ex
TAAACCGAGTGATAAC-1	Ex
TAAACCGCAAGGACCA-1	Ex
TAAACCGCAATGACTC-1	Ex
TAAACCGCAATGTGTC-1	Ex
TAAACCGCACAAACGG-1	Ex
TAAACCGCACACATGT-1	Ex
TAAACCGCACGCTGTG-1	Ex
TAAACCGCAGGACCTC-1	Ex
TAAACCGGTACAAATG-1	Ex
TAAACCGGTATCACAC-1	Ex
TAAACCGGTTCTCGAA-1	Ex
TAAACCGGTTGTATCG-1	Ex
TAAACCGTCACGATTG-1	Ex
TAAACCGTCACTCGTC-1	Ex
TAAACCGTCATGAACC-1	Ex
TAAACCGTCCAGCACG-1	Ex
TAAACCGTCCATACGA-1	Ex
TAAACCGTCGGTTGTA-1	Ex
TAAACCGTCTTTGCAT-1	Ex
TAACAGCAGAAATTCG-1	Ex
TAACAGCAGTAGACCG-1	Ex
TAACAGCCAACGTCGC-1	Ex
TAACAGCCAAGTGGCA-1	Ex
TAACAGCCACAAGTGG-1	Ex
TAACAGCCATCGGCCA-1	Ex
TAACAGCTCAGGAAGC-1	Ex
TAACAGCTCGCAAACT-1	Ex
TAACGGTAGCGTTGCC-1	Ex
TAACGGTAGGAAGGTA-1	Ex
TAACGGTAGGGCTCTC-1	Ex
TAACGGTAGTGGTGTG-1	Ex
TAACGGTCAAATAGTG-1	Ex
TAACGGTCAAGCGGTA-1	Ex
TAACGGTCACGTTGTA-1	Ex
TAACGGTCACTGTTAG-1	Ex
TAACGGTCACTTACAG-1	Ex
TAACGGTCATCATCGA-1	Ex
TAACGGTGTACGCAAG-1	Ex
TAACGGTGTCAACAGG-1	Ex
TAACGGTTCAATTGGC-1	Ex
TAACGGTTCCACGAGC-1	Ex
TAACGGTTCCTCATTA-1	Ex
TAACGGTTCGATGCAT-1	Ex
TAACGGTTCGCTTGAA-1	Ex
TAACGGTTCGGATCGC-1	Ex
TAACGGTTCGGGAAAC-1	Ex
TAACGGTTCGGGCTCA-1	Ex
TAACGGTTCTAAGGTC-1	Ex
TAACGGTTCTAGTCGA-1	Ex
TAACGGTTCTTTATCG-1	Ex
TAACTTCAGGCGTAGT-1	Ex
TAACTTCAGGGAAGCG-1	Ex
TAACTTCCACGTTGTA-1	Ex
TAACTTCCAGGGTAAC-1	Ex
TAACTTCTCAATTGGC-1	Ex
TAACTTCTCGAACCGC-1	Ex
TAACTTCTCGCAACTA-1	Ex
TAAGCCAAGAATCAAC-1	Ex
TAAGCCAAGAGCACTG-1	Ex
TAAGCCAAGATCGATA-1	Ex
TAAGCCAAGCACCATT-1	Ex
TAAGCCAAGCTCCATA-1	Ex
TAAGCCAAGGCGATTG-1	Ex
TAAGCCAAGTGCCCTG-1	Ex
TAAGCCAAGTGTCACT-1	Ex
TAAGCCACACCCTTTG-1	Ex
TAAGCCACACTGTTAG-1	Ex
TAAGCCAGTAGTCCAT-1	Ex
TAAGCCAGTTACACTG-1	Ex
TAAGCCAGTTATAGAG-1	Ex
TAAGCCAGTTCCTGTC-1	Ex
TAAGCCAGTTCTGAGT-1	Ex
TAAGCCAGTTGGACGA-1	Ex
TAAGCCATCAATGCAC-1	Ex
TAAGCCATCACAGGGA-1	Ex
TAAGCCATCGACGGAA-1	Ex
TAAGTGCAGATACCAA-1	Ex
TAAGTGCCAAGCTTTG-1	Ex
TAAGTGCCAGGTAGGT-1	Ex
TAAGTGCGTCTAAAGA-1	Ex
TAAGTGCGTGCAAGAC-1	Ex
TAAGTGCGTGTCCAGC-1	Ex
TAAGTGCTCGGTGATT-1	Ex
TAAGTGCTCGTGAACT-1	Ex
TAATCGGAGATACCAA-1	Ex
TAATCGGAGCGATACG-1	Ex
TAATCGGAGTCTAGAA-1	Ex
TAATCGGAGTGTCGCC-1	Ex
TAATCGGCAAATTGAG-1	Ex
TAATCGGCAGGAGCAT-1	Ex
TAATCGGGTAATGCAA-1	Ex
TAATCGGGTTCCAGTA-1	Ex
TAATCGGGTTGGCTAT-1	Ex
TAATCGGGTTTCAGCA-1	Ex
TAATCGGTCACTCGGG-1	Ex
TAATCGGTCGGGAAAC-1	Ex
TAATTCCAGTAATGTG-1	Ex
TAATTCCCAAGACTTC-1	Ex
TAATTCCCAAGGAAGA-1	Ex
TAATTCCGTCGTCGCA-1	Ex
TAATTCCGTGACGCAA-1	Ex
TAATTCCGTGTGCGTC-1	Ex
TAATTCCGTTGCTTGA-1	Ex
TACAGCAAGGATTAAC-1	Ex
TACAGCAAGGTGTCGA-1	Ex
TACAGCAAGTGTGTAA-1	Ex
TACAGCACACTTATGG-1	Ex
TACAGCAGTGGACCAA-1	Ex
TACAGCAGTTACTACG-1	Ex
TACAGCATCAGTACAC-1	Ex
TACAGCATCCGGCGAT-1	Ex
TACATGGAGCTGAAAT-1	Ex
TACATGGAGGTCGGTA-1	Ex
TACATGGAGTTACACC-1	Ex
TACATGGCACCTATTT-1	Ex
TACATGGCATCAACTG-1	Ex
TACATGGGTTTAGACC-1	Ex
TACATGGTCCTTACGC-1	Ex
TACATTCAGCAATAAC-1	Ex
TACATTCAGGTCGTTT-1	Ex
TACATTCGTAGCGGTA-1	Ex
TACCCTGAGACTCTTG-1	Ex
TACCCTGAGTGTCGCC-1	Ex
TACCCTGCAACGCACC-1	Ex
TACCCTGCAAGTCTCA-1	Ex
TACCCTGCAAGTTCGT-1	Ex
TACCCTGCAGAAGTGC-1	Ex
TACCCTGGTACGTAGG-1	Ex
TACCCTGGTCGGCTGT-1	Ex
TACCCTGGTGCTAGTT-1	Ex
TACCCTGTCACTACCC-1	Ex
TACCCTGTCCTCAAGA-1	Ex
TACCCTGTCGCACCTT-1	Ex
TACCCTGTCGCTACCT-1	Ex
TACCCTGTCGCTCTAC-1	Ex
TACCTATAGCAACTGG-1	Ex
TACCTATCAAGAAACT-1	Ex
TACCTATCACTTACAG-1	Ex
TACCTATGTAGCGTTT-1	Ex
TACCTATGTGTCTCGG-1	Ex
TACCTATGTTCTTTCA-1	Ex
TACCTCGAGCCTATAC-1	Ex
TACCTCGAGTCAGCCC-1	Ex
TACCTCGCAAGGAACC-1	Ex
TACCTCGCAATCCATG-1	Ex
TACCTCGCAATTCGTG-1	Ex
TACCTCGCACAGAAGC-1	Ex
TACCTCGCACAGGAAC-1	Ex
TACCTCGCACATATCG-1	Ex
TACCTCGCACGCTCAG-1	Ex
TACCTCGCAGCCGAAA-1	Ex
TACCTCGCAGCGTAGA-1	Ex
TACCTCGCAGTTAAAG-1	Ex
TACCTCGCATAGGCGA-1	Ex
TACCTCGCATGGCCCA-1	Ex
TACCTCGTCAAGAGAT-1	Ex
TACCTCGTCACGGGTC-1	Ex
TACCTCGTCACTCGTC-1	Ex
TACCTCGTCAGAATGA-1	Ex
TACCTCGTCCAGGTAT-1	Ex
TACCTCGTCCGAATTG-1	Ex
TACCTCGTCTCCTTAA-1	Ex
TACCTCGTCTGTAGAC-1	Ex
TACCTCGTCTTCCAGC-1	Ex
TACCTCGTCTTCTCTC-1	Ex
TACGCAAAGCCCATGC-1	Ex
TACGCAAAGGGACGTT-1	Ex
TACGCAACACGATATC-1	Ex
TACGCAACAGAAGTGC-1	Ex
TACGCAAGTCTGAGCC-1	Ex
TACGCAAGTTAGTAGA-1	Ex
TACGCCTCAATGTGTC-1	Ex
TACGCCTCACAAACGG-1	Ex
TACGCCTCACACATGT-1	Ex
TACGCCTCACGCTGTG-1	Ex
TACGCCTCAGAGTCGA-1	Ex
TACGCCTCAGATGGCA-1	Ex
TACGCCTGTAACACTC-1	Ex
TACGCCTGTGGACTGA-1	Ex
TACGGATAGTCGCGTC-1	Ex
TACGGATAGTTCAGGG-1	Ex
TACGGATCAAAGAAGG-1	Ex
TACGGATCACAGAAGC-1	Ex
TACGGATCACATAAAG-1	Ex
TACGGATCACCGAATT-1	Ex
TACGGATCACTGTCAA-1	Ex
TACGGATCAGGACTGA-1	Ex
TACGGATCATATACGC-1	Ex
TACGGATCATGCCTTC-1	Ex
TACGGATTCCCAGCAG-1	Ex
TACGGATTCTATATCC-1	Ex
TACGGATTCTCTGCGT-1	Ex
TACGGATTCTTGTGCC-1	Ex
TACTAGGCACGCTAAT-1	Ex
TACTAGGGTAGCAGCA-1	Ex
TACTAGGGTCAGGTGA-1	Ex
TACTAGGGTCCTATTT-1	Ex
TACTAGGTCAGGAAGC-1	Ex
TACTAGGTCCTTTGAT-1	Ex
TACTAGGTCGCGTGAC-1	Ex
TACTAGGTCGCTTCAC-1	Ex
TACTCGCAGAGTAAGG-1	Ex
TACTCGCCAAATAGTG-1	Ex
TACTCGCCAAGCGGTA-1	Ex
TACTCGCCACTGTTAG-1	Ex
TACTCGCGTAGAATAC-1	Ex
TACTCGCGTATTGTGC-1	Ex
TACTCGCTCCTCATTA-1	Ex
TACTCGCTCGGGAAAC-1	Ex
TACTCGCTCTCTGAGA-1	Ex
TACTGCCAGGTACTCT-1	Ex
TACTGCCAGTGCACAG-1	Ex
TACTGCCCAAACCCTA-1	Ex
TACTGCCCAAGGACCA-1	Ex
TACTGCCCAATAGTGA-1	Ex
TACTGCCCATTGCCTC-1	Ex
TACTGCCGTAAGTCTC-1	Ex
TACTGCCGTTCATTTC-1	Ex
TACTGCCGTTTGCGAT-1	Ex
TACTGCCTCAGGTCTA-1	Ex
TACTGCCTCTCCCTTT-1	Ex
TACTGCCTCTTACTCA-1	Ex
TACTGCCTCTTCGTTA-1	Ex
TAGACTGAGTGTCACT-1	Ex
TAGACTGCACACATGT-1	Ex
TAGACTGCACTCGGAC-1	Ex
TAGACTGCATGTAGAA-1	Ex
TAGACTGGTAATGCAA-1	Ex
TAGACTGGTTTCGTTT-1	Ex
TAGCACAAGCACGTAG-1	Ex
TAGCACAGTAAAGGCC-1	Ex
TAGCACAGTCAACTAC-1	Ex
TAGCACAGTCCGTGCA-1	Ex
TAGCACAGTGATGCGA-1	Ex
TAGCACATCAAACCCA-1	Ex
TAGCACATCGCTTGAA-1	Ex
TAGCATGAGAGCGGTT-1	Ex
TAGCATGCAGGGTAAC-1	Ex
TAGCATGGTCTCTGCT-1	Ex
TAGCATGTCAACTTGG-1	Ex
TAGCATGTCCTATCCG-1	Ex
TAGCATGTCCTGGGAC-1	Ex
TAGCATGTCGCAGATT-1	Ex
TAGCCCTAGTCTGCTA-1	Ex
TAGCCCTAGTGCCCTG-1	Ex
TAGCCCTCAAGGGAGG-1	Ex
TAGCCCTCATGATCGT-1	Ex
TAGCCCTGTAGGGTTG-1	Ex
TAGCCCTGTTTAGGAA-1	Ex
TAGCCCTTCAGCCGGT-1	Ex
TAGCCCTTCCAGGTAT-1	Ex
TAGCCCTTCCCTAAAG-1	Ex
TAGCCCTTCGCTGATA-1	Ex
TAGCCGGCAACGTAGG-1	Ex
TAGCCGGGTCAACTAC-1	Ex
TAGCCGGGTCTCGGGT-1	Ex
TAGCCGGGTGTCGGTC-1	Ex
TAGCCGGTCGAAGCCC-1	Ex
TAGCGGCAGATGTTGA-1	Ex
TAGCGGCAGCGAGAAA-1	Ex
TAGCGGCAGGTCGGTA-1	Ex
TAGCGGCAGTGTAATG-1	Ex
TAGCGGCCAGCGTGAA-1	Ex
TAGCGGCGTAGGGTTG-1	Ex
TAGCGGCGTGCACCCA-1	Ex
TAGCGGCGTTATGCAC-1	Ex
TAGCGGCGTTTCAGCA-1	Ex
TAGCGGCTCATAGGTC-1	Ex
TAGCGGCTCTATCTAC-1	Ex
TAGCGGCTCTCCTTGG-1	Ex
TAGCGGCTCTCTGACC-1	Ex
TAGCGGCTCTCTGCGT-1	Ex
TAGCTTTAGACAGCTG-1	Ex
TAGCTTTAGCAGGAGG-1	Ex
TAGCTTTAGTCCCTCT-1	Ex
TAGCTTTAGTCTTAGC-1	Ex
TAGCTTTCACATATCG-1	Ex
TAGCTTTCAGCCACGT-1	Ex
TAGCTTTCAGGTGTCC-1	Ex
TAGCTTTCATCATCGA-1	Ex
TAGCTTTCATCGCTAA-1	Ex
TAGCTTTGTAAGCCGA-1	Ex
TAGCTTTGTAATGCCT-1	Ex
TAGCTTTGTCAACGGA-1	Ex
TAGCTTTGTCAGACGA-1	Ex
TAGCTTTGTGAGGTCA-1	Ex
TAGCTTTGTGATGCTT-1	Ex
TAGCTTTGTTTAGAAG-1	Ex
TAGCTTTTCATTCTCA-1	Ex
TAGGAGGAGCTCGGCT-1	Ex
TAGGAGGCAAATAGTG-1	Ex
TAGGAGGCAATTCAGC-1	Ex
TAGGAGGCACTGGGCT-1	Ex
TAGGAGGCAGCGTAGA-1	Ex
TAGGAGGCAGGCACAA-1	Ex
TAGGAGGCATCGGCCA-1	Ex
TAGGAGGCATTAAGGA-1	Ex
TAGGAGGGTGAATCAA-1	Ex
TAGGAGGGTGAGTAAT-1	Ex
TAGGAGGTCCGTTTCG-1	Ex
TAGGTCAAGACACGGT-1	Ex
TAGGTCAAGGCAGATC-1	Ex
TAGGTCAAGGCAGTGT-1	Ex
TAGGTCAAGTTCAGGG-1	Ex
TAGGTCACACTCGGAC-1	Ex
TAGGTCACACTGATTG-1	Ex
TAGGTCACATGCACTA-1	Ex
TAGGTCACATGGTAAA-1	Ex
TAGGTCACATTACTTC-1	Ex
TAGGTCAGTAGTCCAT-1	Ex
TAGGTCAGTCCCGAGT-1	Ex
TAGGTCAGTTCTGAGT-1	Ex
TAGGTCATCATTCTCA-1	Ex
TAGGTCATCCCGTAGG-1	Ex
TAGGTCATCGTTGTAG-1	Ex
TAGGTCATCTAAACGC-1	Ex
TAGGTGTAGAGGAATG-1	Ex
TAGGTGTAGTGAGTTA-1	Ex
TAGGTGTCAAGCGACA-1	Ex
TAGGTGTGTAATGCCT-1	Ex
TAGGTGTGTACGACCC-1	Ex
TAGGTGTGTCAGACGA-1	Ex
TAGGTGTGTCGAGGAT-1	Ex
TAGGTGTGTCGATAGG-1	Ex
TAGGTGTGTGAGGTCA-1	Ex
TAGGTGTGTTCCCAAA-1	Ex
TAGGTGTGTTCTTTGT-1	Ex
TAGGTGTGTTTAGAAG-1	Ex
TAGGTGTTCTGAGTCA-1	Ex
TAGGTGTTCTTAAGCG-1	Ex
TAGTCCCAGACCCATT-1	Ex
TAGTCCCAGGGAGTTC-1	Ex
TAGTCCCAGTAGTCGG-1	Ex
TAGTCCCAGTTCGCGC-1	Ex
TAGTCCCCAAACGTTC-1	Ex
TAGTCCCCAAAGGAAG-1	Ex
TAGTCCCCATGCGCTG-1	Ex
TAGTCCCCATGTATCG-1	Ex
TAGTCCCGTCTAAGAA-1	Ex
TAGTCCCGTTGGTAAA-1	Ex
TAGTCCCTCATTGCCC-1	Ex
TAGTCCCTCTGTTTAC-1	Ex
TAGTCCCTCTTGTGCC-1	Ex
TATCGAGAGAGAGTTT-1	Ex
TATCGAGAGGGCTCTC-1	Ex
TATCGAGAGGTTCTCA-1	Ex
TATCGAGAGTCTCCAA-1	Ex
TATCGAGCACTCAAGT-1	Ex
TATCGAGGTAGTACAA-1	Ex
TATCGAGGTCACTCTC-1	Ex
TATCGAGTCCAGGTCG-1	Ex
TATCGAGTCTTAGTGG-1	Ex
TATCGAGTCTTCCGTG-1	Ex
TATCTGTAGGATTAAC-1	Ex
TATCTGTAGTTGACAA-1	Ex
TATCTGTCAAACCGAG-1	Ex
TATCTGTCAGTCCTGG-1	Ex
TATCTGTCATGATTGC-1	Ex
TATCTGTGTCAATACC-1	Ex
TATCTGTGTCAGAAGC-1	Ex
TATCTGTGTGTCCTTC-1	Ex
TATCTGTTCAGGCCGT-1	Ex
TATCTGTTCCAGTTAG-1	Ex
TATCTGTTCTCTATTG-1	Ex
TATCTGTTCTTAAGCG-1	Ex
TATGTGGAGGTTGTGG-1	Ex
TATGTGGAGTCTGTGT-1	Ex
TATGTGGCAACTCGAT-1	Ex
TATGTGGCAAGACACG-1	Ex
TATGTGGCAGCGTACC-1	Ex
TATGTGGCATACCCGG-1	Ex
TATGTGGGTAAAGGCC-1	Ex
TATGTGGGTACTTCGA-1	Ex
TATGTGGGTCTGGATT-1	Ex
TATGTGGGTTTCGTTT-1	Ex
TATGTGGTCGCTATTT-1	Ex
TATGTGGTCTGGCTAA-1	Ex
TATGTTCCAAGGGAGG-1	Ex
TATGTTCCACGCCGAT-1	Ex
TATGTTCGTAAACGTA-1	Ex
TATGTTCGTACGGAGT-1	Ex
TATGTTCGTGCAAGAC-1	Ex
TATGTTCTCCGCTATC-1	Ex
TATGTTCTCGCCTTAC-1	Ex
TATTGCTAGAGGCCTA-1	Ex
TATTGCTAGTCCTTCC-1	Ex
TATTGCTAGTCGAAAT-1	Ex
TATTGCTCAATCACTG-1	Ex
TATTGCTCAGAACGAC-1	Ex
TATTGCTCAGTGCGAA-1	Ex
TATTGCTGTCCTCAGG-1	Ex
TATTGCTGTTCTGAGT-1	Ex
TATTGCTGTTGTCGGC-1	Ex
TATTGCTTCAGGTTTG-1	Ex
TATTGCTTCCCACTTG-1	Ex
TCAAAGCAGGTAAGTT-1	Ex
TCAAAGCAGGTCGGTA-1	Ex
TCAAAGCCAACGTCCG-1	Ex
TCAAAGCCAAGCCAGA-1	Ex
TCAAAGCCACAAACAA-1	Ex
TCAAAGCGTAGAAGCC-1	Ex
TCAAAGCGTCAGGCTC-1	Ex
TCAAAGCGTGAATGGC-1	Ex
TCAAAGCGTGCAGACA-1	Ex
TCAAAGCGTTAACCGT-1	Ex
TCAAAGCGTTAAGGGC-1	Ex
TCAAAGCGTTCTTTCA-1	Ex
TCAAAGCTCCGCTATC-1	Ex
TCAAAGCTCCTCAAGA-1	Ex
TCAAAGCTCTCCTTAA-1	Ex
TCAAGACCAATTGCCA-1	Ex
TCAAGACCACGCGACT-1	Ex
TCAAGACCATCAGAAA-1	Ex
TCAAGACGTAAACCCT-1	Ex
TCAAGACGTACGGATG-1	Ex
TCAAGACGTACGGTTT-1	Ex
TCAAGACGTCCGCTTT-1	Ex
TCAAGACTCATTCATC-1	Ex
TCAAGACTCGATGTGT-1	Ex
TCAAGACTCGGATGTT-1	Ex
TCAAGCAAGATATGAC-1	Ex
TCAAGCAAGCAGAGCT-1	Ex
TCAAGCAAGCTGATTC-1	Ex
TCAAGCAAGGATTGAT-1	Ex
TCAAGCAAGGTCGTTT-1	Ex
TCAAGCAAGGTTCGAG-1	Ex
TCAAGCAAGTTGACAA-1	Ex
TCAAGCACAACGCACC-1	Ex
TCAAGCACAGGCAAGT-1	Ex
TCAAGCACATCGTACA-1	Ex
TCAAGCACATTCTTTG-1	Ex
TCAAGCAGTAAGCCGA-1	Ex
TCAAGCAGTCATTGGT-1	Ex
TCAAGCAGTGTGTGCC-1	Ex
TCAAGCATCAGGATCT-1	Ex
TCAAGCATCTGTGTCC-1	Ex
TCAAGGTAGACGCCCT-1	Ex
TCAAGGTAGGCAGTAC-1	Ex
TCAAGGTCAACACGGA-1	Ex
TCAAGGTCAAGATTAG-1	Ex
TCAAGGTCAAGGCTTT-1	Ex
TCAAGGTCACACGGTC-1	Ex
TCAAGGTGTAGATGAT-1	Ex
TCAAGGTGTATCATGC-1	Ex
TCAAGGTGTTAGTAGA-1	Ex
TCAAGGTTCTACATCT-1	Ex
TCAATTCAGAACGTTA-1	Ex
TCAATTCAGCGCGTTC-1	Ex
TCAATTCAGCTATCGT-1	Ex
TCAATTCAGTAGAAGG-1	Ex
TCAATTCAGTTCCAGT-1	Ex
TCAATTCCAAGCCAGA-1	Ex
TCAATTCCAATGTGTC-1	Ex
TCAATTCCACAGTTAC-1	Ex
TCAATTCGTCCCTAAA-1	Ex
TCAATTCGTCTGGTCG-1	Ex
TCAATTCGTGCGACCT-1	Ex
TCAATTCGTGGTACTT-1	Ex
TCAATTCGTTAGAGAT-1	Ex
TCAATTCGTTCCTGTC-1	Ex
TCACAAGAGATATGTG-1	Ex
TCACAAGCAATGCACT-1	Ex
TCACAAGCAATGTGTC-1	Ex
TCACAAGCAGTTCGGC-1	Ex
TCACAAGGTCAATACC-1	Ex
TCACAAGGTCCGTAGC-1	Ex
TCACAAGGTCTGGGAA-1	Ex
TCACAAGGTGCATTGT-1	Ex
TCACAAGGTGTTGGTT-1	Ex
TCACAAGTCACTACCC-1	Ex
TCACAAGTCCGAGAGA-1	Ex
TCACAAGTCTGGCCAG-1	Ex
TCACAGAAGGACTAGC-1	Ex
TCACAGAAGTCGTGAG-1	Ex
TCACAGAAGTGAGCTG-1	Ex
TCACAGAAGTTCCAGT-1	Ex
TCACAGACAAACGTTC-1	Ex
TCACAGACAAATTCCG-1	Ex
TCACAGACAAGCAGGT-1	Ex
TCACAGACACTGATAC-1	Ex
TCACAGAGTAACGTAA-1	Ex
TCACAGAGTTAGGAAT-1	Ex
TCACAGATCAGTCTTT-1	Ex
TCACAGATCGCGATGC-1	Ex
TCACCACCAGGATGTG-1	Ex
TCACCACGTACTTGAC-1	Ex
TCACCACTCGAGTGTT-1	Ex
TCACCTGAGCAGGAGG-1	Ex
TCACCTGAGCTGAATA-1	Ex
TCACCTGCACAAACGG-1	Ex
TCACCTGCATATAGAG-1	Ex
TCACCTGCATCGACGC-1	Ex
TCACCTGGTACCGGCT-1	Ex
TCACCTGGTATGCTAC-1	Ex
TCACCTGGTCATGAGG-1	Ex
TCACCTGGTCTGGTCG-1	Ex
TCACCTGGTTCTACGA-1	Ex
TCACTCGAGTGCTGAG-1	Ex
TCACTCGCACGTTACA-1	Ex
TCACTCGCATGTGAGG-1	Ex
TCACTCGGTCCCGTGA-1	Ex
TCACTCGGTCGAGGAT-1	Ex
TCACTCGGTCTGATTG-1	Ex
TCACTCGGTGGCATAG-1	Ex
TCACTCGGTTCAGTAC-1	Ex
TCACTCGGTTGGCTAT-1	Ex
TCACTCGTCCCAGCAG-1	Ex
TCACTCGTCTTCCACG-1	Ex
TCAGCTCAGTCCTTCC-1	Ex
TCAGCTCCAAAGCATA-1	Ex
TCAGCTCCACTTACAG-1	Ex
TCAGCTCCAGGCAAGT-1	Ex
TCAGCTCCAGGTCCTG-1	Ex
TCAGCTCGTCCGTCGA-1	Ex
TCAGCTCGTCTGCGCA-1	Ex
TCAGCTCGTGATGTGG-1	Ex
TCAGCTCGTTAACTCG-1	Ex
TCAGCTCGTTGGGAAC-1	Ex
TCAGGGCAGAGGTACC-1	Ex
TCAGGGCAGATTAGAC-1	Ex
TCAGGGCAGCGTTGCC-1	Ex
TCAGGGCAGCTTTCCC-1	Ex
TCAGGGCCAAGAGATT-1	Ex
TCAGGGCCACCACGAC-1	Ex
TCAGGGCCATCAGAAA-1	Ex
TCAGGGCCATCAGCTA-1	Ex
TCAGGGCCATGTGAGG-1	Ex
TCAGGGCGTCAGTGCC-1	Ex
TCAGGGCGTCTCAAAC-1	Ex
TCAGGGCGTGCTGGCT-1	Ex
TCAGGGCTCCCAGCGA-1	Ex
TCAGGGCTCCTTTGCG-1	Ex
TCAGGGCTCGAAGCCC-1	Ex
TCAGGGCTCGTGAGTT-1	Ex
TCAGGGCTCTCCCTTT-1	Ex
TCAGGGCTCTCGTAGA-1	Ex
TCAGGTAAGGATCCTT-1	Ex
TCAGGTACAAGTTGCT-1	Ex
TCAGGTACACGATATC-1	Ex
TCAGGTACAGGATAGC-1	Ex
TCAGGTACATCGACGC-1	Ex
TCAGGTACATCGCCTT-1	Ex
TCAGGTATCCAACGCG-1	Ex
TCAGGTATCGGAGTTT-1	Ex
TCAGGTATCTCTATTG-1	Ex
TCAGTCCAGAGACTCG-1	Ex
TCAGTCCAGAGCACTG-1	Ex
TCAGTCCCAAAGGTCG-1	Ex
TCAGTCCCACAGTAGG-1	Ex
TCAGTCCCACCTACCT-1	Ex
TCAGTCCCAGCGTACC-1	Ex
TCAGTCCCAGGTCTGC-1	Ex
TCAGTCCCATGGCCCA-1	Ex
TCAGTCCGTAACGTAA-1	Ex
TCAGTCCGTAGACACG-1	Ex
TCAGTCCGTCAGTGTT-1	Ex
TCAGTCCGTCTAACCA-1	Ex
TCAGTCCGTGTGCTTA-1	Ex
TCAGTCCTCACTGGTA-1	Ex
TCAGTCCTCCGCCTAT-1	Ex
TCAGTCCTCGATATGC-1	Ex
TCAGTTTAGCACCATT-1	Ex
TCAGTTTAGTGAGCTG-1	Ex
TCAGTTTCAACTCGTA-1	Ex
TCAGTTTCAGGAGCAT-1	Ex
TCAGTTTCATCTCACC-1	Ex
TCAGTTTCATGGGAAC-1	Ex
TCAGTTTGTCCGGTAC-1	Ex
TCAGTTTGTGAGGTCA-1	Ex
TCAGTTTGTTCATTTC-1	Ex
TCAGTTTGTTCTCGAA-1	Ex
TCAGTTTTCCGCCTAT-1	Ex
TCCAGAAAGACACGGT-1	Ex
TCCAGAAAGACACTTC-1	Ex
TCCAGAAAGATCCGAG-1	Ex
TCCAGAAAGCGATACG-1	Ex
TCCAGAAAGGAAGGTA-1	Ex
TCCAGAAAGTGAGCTG-1	Ex
TCCAGAAAGTGTCGCC-1	Ex
TCCAGAAAGTTCAGGG-1	Ex
TCCAGAAAGTTCTCCC-1	Ex
TCCAGAACACAAGGGT-1	Ex
TCCAGAACACAATAAG-1	Ex
TCCAGAACACTGCTCT-1	Ex
TCCAGAACAGTATACC-1	Ex
TCCAGAACATCTCTCG-1	Ex
TCCAGAACATGGTAAA-1	Ex
TCCAGAAGTACGCAAG-1	Ex
TCCAGAAGTAGATTAG-1	Ex
TCCAGAATCGATCTTT-1	Ex
TCCATCGAGATTAGAC-1	Ex
TCCATCGAGTTCAGGG-1	Ex
TCCATCGCACCTGTGG-1	Ex
TCCATCGCAGAGAGAA-1	Ex
TCCATCGCAGTGCGTC-1	Ex
TCCATCGCAGTGCTCG-1	Ex
TCCATCGGTCGCTAGC-1	Ex
TCCATCGGTGTGACCC-1	Ex
TCCATCGGTGTGTGTT-1	Ex
TCCCACAAGAGGAATG-1	Ex
TCCCACAAGTTCAAGA-1	Ex
TCCCACAGTGCACATT-1	Ex
TCCCACAGTTAGGAAT-1	Ex
TCCCACATCCATAGGT-1	Ex
TCCCACATCTTGTCGC-1	Ex
TCCGACTAGCGGACTA-1	Ex
TCCGACTAGGTACACG-1	Ex
TCCGACTCATGTATCG-1	Ex
TCCGACTGTCGATTAC-1	Ex
TCCGACTGTCTAAGAA-1	Ex
TCCGACTTCGTCTTAT-1	Ex
TCCGACTTCTCCTTGG-1	Ex
TCCGACTTCTGCTACC-1	Ex
TCGAGCGAGAGTTCGG-1	Ex
TCGAGCGAGATATGAC-1	Ex
TCGAGCGAGCGTCTGC-1	Ex
TCGAGCGAGCTGATTC-1	Ex
TCGAGCGAGTGCTGAG-1	Ex
TCGAGCGAGTTTGGAA-1	Ex
TCGAGCGCAAACTACC-1	Ex
TCGAGCGCAATGTGTC-1	Ex
TCGAGCGCACAGCCAC-1	Ex
TCGAGCGCATAGCCGC-1	Ex
TCGAGCGTCTGATCTT-1	Ex
TCGAGCGTCTGGCCAG-1	Ex
TCGATTTAGCTCGTTA-1	Ex
TCGATTTAGGCGCTTC-1	Ex
TCGATTTAGGGTTCTT-1	Ex
TCGATTTAGGTAAGTT-1	Ex
TCGATTTGTACCAAGG-1	Ex
TCGATTTTCACTAGCA-1	Ex
TCGATTTTCTACTGCC-1	Ex
TCGCAGGAGCGTTGCC-1	Ex
TCGCAGGAGCTTACCA-1	Ex
TCGCAGGAGTGATATG-1	Ex
TCGCAGGCAATGGCAG-1	Ex
TCGCAGGGTTAACCGT-1	Ex
TCGCAGGGTTAAGGGC-1	Ex
TCGCAGGTCGGGCTCA-1	Ex
TCGCAGGTCTAAGGTC-1	Ex
TCGCAGGTCTCTGCGT-1	Ex
TCGCAGGTCTGGAAGG-1	Ex
TCGCAGGTCTGTTTAC-1	Ex
TCGCCTAAGCAGGAGG-1	Ex
TCGCCTAAGCGCAATG-1	Ex
TCGCCTACAAATAGTG-1	Ex
TCGCCTACAACGTACT-1	Ex
TCGCCTACACTTTGGA-1	Ex
TCGCCTACAGGCAGAT-1	Ex
TCGCCTAGTAGGGTCA-1	Ex
TCGCCTATCCGCTCTA-1	Ex
TCGCCTATCGCGCTGA-1	Ex
TCGGGACAGGCAAGGG-1	Ex
TCGGGACAGTGCAACG-1	Ex
TCGGGACCAAAGCTTC-1	Ex
TCGGGACCACGGTTAT-1	Ex
TCGGGACCATCTCACC-1	Ex
TCGGGACGTAGGTAAT-1	Ex
TCGGGACGTGCACCCA-1	Ex
TCGGGACGTGCTGTGC-1	Ex
TCGGGACGTTGGCTAT-1	Ex
TCGTTCGAGGATATCA-1	Ex
TCGTTCGAGTGAAACT-1	Ex
TCGTTCGCAATTCGTG-1	Ex
TCGTTCGCATTTGGTG-1	Ex
TCGTTCGGTAGCAGCA-1	Ex
TCGTTCGGTCCAAGAG-1	Ex
TCGTTCGGTTAACCGT-1	Ex
TCGTTCGGTTAAGGGC-1	Ex
TCGTTCGTCACCCTTG-1	Ex
TCGTTCGTCAGGATCT-1	Ex
TCGTTCGTCTCGCGTT-1	Ex
TCTAGTTAGATGGCAC-1	Ex
TCTAGTTAGGGCTCTC-1	Ex
TCTAGTTCACCTACCT-1	Ex
TCTAGTTCACGAACGA-1	Ex
TCTAGTTCATAGCAGG-1	Ex
TCTAGTTCATGCCCTT-1	Ex
TCTAGTTGTAAGTGCG-1	Ex
TCTAGTTGTTCCTATT-1	Ex
TCTATTGAGCCTGTAT-1	Ex
TCTATTGCAAACCCTA-1	Ex
TCTATTGCACAATAAG-1	Ex
TCTATTGCACAGTAGG-1	Ex
TCTATTGCAGAACAGC-1	Ex
TCTATTGCAGCCACGT-1	Ex
TCTATTGCAGTTCGGC-1	Ex
TCTATTGCATCGGCCA-1	Ex
TCTATTGGTAACCCAT-1	Ex
TCTATTGGTAGTATCC-1	Ex
TCTATTGGTTGTGACT-1	Ex
TCTATTGTCCAGGCCA-1	Ex
TCTATTGTCCATATCT-1	Ex
TCTATTGTCGGCTATA-1	Ex
TCTCAGCAGAAGACTT-1	Ex
TCTCAGCAGAGGTGGG-1	Ex
TCTCAGCAGCCTATAC-1	Ex
TCTCAGCAGCTCGTTA-1	Ex
TCTCAGCCAAGTGGCA-1	Ex
TCTCAGCCACCGATCG-1	Ex
TCTCAGCGTCAAATCC-1	Ex
TCTCAGCGTCCCGAGT-1	Ex
TCTCAGCTCACTACCC-1	Ex
TCTCTGGAGTCCAGAG-1	Ex
TCTCTGGCATCACAGT-1	Ex
TCTCTGGGTATTGTCG-1	Ex
TCTCTGGGTTTCAGCA-1	Ex
TGAATCGAGATGTTGA-1	Ex
TGAATCGAGCAGAATT-1	Ex
TGAATCGAGGAGTACC-1	Ex
TGAATCGAGGCCTCGT-1	Ex
TGAATCGGTATGCTAC-1	Ex
TGAATCGGTGTCCCAG-1	Ex
TGAATCGGTTAACCAC-1	Ex
TGAATCGTCACCCTTG-1	Ex
TGAATCGTCAGGATCT-1	Ex
TGAATCGTCTAGCTGA-1	Ex
TGAATCGTCTCTATCA-1	Ex
TGAATCGTCTGCGTCT-1	Ex
TGACAACAGCATGTGG-1	Ex
TGACAACAGCTACGTT-1	Ex
TGACAACCACATATCG-1	Ex
TGACAACCACTCGGAC-1	Ex
TGACAACCAGACCTGC-1	Ex
TGACAACGTCACCGCA-1	Ex
TGACTCCCAACAAACA-1	Ex
TGACTCCCAACGAGGT-1	Ex
TGACTCCCAATACTGC-1	Ex
TGACTCCCACCGTTGG-1	Ex
TGACTCCCACGCTGTG-1	Ex
TGACTCCCAGATTAAG-1	Ex
TGACTCCCAGTAGTCT-1	Ex
TGACTCCCATACTGCA-1	Ex
TGACTCCCATCGCCTT-1	Ex
TGACTCCGTACAAGCG-1	Ex
TGACTCCTCACTTACT-1	Ex
TGACTCCTCAGGCCGT-1	Ex
TGACTCCTCCAGGTCG-1	Ex
TGACTCCTCTCCAACC-1	Ex
TGAGCCGAGGATGCCA-1	Ex
TGAGCCGAGTGTTCCA-1	Ex
TGAGCCGCAGGCATCC-1	Ex
TGAGCCGCATGGTAAA-1	Ex
TGAGCCGCATTACCTT-1	Ex
TGAGCCGGTCACTCTC-1	Ex
TGAGCCGGTCTGGGCT-1	Ex
TGAGCCGGTGTAGGAC-1	Ex
TGAGCCGGTTTGTAGC-1	Ex
TGAGCCGTCAACACGT-1	Ex
TGAGCCGTCACTAGGT-1	Ex
TGAGCCGTCAGCGGTC-1	Ex
TGAGCCGTCCATAGGT-1	Ex
TGAGCCGTCGCGCTGA-1	Ex
TGAGCCGTCGTTCTAT-1	Ex
TGAGCCGTCTGATCTT-1	Ex
TGAGTCAAGAGTTCGG-1	Ex
TGAGTCAAGCATACCT-1	Ex
TGAGTCACAATGTGTC-1	Ex
TGAGTCACACCACAGC-1	Ex
TGAGTCACAGGCACAA-1	Ex
TGAGTCACATTAGCCA-1	Ex
TGAGTCACATTTGGTG-1	Ex
TGAGTCAGTGAATCGG-1	Ex
TGAGTCAGTGCACTTA-1	Ex
TGAGTCAGTGCCCGAT-1	Ex
TGATCAGAGAAATACC-1	Ex
TGATCAGAGACCTATC-1	Ex
TGATCAGAGAGGCCTA-1	Ex
TGATCAGAGCCTTTGA-1	Ex
TGATCAGAGGATTGAT-1	Ex
TGATCAGAGGCGACTA-1	Ex
TGATCAGAGGTCTTTG-1	Ex
TGATCAGAGTAGTCGG-1	Ex
TGATCAGCAAAGGCCA-1	Ex
TGATCAGCAAGCAATA-1	Ex
TGATCAGCAAGTCCTA-1	Ex
TGATCAGCACATATCG-1	Ex
TGATCAGCATCATGTG-1	Ex
TGATCAGGTACGCAAG-1	Ex
TGATCAGGTTGCCTGG-1	Ex
TGATCAGGTTTCGTTT-1	Ex
TGATCAGTCACTCGTC-1	Ex
TGATCAGTCGATAGTC-1	Ex
TGATCAGTCTTCTCTC-1	Ex
TGATGCAAGGCAATTA-1	Ex
TGATGCAAGGGCGAAG-1	Ex
TGATGCAAGTGCACAG-1	Ex
TGATGCACAAGTCCTA-1	Ex
TGATGCACAGTAACCT-1	Ex
TGATGCACATCCCGGA-1	Ex
TGATGCAGTTTGTACG-1	Ex
TGATGCATCCGTACGG-1	Ex
TGATGCATCGATTACG-1	Ex
TGATGCATCTGCGTCT-1	Ex
TGATTTCAGCACGTAG-1	Ex
TGATTTCAGCTCCGGT-1	Ex
TGATTTCAGTAGTGTA-1	Ex
TGATTTCCAAAGACGC-1	Ex
TGATTTCCAAGAAACT-1	Ex
TGATTTCCACGGTGTC-1	Ex
TGATTTCCAGAACAGC-1	Ex
TGATTTCCATTGTTCT-1	Ex
TGATTTCGTATCTGCA-1	Ex
TGATTTCGTCGCTAGC-1	Ex
TGATTTCGTGTGACCC-1	Ex
TGATTTCGTGTGTGTT-1	Ex
TGATTTCGTTGCCTGG-1	Ex
TGATTTCGTTGTATCG-1	Ex
TGATTTCTCAACTTGG-1	Ex
TGATTTCTCAGAATGA-1	Ex
TGATTTCTCCAGTTAG-1	Ex
TGATTTCTCCCAGTAA-1	Ex
TGATTTCTCGCTCTAC-1	Ex
TGATTTCTCTACTTTG-1	Ex
TGCACCTAGACCTATC-1	Ex
TGCACCTAGACTCGGA-1	Ex
TGCACCTAGACTTGAA-1	Ex
TGCACCTAGAGGCCTA-1	Ex
TGCACCTAGAGTTCGG-1	Ex
TGCACCTAGCTTACCA-1	Ex
TGCACCTAGGGTGTTG-1	Ex
TGCACCTAGTACCCAT-1	Ex
TGCACCTAGTCCCGCA-1	Ex
TGCACCTAGTCGAAAT-1	Ex
TGCACCTCATGGATGG-1	Ex
TGCACCTGTATGGTTC-1	Ex
TGCACCTTCCATACGA-1	Ex
TGCACCTTCGGATCGC-1	Ex
TGCATGAAGAAATCTG-1	Ex
TGCATGAAGAATACTG-1	Ex
TGCATGAAGGAAACTT-1	Ex
TGCATGACAAACAGTA-1	Ex
TGCATGACACATATCG-1	Ex
TGCATGACAGAACGAC-1	Ex
TGCATGACAGACCTGC-1	Ex
TGCATGACAGCCACGT-1	Ex
TGCATGACATCGCTAA-1	Ex
TGCATGAGTCACTCTC-1	Ex
TGCATGAGTCAGCTTA-1	Ex
TGCATGAGTCTAAGAA-1	Ex
TGCATGAGTGTAGGAC-1	Ex
TGCATGAGTTTGTAGC-1	Ex
TGCATTTAGCAGAGCT-1	Ex
TGCATTTAGCTAACAA-1	Ex
TGCATTTAGGTACATA-1	Ex
TGCATTTAGTCCCGCA-1	Ex
TGCATTTCAACCTCCT-1	Ex
TGCATTTCACCTGTGG-1	Ex
TGCATTTCAGCGTCGT-1	Ex
TGCATTTCATGTGGGA-1	Ex
TGCATTTGTCCAACCG-1	Ex
TGCATTTGTGAGCTAG-1	Ex
TGCATTTTCCACTAGA-1	Ex
TGCATTTTCCCAGTAA-1	Ex
TGCATTTTCCGAGGAA-1	Ex
TGCATTTTCCGGGCAT-1	Ex
TGCATTTTCTATCTAC-1	Ex
TGCATTTTCTTCCAGC-1	Ex
TGCCTCACAAGCGTCC-1	Ex
TGCCTCACACATATCG-1	Ex
TGCCTCACACTCGGAC-1	Ex
TGCCTCACACTGGGCT-1	Ex
TGCCTCACAGACCTGC-1	Ex
TGCCTCACATTCACCC-1	Ex
TGCCTCAGTGCAAGCA-1	Ex
TGCCTCAGTTTCTTAC-1	Ex
TGCCTCATCCGCTATC-1	Ex
TGCCTCATCCTAAGTG-1	Ex
TGCCTCATCGAGAACG-1	Ex
TGCCTCATCGGATCGC-1	Ex
TGCCTGTAGCTCGGCT-1	Ex
TGCCTGTAGGATATCA-1	Ex
TGCCTGTAGGTTGTGG-1	Ex
TGCCTGTAGTCGACCC-1	Ex
TGCCTGTCAACTGCGC-1	Ex
TGCCTGTCAGAGAGAA-1	Ex
TGCCTGTCATTGCGAT-1	Ex
TGCCTGTGTCACCCGA-1	Ex
TGCCTGTGTCTGTCCT-1	Ex
TGCCTGTGTGAGTAAT-1	Ex
TGCCTGTGTTTCAGCA-1	Ex
TGCGTAAAGGAGTACC-1	Ex
TGCGTAACAAGCGACA-1	Ex
TGCGTAACAATTGGCT-1	Ex
TGCGTAACATGGCCGT-1	Ex
TGCGTAAGTCAGAGTG-1	Ex
TGCGTAAGTCCGTGCA-1	Ex
TGCGTAAGTCGCTAGC-1	Ex
TGCGTAAGTCGGCTGT-1	Ex
TGCGTAAGTGGCGCTT-1	Ex
TGCGTAATCCACTAGA-1	Ex
TGCGTAATCTTAAGCG-1	Ex
TGCTATTAGAAACGCC-1	Ex
TGCTATTCAGTAACTC-1	Ex
TGCTATTCATCGTGAT-1	Ex
TGCTATTGTGCCGGTT-1	Ex
TGCTATTGTTATCGAC-1	Ex
TGCTCACAGAGGCCTA-1	Ex
TGCTCACAGTACCCAT-1	Ex
TGCTCACAGTCCAGAG-1	Ex
TGCTCACCATACCCGG-1	Ex
TGCTCACGTATCCTTT-1	Ex
TGCTCACGTGCGTTTA-1	Ex
TGCTCACTCAGGCGCT-1	Ex
TGCTCACTCCCGATTC-1	Ex
TGCTCACTCTGGGCGT-1	Ex
TGCTCGTAGAAATCTG-1	Ex
TGCTCGTAGAGGCCTA-1	Ex
TGCTCGTAGTGCTGAG-1	Ex
TGCTCGTCAAGTAACA-1	Ex
TGCTCGTCACAGGAAC-1	Ex
TGCTCGTCACCATTCC-1	Ex
TGCTCGTCACCTTGTC-1	Ex
TGCTCGTCAGTAACGG-1	Ex
TGCTCGTCATATACGC-1	Ex
TGCTCGTGTAAGCCGA-1	Ex
TGCTCGTGTTTGCCCT-1	Ex
TGCTCGTTCAAACCCA-1	Ex
TGCTCGTTCCACCTAC-1	Ex
TGCTTCGAGATTCCGT-1	Ex
TGCTTCGAGGCAGTGT-1	Ex
TGCTTCGAGGGAAGCG-1	Ex
TGCTTCGAGTCCGGAA-1	Ex
TGCTTCGAGTGTTCCA-1	Ex
TGCTTCGAGTTATGAG-1	Ex
TGCTTCGCAATCCATG-1	Ex
TGCTTCGCAGAACAGC-1	Ex
TGCTTCGGTACTTCGA-1	Ex
TGCTTCGGTATCGCGC-1	Ex
TGCTTCGGTGGAGTGT-1	Ex
TGCTTCGGTTCTACGA-1	Ex
TGCTTCGTCCTCCTGA-1	Ex
TGCTTTAAGGGTAGTC-1	Ex
TGCTTTAAGTAGTGTA-1	Ex
TGCTTTAAGTCCGTGC-1	Ex
TGCTTTAGTAACCGAG-1	Ex
TGCTTTAGTCTCTGCT-1	Ex
TGCTTTAGTTTAGGAA-1	Ex
TGCTTTAGTTTCTCTA-1	Ex
TGCTTTATCATGTTCT-1	Ex
TGCTTTATCCCGCAAG-1	Ex
TGCTTTATCTTAGTGG-1	Ex
TGGAAGGGTACATGGG-1	Ex
TGGAAGGGTACGCAAG-1	Ex
TGGAAGGGTAGAATAC-1	Ex
TGGAAGGGTCAATCCA-1	Ex
TGGAAGGGTCTGTTGA-1	Ex
TGGAAGGGTGATAGAT-1	Ex
TGGAAGGGTTCCAGTA-1	Ex
TGGAAGGTCACGGGTC-1	Ex
TGGAAGGTCAGGAAGC-1	Ex
TGGAAGGTCAGGCCGT-1	Ex
TGGAAGGTCCCTACCA-1	Ex
TGGAAGGTCCTCTCTT-1	Ex
TGGAAGGTCGTATAGC-1	Ex
TGGAAGGTCGTTGTTT-1	Ex
TGGACATAGATATGAC-1	Ex
TGGACATAGTCGATAA-1	Ex
TGGACATCACGTTACA-1	Ex
TGGACATCACTCCTCA-1	Ex
TGGACATCAGCTATAC-1	Ex
TGGACATCATCCTCGT-1	Ex
TGGACATGTATGCTAC-1	Ex
TGGACATGTTTAAGCC-1	Ex
TGGACATTCCATGACA-1	Ex
TGGACATTCGTGCTGG-1	Ex
TGGCAATAGAGCCTGA-1	Ex
TGGCAATAGAGCTACG-1	Ex
TGGCAATAGTCGAAAT-1	Ex
TGGCAATAGTCGAGCA-1	Ex
TGGCAATAGTCTCGAT-1	Ex
TGGCAATAGTTGGAAT-1	Ex
TGGCAATCAGGATAGC-1	Ex
TGGCAATGTAGCTGTT-1	Ex
TGGCAATGTCCTCAGG-1	Ex
TGGCAATTCGCCCTTA-1	Ex
TGGCAATTCTGACATG-1	Ex
TGGCCTTAGCCTCGCA-1	Ex
TGGCCTTCAACTCGAT-1	Ex
TGGCCTTCAATGTGCT-1	Ex
TGGCCTTCAATTGGCT-1	Ex
TGGCCTTCAGGGTAAC-1	Ex
TGGCCTTCATACCCGG-1	Ex
TGGCCTTGTAACGGCA-1	Ex
TGGCCTTGTCATTGGT-1	Ex
TGGCCTTGTTTCTTAC-1	Ex
TGGCCTTTCTTGTCAT-1	Ex
TGGCGCAAGCGTGTTT-1	Ex
TGGCGCAAGCTATCCA-1	Ex
TGGCGCACAAGTCTCA-1	Ex
TGGCGCAGTAGTAACA-1	Ex
TGGCGCAGTATCACAC-1	Ex
TGGCGCAGTCGCTAGC-1	Ex
TGGCGCAGTGATGTGG-1	Ex
TGGCGCAGTGTGACCC-1	Ex
TGGCGCAGTGTGTGTT-1	Ex
TGGCGCAGTTGGCTAT-1	Ex
TGGCGCATCAATGCAC-1	Ex
TGGGTGCAGAGTAAGG-1	Ex
TGGGTGCGTGCTTTGA-1	Ex
TGGGTGCGTGTGTGTT-1	Ex
TGGGTGCGTTGGGAAC-1	Ex
TGGGTGCTCGAGGCTC-1	Ex
TGGGTTAAGAAATCTG-1	Ex
TGGGTTAAGCTACGCC-1	Ex
TGGGTTAAGGAGACTC-1	Ex
TGGGTTACAAACGTTC-1	Ex
TGGGTTACACTCGGAC-1	Ex
TGGGTTACAGACCTGC-1	Ex
TGGGTTACAGGTCTGC-1	Ex
TGGGTTACATCGAGTT-1	Ex
TGGGTTACATGGTAAA-1	Ex
TGGGTTAGTTAACCAC-1	Ex
TGGGTTATCCTATCCG-1	Ex
TGGGTTATCCTTGACC-1	Ex
TGGGTTATCTCTTCTC-1	Ex
TGGGTTATCTTCATAC-1	Ex
TGGTCAAAGAATACTG-1	Ex
TGGTCAAAGACGAAAG-1	Ex
TGGTCAAAGCTGCCAC-1	Ex
TGGTCAACAAATGTCC-1	Ex
TGGTCAACAAGGATGC-1	Ex
TGGTCAAGTACGGTTT-1	Ex
TGGTCAAGTCTCAAAC-1	Ex
TGGTCAAGTGCTTTGA-1	Ex
TGGTCAAGTTCCTATT-1	Ex
TGGTCAAGTTCGGGAA-1	Ex
TGGTCAAGTTTAGGAA-1	Ex
TGGTCAATCACTACCC-1	Ex
TGGTCAATCGACGGAA-1	Ex
TGGTCCTAGATTCCGT-1	Ex
TGGTCCTAGCGATACG-1	Ex
TGGTCCTAGCTAACAA-1	Ex
TGGTCCTAGCTTACCA-1	Ex
TGGTCCTCAAACCTAC-1	Ex
TGGTCCTCAACGTACT-1	Ex
TGGTCCTCACAAGTGG-1	Ex
TGGTCCTCATGATCGT-1	Ex
TGGTCCTTCATGAACC-1	Ex
TGTAAGCCAATGGCTT-1	Ex
TGTAAGCCAATGGTAA-1	Ex
TGTAAGCCAATGTAAG-1	Ex
TGTAAGCCACAGCTTA-1	Ex
TGTAAGCCATTGCCTC-1	Ex
TGTAAGCGTCATCGTA-1	Ex
TGTAAGCGTTCCCGGA-1	Ex
TGTAAGCGTTCCCTTG-1	Ex
TGTAAGCTCAGGTTTG-1	Ex
TGTAAGCTCCGATGCG-1	Ex
TGTAAGCTCCGTGCAG-1	Ex
TGTAAGCTCGAGGTCC-1	Ex
TGTAAGCTCGATTACG-1	Ex
TGTAAGCTCGCGATGC-1	Ex
TGTAAGCTCTCTATCA-1	Ex
TGTAAGCTCTCTGACC-1	Ex
TGTACAGGTATTCGAC-1	Ex
TGTACAGGTCCAAGAG-1	Ex
TGTACAGTCGCGATGC-1	Ex
TGTACGAAGTTAGCGG-1	Ex
TGTACGACACTGCTTC-1	Ex
TGTACGACATAGTCCA-1	Ex
TGTACGACATTCACCC-1	Ex
TGTACGAGTAACACTC-1	Ex
TGTACGAGTGAGGGTT-1	Ex
TGTACGAGTTAACTCG-1	Ex
TGTACGAGTTGGGAAC-1	Ex
TGTACGATCACAGGGA-1	Ex
TGTACGATCCACCTAC-1	Ex
TGTACGATCCATATCT-1	Ex
TGTACGATCTAGCTGA-1	Ex
TGTACGATCTCTGCAC-1	Ex
TGTAGCAAGGCTTCGC-1	Ex
TGTAGCAAGGGTCTGA-1	Ex
TGTAGCACAACGACAG-1	Ex
TGTAGCAGTAGTACAA-1	Ex
TGTAGCAGTCGTAATC-1	Ex
TGTAGCATCCGAGAGA-1	Ex
TGTAGCATCTGGTACA-1	Ex
TGTGACAAGATTACGA-1	Ex
TGTGACAAGTGAAGGA-1	Ex
TGTGACACAAATAGTG-1	Ex
TGTGACACAGTGGTCC-1	Ex
TGTGACAGTCGATAGG-1	Ex
TGTGACAGTCTGGTCG-1	Ex
TGTGACATCAGTCAAC-1	Ex
TGTGACATCATCGCCT-1	Ex
TGTGACATCGACGGAA-1	Ex
TGTGACATCTCTGACC-1	Ex
TGTGGCGAGCGTCAAG-1	Ex
TGTGGCGAGGCGTAGT-1	Ex
TGTGGCGCAAATTGAG-1	Ex
TGTGGCGCAATGCACT-1	Ex
TGTGGCGCAGGGCTTC-1	Ex
TGTGGCGGTTTGCCAA-1	Ex
TGTGGCGTCACCGCGA-1	Ex
TGTGGCGTCCAGGTCG-1	Ex
TGTGGCGTCTACTGCC-1	Ex
TGTGTCCAGAATCAGT-1	Ex
TGTGTCCGTAGGTGAC-1	Ex
TGTGTCCGTCATAAGA-1	Ex
TGTGTCCGTGAGTAAT-1	Ex
TGTGTCCGTTAAGGGC-1	Ex
TGTGTCCTCGGTACTA-1	Ex
TGTTAGGAGAACGTCG-1	Ex
TGTTAGGAGCCTGTAT-1	Ex
TGTTAGGAGCGGACTA-1	Ex
TGTTAGGAGTACAACA-1	Ex
TGTTAGGAGTAGTCGG-1	Ex
TGTTAGGAGTCCCGCA-1	Ex
TGTTAGGCAATGGTAA-1	Ex
TGTTAGGGTATGTTCG-1	Ex
TGTTAGGGTTTGAAGA-1	Ex
TGTTAGGTCACGGGTC-1	Ex
TGTTAGGTCAGAATGA-1	Ex
TGTTAGGTCCGTGCGA-1	Ex
TGTTAGGTCTTTATCG-1	Ex
TTAACGGAGAAGCCGT-1	Ex
TTAACGGAGACTAGGC-1	Ex
TTAACGGAGATCTCAC-1	Ex
TTAACGGAGCGAATAT-1	Ex
TTAACGGAGTAACATG-1	Ex
TTAACGGAGTTTGGAA-1	Ex
TTAACGGCATCTCACC-1	Ex
TTAACGGGTAGTCCAT-1	Ex
TTAACGGGTGCAACAG-1	Ex
TTAACGGGTTCGGGAA-1	Ex
TTAACGGGTTCTACCC-1	Ex
TTAACGGGTTCTGAGT-1	Ex
TTAACGGTCGGGAAAC-1	Ex
TTAACGGTCTCTGACC-1	Ex
TTACCCGAGACAGTGC-1	Ex
TTACCCGAGTGCTGAG-1	Ex
TTACCCGCAACGGGTA-1	Ex
TTACCCGCAGCGTCGT-1	Ex
TTACCCGCATTACCTT-1	Ex
TTACCCGGTGATGCGA-1	Ex
TTACCCGTCAGGGTTT-1	Ex
TTACCGCAGATGCGCA-1	Ex
TTACCGCAGCAGAGCT-1	Ex
TTACCGCAGGATGCCA-1	Ex
TTACCGCCAGCAATGG-1	Ex
TTACCGCCAGTCAGAG-1	Ex
TTACCGCGTGCTTGAT-1	Ex
TTACCGCGTTGGAGGT-1	Ex
TTACCGCTCACTAGCA-1	Ex
TTACCGCTCGCTTCAC-1	Ex
TTACCGCTCGTGGTAT-1	Ex
TTACGGAAGAGCCACA-1	Ex
TTACGGAAGTGATAAC-1	Ex
TTACGGAAGTTCAGGG-1	Ex
TTACGGACAACTACTG-1	Ex
TTACGGACAGGATGTG-1	Ex
TTACGGAGTCCTTATT-1	Ex
TTACGGAGTGTCCAGC-1	Ex
TTACGGAGTTACTACG-1	Ex
TTACGTTAGTCATACC-1	Ex
TTACGTTCACGCGCAT-1	Ex
TTACGTTCACTGAAGG-1	Ex
TTACGTTGTTGGAGGT-1	Ex
TTACGTTTCACCACAA-1	Ex
TTACGTTTCGGAAAGC-1	Ex
TTACGTTTCTTGTACT-1	Ex
TTACGTTTCTTTATCG-1	Ex
TTACTCAAGCAGAGCT-1	Ex
TTACTCAAGTGAACCG-1	Ex
TTACTCACAACAACTC-1	Ex
TTACTCACATAGATAG-1	Ex
TTACTCAGTAGAAAGG-1	Ex
TTACTCAGTGCAACAG-1	Ex
TTACTCAGTGCAAGCA-1	Ex
TTACTCAGTTCCCTTG-1	Ex
TTACTCAGTTTAAGGA-1	Ex
TTACTCATCACTAGGT-1	Ex
TTACTCATCAGTGTGT-1	Ex
TTACTCATCGGTCCGA-1	Ex
TTACTCATCGTCCCTA-1	Ex
TTACTTGAGAACGTCG-1	Ex
TTACTTGAGCTCCATA-1	Ex
TTACTTGCACTCAGCG-1	Ex
TTACTTGCATTCCCGT-1	Ex
TTACTTGGTAAGCCTT-1	Ex
TTACTTGGTTTAGAAG-1	Ex
TTACTTGGTTTCCGGG-1	Ex
TTACTTGTCACTAGGT-1	Ex
TTACTTGTCCGATTGA-1	Ex
TTAGCGAAGAGGCGGA-1	Ex
TTAGCGACAAGCGTCC-1	Ex
TTAGCGACACCTATTT-1	Ex
TTAGCGACATAGCCAT-1	Ex
TTAGCGAGTAACGGAC-1	Ex
TTAGCGAGTAGCGGTA-1	Ex
TTAGCGAGTATCTCAG-1	Ex
TTAGCGAGTGATGTGG-1	Ex
TTAGCGAGTTTGCCCT-1	Ex
TTAGCGATCCCTATTA-1	Ex
TTAGCTTAGAACTCCT-1	Ex
TTAGCTTCAATCCATG-1	Ex
TTAGCTTGTCAGGCTC-1	Ex
TTAGCTTGTCCTTCAC-1	Ex
TTAGCTTGTGAATCGG-1	Ex
TTAGCTTGTGAGGTCA-1	Ex
TTAGCTTGTGTCTACA-1	Ex
TTAGCTTGTTCCGGCA-1	Ex
TTAGCTTTCGGTCCGA-1	Ex
TTAGCTTTCTACATCT-1	Ex
TTAGGTGAGATCCGAG-1	Ex
TTAGGTGAGATTGACA-1	Ex
TTAGGTGAGCTTCAAC-1	Ex
TTAGGTGCAGAATGCG-1	Ex
TTAGGTGGTAGGTAAT-1	Ex
TTAGGTGGTCACAGGA-1	Ex
TTAGGTGGTCCGTAGC-1	Ex
TTAGGTGGTTCTACGA-1	Ex
TTAGGTGTCACCCGGA-1	Ex
TTAGGTGTCAGGAAGC-1	Ex
TTAGGTGTCCGCTCTA-1	Ex
TTAGGTGTCTGAAAGA-1	Ex
TTATGTCAGAGGCCTA-1	Ex
TTATGTCAGGAAGACA-1	Ex
TTATGTCAGGATTGCG-1	Ex
TTATGTCAGGCTTTAC-1	Ex
TTATGTCAGTCGTGAG-1	Ex
TTATGTCCAAGAGCGT-1	Ex
TTATGTCGTCCGGTAC-1	Ex
TTATGTCGTCTGCACG-1	Ex
TTCAACTAGATCGATA-1	Ex
TTCAACTCAGATTGTC-1	Ex
TTCAACTGTTTCTCTA-1	Ex
TTCAACTTCTAGCAGT-1	Ex
TTCAACTTCTTAATCC-1	Ex
TTCATCAAGAGAAGCA-1	Ex
TTCATCAAGCGCACAA-1	Ex
TTCATCAAGGTCGTTT-1	Ex
TTCATCACACAGTTAC-1	Ex
TTCATCACACGGTGTC-1	Ex
TTCATCACACTCGGAC-1	Ex
TTCATCACAGCAACGA-1	Ex
TTCATCAGTACGCAAG-1	Ex
TTCATCAGTGCACCCA-1	Ex
TTCATCAGTGCGCTCA-1	Ex
TTCATCAGTTCTTAGG-1	Ex
TTCATCAGTTGGGAAC-1	Ex
TTCATCATCCAGGTAT-1	Ex
TTCATCATCCGTGCAG-1	Ex
TTCATCATCTCGACAA-1	Ex
TTCATTGAGACAGTGC-1	Ex
TTCATTGAGGAGAACA-1	Ex
TTCATTGAGGTTGACG-1	Ex
TTCATTGAGTCTGCTA-1	Ex
TTCATTGCAACGGACA-1	Ex
TTCATTGCAAGTTGCT-1	Ex
TTCATTGCACCGAATT-1	Ex
TTCATTGCAGCTTACA-1	Ex
TTCATTGCATAGGCGA-1	Ex
TTCATTGGTACTTGAC-1	Ex
TTCATTGGTGGATTTC-1	Ex
TTCATTGTCAGAATGA-1	Ex
TTCATTGTCCAGCACG-1	Ex
TTCATTGTCCAGGTAT-1	Ex
TTCATTGTCTGTAGAC-1	Ex
TTCATTGTCTTTGCAT-1	Ex
TTCGATTAGCAATAAC-1	Ex
TTCGATTAGTGCTGAG-1	Ex
TTCGATTCAGAAGTGC-1	Ex
TTCGATTCATATTGGC-1	Ex
TTCGATTGTAACACTC-1	Ex
TTCGATTGTAACGGAC-1	Ex
TTCGATTGTGCAAGCA-1	Ex
TTCGATTGTTTGATCG-1	Ex
TTCGATTTCCATACGA-1	Ex
TTCGATTTCCCGGGTA-1	Ex
TTCGATTTCCGGGCAT-1	Ex
TTCGATTTCGGATGTT-1	Ex
TTCGATTTCGGTAGGA-1	Ex
TTCGCGTAGACTTGAA-1	Ex
TTCGCGTAGGCACCTC-1	Ex
TTCGCGTCACTAGGAG-1	Ex
TTCGCGTGTGCTGGCT-1	Ex
TTCGCGTGTGTCGGTC-1	Ex
TTCGCGTGTTGGTAAA-1	Ex
TTCGCGTGTTTCAGCA-1	Ex
TTCGCGTTCACCGCGA-1	Ex
TTCGCGTTCCAGGCCA-1	Ex
TTCGCGTTCGGTGATT-1	Ex
TTCGGTCAGACACTTC-1	Ex
TTCGGTCAGTCTAGAA-1	Ex
TTCGGTCAGTTCGCGC-1	Ex
TTCGGTCCAGATTAAG-1	Ex
TTCGGTCCATGGGAAC-1	Ex
TTCGGTCCATGTATCG-1	Ex
TTCGGTCGTTTCGATG-1	Ex
TTCGGTCTCTCAGATG-1	Ex
TTCGTTAAGACCATAA-1	Ex
TTCGTTAAGCTTTCCC-1	Ex
TTCGTTAAGTAACATG-1	Ex
TTCGTTAAGTGAACCG-1	Ex
TTCGTTAAGTGGTGTG-1	Ex
TTCGTTACAAGACTAA-1	Ex
TTCGTTAGTAGACACG-1	Ex
TTCGTTAGTCTAACCA-1	Ex
TTCGTTATCCATCGAA-1	Ex
TTCTAACGTCGAGGTA-1	Ex
TTCTAACGTCGCTAGC-1	Ex
TTCTAACGTCTCTGGG-1	Ex
TTCTAACGTGCTTACA-1	Ex
TTCTAACTCACGGGTC-1	Ex
TTCTAACTCCACGGCA-1	Ex
TTCTAACTCTACTTTG-1	Ex
TTCTAACTCTTACCTA-1	Ex
TTCTAACTCTTCCACG-1	Ex
TTCTGTAAGTCTGGGA-1	Ex
TTCTGTAGTATCGCGC-1	Ex
TTCTGTAGTCTGCACG-1	Ex
TTCTGTAGTCTGGGAA-1	Ex
TTCTGTAGTGCGTAGA-1	Ex
TTCTGTATCAGGAAGC-1	Ex
TTCTGTATCATTCTTG-1	Ex
TTCTGTATCGCTTCAC-1	Ex
TTCTGTATCTAGTCGA-1	Ex
TTGACGAAGATTGACA-1	Ex
TTGACGAAGGAAGAAC-1	Ex
TTGACGACACTTGCGG-1	Ex
TTGACGACAGTGCGAA-1	Ex
TTGACGAGTCATAAGA-1	Ex
TTGACGATCGATGCAT-1	Ex
TTGAGCAAGGACTAGC-1	Ex
TTGAGCAAGTATACCC-1	Ex
TTGAGCACAGTTGGAG-1	Ex
TTGAGCAGTAGTCCAT-1	Ex
TTGAGCAGTGCAAGAC-1	Ex
TTGAGCAGTGTCCAGC-1	Ex
TTGAGCAGTTCATTTC-1	Ex
TTGAGCAGTTCTTATC-1	Ex
TTGAGCAGTTTCTTAC-1	Ex
TTGAGCATCAAATGGA-1	Ex
TTGAGCATCCATTGAG-1	Ex
TTGAGTGAGCAATAAC-1	Ex
TTGAGTGAGGTAAGTT-1	Ex
TTGAGTGAGTCTGTGT-1	Ex
TTGAGTGAGTGATTAG-1	Ex
TTGAGTGCAATGAAAC-1	Ex
TTGAGTGCACATGATC-1	Ex
TTGAGTGCATAGCCAT-1	Ex
TTGAGTGGTCCGCTTT-1	Ex
TTGCACCAGTCTCTAG-1	Ex
TTGCACCAGTGTAATG-1	Ex
TTGCACCCAGATTTGC-1	Ex
TTGCACCGTCTGCGCA-1	Ex
TTGCACCGTTCTTTCA-1	Ex
TTGCACCGTTTGTGAC-1	Ex
TTGCACCTCACCACAA-1	Ex
TTGCACCTCCTTCGAC-1	Ex
TTGCACCTCTGGGCGT-1	Ex
TTGCACCTCTTGTCAT-1	Ex
TTGCAGAAGAATATCG-1	Ex
TTGCAGACAAGCTTTG-1	Ex
TTGCAGACATCGACGC-1	Ex
TTGCAGAGTAACACTC-1	Ex
TTGCAGAGTAGCAGGT-1	Ex
TTGCAGAGTATTCACG-1	Ex
TTGCAGAGTCAATCCA-1	Ex
TTGCAGAGTCACAGTT-1	Ex
TTGCAGAGTCGAGGAT-1	Ex
TTGCAGATCGGCATAT-1	Ex
TTGCAGATCTCTTCTC-1	Ex
TTGCAGATCTGTCGGG-1	Ex
TTGCCCAAGACGAAAG-1	Ex
TTGCCCAAGACGCCCT-1	Ex
TTGCCCAAGAGGCAGG-1	Ex
TTGCCCAAGAGTGGTC-1	Ex
TTGCCCAAGTAATCAG-1	Ex
TTGCCCACACTGTCAA-1	Ex
TTGCCCAGTCATTGGT-1	Ex
TTGCCCAGTCTGGGAA-1	Ex
TTGCCCATCACAACAC-1	Ex
TTGCCCATCGATAGGG-1	Ex
TTGCCCATCGGATAGG-1	Ex
TTGCGAAAGCGCGTTC-1	Ex
TTGCGAAAGGCAGTGT-1	Ex
TTGCGAACAAACCGAG-1	Ex
TTGCGAACAATGTAAG-1	Ex
TTGCGAACACCCTTTG-1	Ex
TTGCGAACATACAACC-1	Ex
TTGCGAACATCCATAG-1	Ex
TTGCGAAGTGACGCAA-1	Ex
TTGCGAAGTGCACTTA-1	Ex
TTGCGAAGTGTCGTCG-1	Ex
TTGCGAAGTTCCCTTG-1	Ex
TTGCGAAGTTTCGACA-1	Ex
TTGCGAATCCATCTAT-1	Ex
TTGCGAATCGTTACAG-1	Ex
TTGCGGGAGATACCAA-1	Ex
TTGCGGGAGGAGGCGA-1	Ex
TTGCGGGAGTCCGATT-1	Ex
TTGCGGGAGTTCAAGA-1	Ex
TTGCGGGCAACCTCTC-1	Ex
TTGCGGGCAAGGGAGG-1	Ex
TTGCGGGCAGCTATAC-1	Ex
TTGCGGGCATTTCACT-1	Ex
TTGCGGGGTGTCGTCG-1	Ex
TTGCGGGTCGCAGATT-1	Ex
TTGCGGGTCTTCCACG-1	Ex
TTGCTATCAGTGCGAA-1	Ex
TTGCTATGTCCGTCGA-1	Ex
TTGCTATTCAGTCACA-1	Ex
TTGCTATTCCGGCTGA-1	Ex
TTGCTATTCCGTGCAG-1	Ex
TTGCTATTCGGGCTCA-1	Ex
TTGCTATTCTGGGCGT-1	Ex
TTGCTTAAGTTGGAAT-1	Ex
TTGCTTACAAGCGTCC-1	Ex
TTGCTTACAGACTAAA-1	Ex
TTGCTTAGTCAACTGT-1	Ex
TTGCTTAGTCTGTGTA-1	Ex
TTGCTTAGTGAATACA-1	Ex
TTGCTTAGTGCAAGAC-1	Ex
TTGCTTAGTGTCCAGC-1	Ex
TTGCTTAGTTCTTATC-1	Ex
TTGCTTATCAAACCAC-1	Ex
TTGGTCCAGAAGCCGT-1	Ex
TTGGTCCAGATATGAC-1	Ex
TTGGTCCAGGATTAAC-1	Ex
TTGGTCCAGTCCCGCA-1	Ex
TTGGTCCCACAATAAG-1	Ex
TTGGTCCCACGTTACA-1	Ex
TTGGTCCCACGTTAGT-1	Ex
TTGGTCCGTACGTAGG-1	Ex
TTGGTCCGTATTGTGC-1	Ex
TTGGTCCGTCCAAGAG-1	Ex
TTGGTCCTCTGATCCC-1	Ex
TTGTCTAAGCTCGTTA-1	Ex
TTGTCTAAGTTGGAAT-1	Ex
TTGTCTACAGGGTACA-1	Ex
TTGTCTACAGTAACGG-1	Ex
TTGTCTAGTAACCATC-1	Ex
TTGTCTAGTATTGTCG-1	Ex
TTGTCTAGTTTCACCC-1	Ex
TTGTCTATCCCACGGA-1	Ex
TTGTCTATCCCGGGTA-1	Ex
TTGTCTATCGAGGCTC-1	Ex
TTGTTCAAGAGTAAGG-1	Ex
TTGTTCAAGATACCAA-1	Ex
TTGTTCAAGCGATACG-1	Ex
TTGTTCAAGTCTAGAA-1	Ex
TTGTTCAAGTTCAGGG-1	Ex
TTGTTCACAGAGTCGA-1	Ex
TTGTTCAGTCACCGCA-1	Ex
TTGTTCAGTGCCCAGT-1	Ex
TTGTTCAGTTGTCGGC-1	Ex
TTGTTCATCCAAGAGG-1	Ex
TTGTTCATCCAATCCC-1	Ex
TTGTTCATCCTGACCT-1	Ex
TTGTTGTAGACTCGGA-1	Ex
TTGTTGTAGAGTAAGG-1	Ex
TTGTTGTAGGGCTCTC-1	Ex
TTGTTGTAGTGTCACT-1	Ex
TTGTTGTCACTCGGAC-1	Ex
TTGTTGTCAGCAAACG-1	Ex
TTGTTGTCAGGACTGA-1	Ex
TTGTTGTGTAGTCCAT-1	Ex
TTGTTGTGTCCGTAGC-1	Ex
TTGTTGTGTGCATTGT-1	Ex
TTGTTGTTCAATTCCT-1	Ex
TTGTTGTTCAGTCTTT-1	Ex
TTGTTGTTCCCGTAGG-1	Ex
TTGTTGTTCGCGTTCT-1	Ex
TTGTTGTTCGTCTAGA-1	Ex
TTGTTGTTCTAAGGTC-1	Ex
TTTACGTAGATCGCCC-1	Ex
TTTACGTCAATGCCAT-1	Ex
TTTACGTCAATTCAGC-1	Ex
TTTACGTCACCCTTTG-1	Ex
TTTACGTCAGGCAAGT-1	Ex
TTTACGTGTAGTACAA-1	Ex
TTTACGTGTTTCTCTA-1	Ex
TTTGAGGAGACTAGGC-1	Ex
TTTGAGGAGATTAGAC-1	Ex
TTTGAGGCAAGCAATA-1	Ex
TTTGAGGGTAATGCCT-1	Ex
TTTGAGGGTACCCACG-1	Ex
TTTGAGGGTGAGGTCA-1	Ex
TTTGAGGGTGCAACAG-1	Ex
TTTGAGGGTTCTTTGT-1	Ex
TTTGAGGGTTGGAGGT-1	Ex
TTTGAGGGTTTAGAAG-1	Ex
TTTGAGGTCGACCCGA-1	Ex
TTTGAGGTCTGCGTCT-1	Ex
TTTGCGCAGTCGATAA-1	Ex
TTTGCGCCACAATAAG-1	Ex
TTTGCGCCACTGTCGG-1	Ex
TTTGCGCCAGCGTAGA-1	Ex
TTTGCGCCAGCGTGAA-1	Ex
TTTGCGCCAGGTAGGT-1	Ex
TTTGCGCGTGTCTCGG-1	Ex
TTTGCGCTCGAGAAGC-1	Ex
TTTGCGCTCGTCGCAG-1	Ex
TTTGGCCAGTGAATAC-1	Ex
TTTGGCCCAACTCGAT-1	Ex
TTTGGCCCACAAGGGT-1	Ex
TTTGGCCCACAAGTGG-1	Ex
TTTGGCCTCATTCTCA-1	Ex
TTTGGCCTCCCAATGA-1	Ex
TTTGGTTAGCATTCCA-1	Ex
TTTGGTTAGCGAGAAA-1	Ex
TTTGGTTCAAGCGTCC-1	Ex
TTTGGTTCACCTTGTC-1	Ex
TTTGGTTGTACAAGCG-1	Ex
TTTGGTTGTACGCCCA-1	Ex
TTTGGTTGTGTCCAGC-1	Ex
TTTGGTTGTGTCTCGG-1	Ex
TTTGGTTGTTCCGGCA-1	Ex
TTTGGTTGTTCTTATC-1	Ex
TTTGGTTGTTGCCGCA-1	Ex
TTTGGTTGTTTCGACA-1	Ex
TTTGGTTTCATTCATC-1	Ex
TTTGTGTAGCTACGCC-1	Ex
TTTGTGTAGTGAACCG-1	Ex
TTTGTGTCACACATTG-1	Ex
TTTGTGTGTCTGTGTA-1	Ex
TTTGTGTGTGGACCAA-1	Ex
TTTGTGTGTTACCCAA-1	Ex
TTTGTGTGTTCTGAAC-1	Ex
TTTGTGTTCAGCCGAC-1	Ex
TTTGTGTTCGAGTGTT-1	Ex
TTTGTGTTCGTCCCAT-1	Ex
TTTGTGTTCGTTACAG-1	Ex
AAACGAACACAGAAGC-1	In
AAACGAATCTATAGGC-1	In
AAACTCGAGCGCCTAC-1	In
AAACTGCAGCCATGGA-1	In
AAACTGCAGGCAAGGG-1	In
AAACTGCAGTGAGCAC-1	In
AAACTGCAGTGAGTGC-1	In
AAACTGCCATCGACGC-1	In
AAACTGCCATTGTGAC-1	In
AAAGATGGTAGAAAGG-1	In
AAAGATGTCAATTGGC-1	In
AAAGATGTCAGCACGC-1	In
AAAGGATCAAACCGAG-1	In
AAAGGATGTGTGTGTT-1	In
AAAGGGCAGAACAGGA-1	In
AAAGGGCAGAGGCGGA-1	In
AAAGGGCAGTACCTCA-1	In
AAATGAGGTCCGTAGC-1	In
AAATGAGGTTACGCTA-1	In
AAATGAGGTTACGGAG-1	In
AAATGAGTCTGACATG-1	In
AAATGCCAGTAATCAG-1	In
AAATGCCTCACGATTG-1	In
AACAAAGCAACGCAAG-1	In
AACAAAGTCTTCCAGC-1	In
AACAGTCCAATGTGCT-1	In
AACAGTCGTAACGGAC-1	In
AACATCGCACAACGGA-1	In
AACATCGCATGTATCG-1	In
AACATCGTCCTTTGCG-1	In
AACCAACCATTGAACC-1	In
AACCAACGTACTTGAC-1	In
AACCGATAGAGACTCG-1	In
AACCGATCAGTAAGCG-1	In
AACCGATCATCCCGGA-1	In
AACCGATTCCACACCT-1	In
AACCGATTCGGGAATG-1	In
AACCTTTTCCAATCCC-1	In
AACCTTTTCCTGACCT-1	In
AACCTTTTCGAGCGCT-1	In
AACCTTTTCGGTTAGT-1	In
AACCTTTTCGTGGTAT-1	In
AACGAGGGTGTCCTTC-1	In
AACGAGGTCGCCCTTA-1	In
AACGAGGTCTGCTACC-1	In
AACGGGAAGAAGCCTG-1	In
AACGGGAAGTGATAAC-1	In
AACGGGACAGACCTGC-1	In
AACGGGACAGCCACGT-1	In
AACGGGACAGTAAGAT-1	In
AACGGGACAGTGGTCC-1	In
AACGGGAGTATATGGA-1	In
AACGGGAGTATCTGCA-1	In
AACGTACCATGGGACA-1	In
AACGTACTCCTCAAGA-1	In
AACGTACTCGCTATTT-1	In
AACTGGTAGGTAGGAA-1	In
AACTGGTCAAGAGCGT-1	In
AACTGGTCACTCCACT-1	In
AACTGGTCAGTGCTCG-1	In
AACTGGTTCGACCCGA-1	In
AACTGTGAGAGTAAGG-1	In
AACTGTGAGGTTGTTC-1	In
AACTGTGGTTCATTTC-1	In
AACTGTGTCGGATCGC-1	In
AACTTGGAGTTCCAGT-1	In
AACTTGGGTCAGTGTT-1	In
AACTTGGTCAGTCACA-1	In
AAGATAGGTCTGGGAA-1	In
AAGGAGCAGCATACCT-1	In
AAGGAGCCATTAACGC-1	In
AAGGAGCTCGCGCTGA-1	In
AAGGAGCTCTACTGCC-1	In
AAGGTTCCATGCGTTA-1	In
AATACGCTCCAGGCCA-1	In
AATGCCACATGGGACA-1	In
AATGCCATCCTCCATG-1	In
AATGGAAAGAGGTCCA-1	In
AATGGAAAGTATGGGC-1	In
AATGGAAGTGCGCATC-1	In
AATGGAAGTGTGCGTC-1	In
AATGGCTAGCTGAGGT-1	In
AATGGCTCAATGTGCT-1	In
AATGGCTCAGAGAGAA-1	In
AATGGCTCATCACAGT-1	In
AATGTCGAGATGAGGA-1	In
AATGTCGTCCCACTAC-1	In
ACAAACCAGACAGTGC-1	In
ACAAACCTCTCTCAAT-1	In
ACAAAGAAGAGGTACC-1	In
ACAAAGACACCTCGTT-1	In
ACAAAGACATTCTTTG-1	In
ACAAAGAGTGCACATT-1	In
ACAAAGATCACCCTTG-1	In
ACAAGCTCACAAACAA-1	In
ACAAGCTGTGACCAGA-1	In
ACAAGCTTCCCGCAAG-1	In
ACAATCGGTAAAGCTA-1	In
ACAATCGGTGCGCATC-1	In
ACAATCGTCTTAAGCG-1	In
ACAGAAACAAGCAGGT-1	In
ACAGAAAGTGCTTACA-1	In
ACAGACTAGCAATGTA-1	In
ACAGACTCAATGCCAT-1	In
ACAGACTGTAGAAGCC-1	In
ACAGACTGTTACCACA-1	In
ACAGCGCAGTATGGGC-1	In
ACAGCGCTCATTGCCC-1	In
ACATGCAAGCAGTAGC-1	In
ACATGCAGTACATGGG-1	In
ACATGCAGTGGAGTGT-1	In
ACATGCATCCTGAAAC-1	In
ACATGGTGTGTTTCTT-1	In
ACATGGTTCTGATCCC-1	In
ACCAAACCATCCGTAA-1	In
ACCAAACGTTAACCGT-1	In
ACCATCCAGAGGAAGT-1	In
ACCATCCCAGATACAA-1	In
ACCATCCGTCAATACC-1	In
ACCATCCGTTTCACCC-1	In
ACCATCCTCCGCGATG-1	In
ACCCAAAAGAGTTTGA-1	In
ACCCAAAGTCTCTAAG-1	In
ACCCAAATCAGTTGAC-1	In
ACCCAAATCGGACGAA-1	In
ACCGAATAGTAGTCGG-1	In
ACCGAATCAATTCAGC-1	In
ACCGAATGTTGAATAG-1	In
ACCGAATTCGACTTAG-1	In
ACCGAATTCGGTTCCT-1	In
ACCGCAGGTTGCAGCC-1	In
ACCGGGTAGGGCGAAG-1	In
ACCGGGTCAGGCATCC-1	In
ACCGGGTGTATCATGC-1	In
ACCTGCTAGGAGGCGA-1	In
ACCTGCTAGGTGTTGG-1	In
ACCTGCTGTCGAGGTA-1	In
ACCTGCTGTCGCTAGC-1	In
ACCTGCTGTCTCTGGG-1	In
ACGGATTCATTCCCGT-1	In
ACGGATTGTCGTAATC-1	In
ACGGATTGTGGAGTGT-1	In
ACGGATTGTTTCCTAT-1	In
ACGGATTTCACGTCAA-1	In
ACGGATTTCCCGTATC-1	In
ACGGATTTCCTCCATG-1	In
ACGGATTTCGCTCTAC-1	In
ACGGATTTCTGCCGAG-1	In
ACGTGGCAGAGACTCG-1	In
ACGTGGCAGAGTCCGA-1	In
ACGTGGCAGGGAGTTC-1	In
ACGTTAGCAATGGCAG-1	In
ACGTTAGCACATAAAG-1	In
ACGTTAGCACATGATC-1	In
ACGTTAGGTTGCAGAG-1	In
ACTAACGAGGCATGCA-1	In
ACTAACGGTAATGTGA-1	In
ACTAACGTCTACTTTG-1	In
ACTACCCGTGGAGTGT-1	In
ACTACCCGTTTCCGGG-1	In
ACTACCCTCGTGAGTT-1	In
ACTACGAAGCTCCGGT-1	In
ACTACGAAGTCGGGAT-1	In
ACTACGACACTTGCGG-1	In
ACTACGAGTACATGGG-1	In
ACTAGGTAGTTACCAC-1	In
ACTAGGTTCGACTATG-1	In
ACTATTCGTCCCGTGA-1	In
ACTATTCGTCTGGGAA-1	In
ACTATTCGTTTGATCG-1	In
ACTCGGGCAACTCCCT-1	In
ACTCGGGCACAGAAGC-1	In
ACTCGGGGTAGTACAA-1	In
ACTCGGGTCACGTCAA-1	In
ACTGCAAAGCGATACG-1	In
ACTGCAAAGTACGACG-1	In
ACTGCAACAATCCATG-1	In
ACTGCAACATAGAATG-1	In
ACTGCAAGTGTTGTTG-1	In
ACTGCAAGTTGGACGA-1	In
ACTGCAAGTTGGAGGT-1	In
ACTGCGGCAAGTAATG-1	In
ACTGCGGGTTTCGACA-1	In
ACTGCGGTCAAGGCCC-1	In
ACTGTCCAGATGGGTC-1	In
ACTGTCCAGCATGTGG-1	In
ACTGTCCAGGCAATTA-1	In
ACTGTCCCAAATGTCC-1	In
ACTGTCCCAAGGATGC-1	In
ACTGTCCCATCTGCAA-1	In
ACTTCCGAGCGTTAGG-1	In
ACTTCCGCACCTGTGG-1	In
ACTTCCGCAGAAAGAG-1	In
ACTTCCGGTATTGTGC-1	In
ACTTCCGTCGAAGCCC-1	In
ACTTTCAAGCCGCTGT-1	In
ACTTTCAGTTCCATCC-1	In
ACTTTCATCTATATCC-1	In
ACTTTCATCTTACCTA-1	In
AGACAAATCATCGCAA-1	In
AGACAAATCGCCACTT-1	In
AGATAGAAGACTCGGA-1	In
AGATAGAAGTGTCGCC-1	In
AGATAGACAATTGCCA-1	In
AGATTCGAGTACAGTA-1	In
AGATTCGGTGCAAAGC-1	In
AGCCAGCAGTGTAATG-1	In
AGCCAGCGTTTCCACC-1	In
AGCCCGAAGCGTATCT-1	In
AGCCCGAAGGCCAGTA-1	In
AGCCCGACACCGTCTT-1	In
AGCCCGACACTACACA-1	In
AGCCCGACATGGGACA-1	In
AGCCCGACATTGTGAC-1	In
AGCCCGAGTCAATACC-1	In
AGCCCGAGTCCCGAGT-1	In
AGCCCGAGTGAATGGC-1	In
AGCCCGAGTTCTACCC-1	In
AGCCCGATCACAACAC-1	In
AGCCCGATCGTGTGCG-1	In
AGCCGCACATAGGCGA-1	In
AGCCGCATCCAACCTC-1	In
AGCCTCTCACGTTAGT-1	In
AGCCTGGCATTCCCGT-1	In
AGCCTGGGTAAAGCTA-1	In
AGCCTGGGTAACATAG-1	In
AGCCTTCGTGAGTTGG-1	In
AGCCTTCTCGATGTAC-1	In
AGCGATTAGAAATTCG-1	In
AGCGATTCAAACGACG-1	In
AGCGATTGTGAATGGC-1	In
AGCGATTTCACATCCC-1	In
AGCGTATCAATTCTCT-1	In
AGCGTATGTCCAACCG-1	In
AGCGTGCCACGCGTTG-1	In
AGCGTGCCAGTGCGAA-1	In
AGCGTGCGTTAACCGT-1	In
AGCGTGCTCAGATACC-1	In
AGCGTGCTCTGCGTCT-1	In
AGCTATGCAAAGCTGG-1	In
AGCTGATAGGGTTCCC-1	In
AGCTGATGTCAAACAA-1	In
AGCTGATTCTGAGTCA-1	In
AGCTGGCCAAGTGGCA-1	In
AGCTGGCCATGTGAGG-1	In
AGCTGGCCATTCACCC-1	In
AGCTGGCGTCTAAGAA-1	In
AGCTGGCTCCCGTAGG-1	In
AGCTGGCTCGTCTAGA-1	In
AGCTGTAGTTATGCAC-1	In
AGCTGTATCTTCCACG-1	In
AGGCCCAGTAGAGAGA-1	In
AGGCCCAGTCTCTAAG-1	In
AGGCCTGCACCTTGTC-1	In
AGGCCTGCAGAATGCG-1	In
AGGCCTGCAGATTAAG-1	In
AGGCCTGCAGGCAGAT-1	In
AGGCCTGGTACGTAAA-1	In
AGGCCTGGTGGACCAA-1	In
AGGCCTGTCACAGGGA-1	In
AGGCCTGTCGTAGCGC-1	In
AGGCCTGTCTACATCT-1	In
AGGCGAAAGAGGAAGT-1	In
AGGCGAAAGATCGAGC-1	In
AGGCGAAAGTGTCGCC-1	In
AGGCGAAAGTTAGAGT-1	In
AGGCGAAGTAGAGAGA-1	In
AGGCGAATCCGCGATG-1	In
AGGCGAATCGACTATG-1	In
AGGCGTCGTCTGGTTA-1	In
AGGCGTCGTTAAGGGC-1	In
AGGCGTCTCCATAACG-1	In
AGGCGTCTCGGGACAA-1	In
AGGCGTCTCTAGCTGA-1	In
AGTCAACAGTACCTCA-1	In
AGTCAACCACAGCTTA-1	In
AGTCAACGTGTCCAGC-1	In
AGTCAACGTTCTTATC-1	In
AGTCCGGAGCACCATT-1	In
AGTCCGGAGGAACCGT-1	In
AGTCCGGAGGGTAGTC-1	In
AGTCCGGAGGTGAACC-1	In
AGTCCGGAGTGGTGTG-1	In
AGTCCGGCACAACGGA-1	In
AGTCCGGGTAATGTGA-1	In
AGTCCGGGTCTGGGAA-1	In
AGTCCGGTCAGCCGGT-1	In
AGTGCCGAGACCTATC-1	In
AGTGCCGAGTGGTGTG-1	In
AGTGCGCAGGGCGAAG-1	In
AGTGCGCAGTGAGCAC-1	In
AGTGCGCGTTCAGTAC-1	In
AGTGCGCTCTATCTAC-1	In
AGTGTACCATTGTTCT-1	In
AGTGTACGTGCGTAGA-1	In
AGTGTACGTTCAGTAC-1	In
AGTGTACTCCTATCCG-1	In
AGTTACGAGAAACGCC-1	In
AGTTACGAGCCATTCA-1	In
AGTTACGGTCGCTAGC-1	In
AGTTACGGTTCTGAAC-1	In
AGTTACGTCCATACCC-1	In
AGTTTGGGTCTGCACG-1	In
AGTTTGGGTTACGAAA-1	In
AGTTTGGTCACTCCCA-1	In
AGTTTGGTCCAGTACA-1	In
AGTTTGGTCGATTACG-1	In
ATAGGCTAGCTGCCAC-1	In
ATAGGCTGTGTTAGAA-1	In
ATAGGCTTCGAACCGC-1	In
ATAGGCTTCTTTGCAT-1	In
ATAGTCGAGGGATCCA-1	In
ATAGTCGGTCAGAAAT-1	In
ATAGTCGTCCACGCTT-1	In
ATATTCCCAATTGTGC-1	In
ATATTCCGTGATCAGG-1	In
ATATTCCTCTGTCGTC-1	In
ATCCAGAGTAATGCCT-1	In
ATCCAGAGTCGAGGAT-1	In
ATCCCTGAGCTTTCCC-1	In
ATCCCTGCACCCTTAC-1	In
ATCCCTGTCCCAATGA-1	In
ATCCTCGGTGCGTAGA-1	In
ATCCTCGGTGTCCTTC-1	In
ATCCTGCAGGTAAGTT-1	In
ATCCTGCAGTTAGCAA-1	In
ATCCTGCCAAGCGACA-1	In
ATCCTGCGTCATGAGG-1	In
ATCGAGTAGTTCAGGG-1	In
ATCGAGTCAACTTGGT-1	In
ATCGAGTCACGACGAA-1	In
ATCGAGTCATAGAATG-1	In
ATGCATGAGGTTGTTC-1	In
ATGCATGAGTAATGTG-1	In
ATGCATGAGTGCTGAG-1	In
ATGCATGCAATCAGGG-1	In
ATGGATCAGAATACTG-1	In
ATGGATCAGATACCAA-1	In
ATGGATCCAGAATGCG-1	In
ATGGATCTCGCCACTT-1	In
ATGGATCTCGCTGATA-1	In
ATGGATCTCTCGTAGA-1	In
ATGTACGAGCTAGCAG-1	In
ATGTACGTCTCTATCA-1	In
ATGTCGACAAAGAAGG-1	In
ATGTCGACAACAACTC-1	In
ATGTCGACACAACGGA-1	In
ATGTCGACATCCTCGT-1	In
ATGTCGACATCGACGC-1	In
ATGTCTTAGATACCAA-1	In
ATGTCTTGTCCCGTGA-1	In
ATGTCTTTCATAGGTC-1	In
ATGTTTCAGAAGCCTG-1	In
ATGTTTCAGTTAGAGT-1	In
ATGTTTCCACTTTGGA-1	In
ATGTTTCTCACAGGGA-1	In
ATGTTTCTCGATAGTC-1	In
ATGTTTCTCTGCCGAG-1	In
ATTACCTAGCAGGAGG-1	In
ATTACCTAGCGCCTAC-1	In
ATTACCTCAGATTTGC-1	In
ATTACCTTCCCAGCAG-1	In
ATTACTCAGAGGCCTA-1	In
ATTACTCCACGCCGAT-1	In
ATTACTCTCAAACCCA-1	In
ATTCGTTGTATTGTGC-1	In
ATTGTCTAGAACCCGA-1	In
ATTGTCTAGACTTGAA-1	In
ATTGTCTAGTACGCGA-1	In
ATTGTCTAGTCCTTCC-1	In
ATTGTCTGTAAGGTCG-1	In
ATTGTCTGTTCACGTA-1	In
ATTGTCTTCACTCGTC-1	In
ATTGTGGCATAAAGTG-1	In
ATTGTGGGTCACTCTC-1	In
ATTTGTCCAGGTCCTG-1	In
ATTTGTCCATTAACGC-1	In
ATTTGTCTCGACGGAA-1	In
CAAAGCTCAAGTCTGT-1	In
CAAAGCTCACAGTAGG-1	In
CAAAGCTCATCACAAC-1	In
CAAAGCTGTAGGGTTG-1	In
CAACCAAAGTTGAATG-1	In
CAACCAATCAACACGT-1	In
CAACCAATCTATCTTG-1	In
CAACCAATCTCGTGAA-1	In
CAACGGCAGTTCAAGA-1	In
CAACGGCGTCCCGTGA-1	In
CAACGGCGTGTACGCC-1	In
CAACGGCTCACTGGTA-1	In
CAACGTAAGCTATCGT-1	In
CAACGTAAGTATACGA-1	In
CAACGTAGTATTGTCG-1	In
CAACGTAGTGCGCTCA-1	In
CAACGTATCGCGTGAC-1	In
CAACGTATCTAAACGC-1	In
CAAGAAAAGCTTACCA-1	In
CAAGAAAAGTCCCTCT-1	In
CAAGAAACAAACCCTA-1	In
CAAGAAACATTACTTC-1	In
CAAGAAATCATAGGTC-1	In
CAAGCTAAGGCCTCTG-1	In
CAAGCTAGTACGCAAG-1	In
CAAGCTAGTCTGTTGA-1	In
CAAGCTAGTTGGGAAC-1	In
CAAGCTATCGCGTTCT-1	In
CAAGGCCAGTCTTAGC-1	In
CAAGGCCAGTGAAGGA-1	In
CAAGGCCCACATATCG-1	In
CAAGGCCGTCATAGAA-1	In
CAAGGCCTCAAGTTGC-1	In
CACAACAAGCTTCAAC-1	In
CACAACACACGCGCAT-1	In
CACAACAGTCATTGCA-1	In
CACAACAGTTAGTAGA-1	In
CACAACATCATGTTCT-1	In
CACAACATCGAGGCTC-1	In
CACAGATAGAGAACCC-1	In
CACAGATAGCTGGAGT-1	In
CACAGATAGGTGTCGA-1	In
CACAGATCACAGAAGC-1	In
CACAGATGTATCTGCA-1	In
CACAGATGTGGCCTCA-1	In
CACAGATGTTCGGGAA-1	In
CACAGATTCCTGTAGA-1	In
CACATGAAGAGAGTAG-1	In
CACATGACAAGCAACG-1	In
CACATGACACTTATGG-1	In
CACATGATCTGACTTT-1	In
CACCACTGTACCCATA-1	In
CACCACTGTATCACAC-1	In
CACCACTGTGCTTACA-1	In
CACCTGTAGTATACGA-1	In
CACCTGTAGTGCACAG-1	In
CACCTGTCACAGTTAC-1	In
CACCTGTGTAGGGTTG-1	In
CACCTGTGTTAACCAC-1	In
CACCTGTTCGGTACTA-1	In
CACCTGTTCTGCCGAG-1	In
CACCTTGCATCGACGC-1	In
CACCTTGGTTTAAGCC-1	In
CACCTTGTCCCGTAGG-1	In
CACCTTGTCGCGTTCT-1	In
CACCTTGTCTGAGTCA-1	In
CACGTTCAGAACGACC-1	In
CACGTTCTCCCACTTG-1	In
CACGTTCTCGAACCGC-1	In
CACGTTCTCGCTCGGA-1	In
CACTAAGAGCGCCTAC-1	In
CACTAAGCAATGTGCT-1	In
CACTAAGCAGAGAGAA-1	In
CACTAAGTCAACACGT-1	In
CACTAAGTCTCGTGAA-1	In
CACTGAAAGAACCATA-1	In
CAGCCTTAGTATACGA-1	In
CAGCTAACAAGCTTTG-1	In
CAGCTAACAGGCAGAT-1	In
CAGCTAACATCCCTCA-1	In
CAGCTGGCAAGACACG-1	In
CAGCTGGGTAGCTGTT-1	In
CAGCTGGGTCCCGAGT-1	In
CAGCTGGGTTCCAGTA-1	In
CAGGATTAGAGATTAC-1	In
CAGGATTAGTCAGGAC-1	In
CAGGATTGTGACCAGA-1	In
CAGGATTTCAGCGGTC-1	In
CAGGGCTCAACCTCCT-1	In
CAGGGCTTCCCAGCAG-1	In
CAGGGCTTCGTTGTAG-1	In
CAGTATGCATCGCTAA-1	In
CAGTATGGTTAAGGGC-1	In
CAGTGCGGTATTGTGC-1	In
CAGTGCGTCTACCCGT-1	In
CAGTGTAAGGATTTGA-1	In
CATAACGCATGGGAAC-1	In
CATAACGTCCACGAGC-1	In
CATGCCTGTATCGCGC-1	In
CATGCCTTCAGGAAGC-1	In
CATGCCTTCTCTGCGT-1	In
CATGTTTAGAAGCCTG-1	In
CATGTTTGTAGTAACA-1	In
CATTCATCAACTCGAT-1	In
CATTCATCACTCGCAG-1	In
CATTCATCATACCCGG-1	In
CATTCATCATCTCTCG-1	In
CATTCATGTGTGCTTA-1	In
CATTCCGAGATACCAA-1	In
CATTCCGCAAGGAACC-1	In
CATTCCGTCGACGGAA-1	In
CATTGGAAGAGGCCTA-1	In
CATTGGAAGATCGAGC-1	In
CATTGGAAGGCTTAAA-1	In
CATTGGAAGTAACTCC-1	In
CATTGGAAGTGTCGCC-1	In
CATTGGAGTGTCGTGC-1	In
CCAATGAGTAATGTGA-1	In
CCAATGAGTCCTTATT-1	In
CCACAGGGTGGCCTCA-1	In
CCACAGGTCGACTCGG-1	In
CCACAGGTCGCAACTA-1	In
CCACGTTGTAAACGTA-1	In
CCAGATACAAGGAAGA-1	In
CCAGATAGTCAACAGG-1	In
CCCACATAGTCTAGAA-1	In
CCCACATCACTTATGG-1	In
CCCACATGTGGTGGTA-1	In
CCCACATTCAGCACTA-1	In
CCCAGAGAGCTAGTTC-1	In
CCCAGAGGTAATGTGA-1	In
CCCAGAGGTGAATCAA-1	In
CCCGTTAGTCTGGTCG-1	In
CCCGTTATCCAACCTC-1	In
CCCGTTATCCACGCTT-1	In
CCCTAGTGTGAAACAT-1	In
CCCTAGTGTGTGAGGT-1	In
CCCTCTCAGCAGTAGC-1	In
CCCTCTCAGGTGTTGG-1	In
CCCTCTCGTGGTACTT-1	In
CCCTGATAGAACAGGA-1	In
CCCTGATCAACGCACC-1	In
CCCTGATCAATGGTAA-1	In
CCCTGATCATGACTGT-1	In
CCCTGATGTTTGATCG-1	In
CCGAAGCCACGATATC-1	In
CCGAAGCGTTACGGAG-1	In
CCGAAGCTCACTGATG-1	In
CCGCATTAGTGCTAGG-1	In
CCGCATTCAAGCGTCC-1	In
CCGCATTTCCCACTAC-1	In
CCGCATTTCTCTCAAT-1	In
CCGTACTCACGTTGTA-1	In
CCGTACTGTCGATTAC-1	In
CCGTAGGAGATACCAA-1	In
CCGTAGGAGTACCTCA-1	In
CCGTAGGCACTTATGG-1	In
CCGTAGGCAGAATGCG-1	In
CCGTAGGCAGATTAAG-1	In
CCGTAGGGTCATGAGG-1	In
CCGTGAGAGACTCGGA-1	In
CCGTGAGTCTAGCAGT-1	In
CCGTGAGTCTATCTAC-1	In
CCTATTAAGCCCATTA-1	In
CCTATTAAGTGTGTAA-1	In
CCTATTAGTTTGATCG-1	In
CCTCCCTAGCTTCAAC-1	In
CCTCCCTCAATGGTCT-1	In
CCTCCCTGTCCATTGA-1	In
CCTCCCTGTTTCAGCA-1	In
CCTCCCTTCGCAACTA-1	In
CCTGCTAAGTGCTCGC-1	In
CCTGCTAGTCATAAGA-1	In
CCTGCTATCCGCTATC-1	In
CCTGCTATCCTAGAGT-1	In
CCTGCTATCTACTGCC-1	In
CCTGCTATCTCTGCGT-1	In
CCTGCTATCTGGCGCA-1	In
CCTGGGAAGACGACTG-1	In
CCTGGGATCGGCTATA-1	In
CCTTAATAGGAAACTT-1	In
CCTTAATAGTACCCAT-1	In
CCTTAATAGTGAGCAC-1	In
CCTTAATCAAACCTAC-1	In
CCTTAATCAAGCTTTG-1	In
CCTTAATTCAAATGGA-1	In
CCTTGCACATCGGCTG-1	In
CCTTGCATCTGGACAT-1	In
CCTTGGTGTACGGAGT-1	In
CCTTGGTGTACTTCGA-1	In
CCTTGGTTCCCATAGA-1	In
CGAGTTAAGGGCTCTC-1	In
CGATGATAGGCGACTA-1	In
CGATGATGTCGTAGTT-1	In
CGATGATTCCGGACTG-1	In
CGCAATACAGAACTTC-1	In
CGCAATAGTATCAGCT-1	In
CGCACAGAGTCTGTGT-1	In
CGCACAGAGTTCGTTG-1	In
CGCACAGGTGCATCAT-1	In
CGCAGGTCAAGGCTTT-1	In
CGCAGGTGTAGCGTTT-1	In
CGCAGGTGTTCCCAAA-1	In
CGCGCAAAGGTACATA-1	In
CGCGCAATCAGGATCT-1	In
CGCGCAATCCTGTGGG-1	In
CGCGCAATCGAGAAGC-1	In
CGCGCAATCGGTGATT-1	In
CGCGCAATCTCCTTAA-1	In
CGCGCAATCTCGCGTT-1	In
CGCTAGGCATCAGCTA-1	In
CGCTAGGGTTTAAGCC-1	In
CGCTATCAGAGTTCGG-1	In
CGCTATCCAGATGGCA-1	In
CGCTATCCATCCTGGG-1	In
CGCTATCGTGTGAGGT-1	In
CGCTATCGTTGGTAAA-1	In
CGCTATCTCCAATCCC-1	In
CGCTATCTCTGTGTGA-1	In
CGCTGGAAGGTCGGTA-1	In
CGCTGGAAGTGTGTAA-1	In
CGCTGGACACGCCGAT-1	In
CGCTGGACATAGACGG-1	In
CGCTGGATCGAGCGCT-1	In
CGGACCAAGACTCGGA-1	In
CGGACCAAGGCAATTA-1	In
CGGACCACAGGTCTGC-1	In
CGGACCACATGCGCTG-1	In
CGGACCAGTAGCGAGT-1	In
CGGACCAGTCCCTAAA-1	In
CGGACCAGTGGTAAGC-1	In
CGGACCAGTGTCGTCG-1	In
CGGACCAGTTATCGAC-1	In
CGGACCAGTTTCCTAT-1	In
CGGACTGAGAACTCCT-1	In
CGGACTGGTACTTCAG-1	In
CGGACTGGTGGCATAG-1	In
CGGACTGTCCTTTGAT-1	In
CGGTGCAAGACACTTC-1	In
CGGTGCAAGAGCCTGA-1	In
CGGTGCAGTGCTAGTT-1	In
CGGTGCATCCTTACGC-1	In
CGGTGCATCGAACACT-1	In
CGGTGCATCGTCGCAG-1	In
CGTAAACAGGAACCGT-1	In
CGTAAACAGGCGTAGT-1	In
CGTAAACTCCACACCT-1	In
CGTAAACTCGGGAATG-1	In
CGTGGCAAGACTAGGC-1	In
CGTGGCATCGAGAAGC-1	In
CGTTCCAAGTATACGA-1	In
CGTTCCAAGTTGGAAT-1	In
CGTTCCACACACGGTC-1	In
CGTTCCAGTAGACACG-1	In
CTAACTTCAAGCAATA-1	In
CTAACTTGTCGCTAGC-1	In
CTACAGACATGGTAAA-1	In
CTACAGAGTGCGCTCA-1	In
CTACAGAGTTTGTCTT-1	In
CTACAGATCCCACTAC-1	In
CTACTTATCTGTGTGA-1	In
CTAGCGGGTCCCTTTG-1	In
CTAGCGGGTGGGTAGT-1	In
CTAGGATAGCGGACTA-1	In
CTAGGATAGTGATATG-1	In
CTAGGATCATTTCACT-1	In
CTAGGGCAGAGACTCG-1	In
CTAGGGCGTCTGTGTA-1	In
CTAGGGCGTGCGCTCA-1	In
CTAGGGCTCGTGGAAG-1	In
CTCAACCAGGATTGCG-1	In
CTCAACCAGGGCGAAG-1	In
CTCAACCAGTGGTGTG-1	In
CTCAACCCAAGGTTCT-1	In
CTCAACCCAAGTTGCT-1	In
CTCAACCTCATGTTCT-1	In
CTCACCACACCTATTT-1	In
CTCAGAAAGATCCGAG-1	In
CTCAGAACAGTGGTCC-1	In
CTCAGAAGTGCTGGCT-1	In
CTCAGAATCTCCTTGG-1	In
CTCAGCTAGCGGACTA-1	In
CTCAGCTAGCTCGTTA-1	In
CTCAGCTCAGGCAGAT-1	In
CTCAGCTGTCCAGACC-1	In
CTCAGCTGTTAAGGGC-1	In
CTCAGCTTCCCGTAGG-1	In
CTCAGCTTCGGGAAAC-1	In
CTCATGCCAGGCATCC-1	In
CTCCCAAAGATGTTCC-1	In
CTCCCAATCGGGTCCA-1	In
CTCCCAATCTATCTTG-1	In
CTCGCTAAGTTGGAAT-1	In
CTCGCTAGTAACTCCA-1	In
CTCGCTAGTGGACCAA-1	In
CTCTACGCATTCACGA-1	In
CTCTACGGTTACGAAA-1	In
CTCTACGTCGATGTGT-1	In
CTCTAGCCAATGTGTC-1	In
CTCTAGCTCCACTAGA-1	In
CTCTAGCTCGCGCTGA-1	In
CTCTCAGAGTTCAGGG-1	In
CTCTCAGAGTTCCCGG-1	In
CTCTCAGTCACACGTA-1	In
CTCTCAGTCGTGAACT-1	In
CTCTCAGTCTCCAACC-1	In
CTGAATGAGAAGCCTG-1	In
CTGAATGAGATTGACA-1	In
CTGAATGCAACTACTG-1	In
CTGAATGGTCTGTTGA-1	In
CTGAATGTCGGCAATT-1	In
CTGCGTTAGGATGTCG-1	In
CTGCGTTGTTCCATCC-1	In
CTGCTCAGTAGCGAGT-1	In
CTGCTCATCCGATGCG-1	In
CTGGCAGCAGTATCTG-1	In
CTGGCAGTCGCCACTT-1	In
CTGGGACCAGGTGTCC-1	In
CTGTATTAGTTCAACC-1	In
CTGTATTCAGCCGAAA-1	In
CTGTATTGTATTTGCG-1	In
CTGTATTGTTTAGACC-1	In
CTGTATTTCCCTAAAG-1	In
CTGTATTTCGACCCGA-1	In
CTGTTCGCAACGGACA-1	In
CTGTTCGCAAGCGGTA-1	In
CTGTTCGGTTCCGCGA-1	In
CTTAATCGTATTCTCT-1	In
CTTAATCGTGACCAGA-1	In
CTTCCAGAGAGGAACA-1	In
CTTCCAGAGTGTCGCC-1	In
CTTCCAGCAAACCCTA-1	In
CTTCCAGCAAGCGACA-1	In
CTTCCAGCAGTTCGGC-1	In
CTTCCAGTCAAGGCAG-1	In
CTTCCAGTCGTCCCAT-1	In
CTTCTAACAAATTGAG-1	In
CTTCTAAGTCCAAGTT-1	In
CTTGAAGCAAGCACTT-1	In
CTTGAAGGTGAATGTA-1	In
CTTGCCACATCGTACA-1	In
CTTGCTGGTGTTAGAA-1	In
CTTGTCGAGTGAGTGC-1	In
GAAACAATCGGCATAT-1	In
GAAAGTAAGCTATCCA-1	In
GAAAGTACAATGGTCT-1	In
GAAAGTACATCATAGC-1	In
GAAAGTAGTCATAGCT-1	In
GAAAGTAGTGCGACCT-1	In
GAAAGTAGTTACGAAA-1	In
GAAATGACATTGTTCT-1	In
GAAATGATCAGCACGC-1	In
GAAATGATCTCTGCAC-1	In
GAACCGCAGCTGGAGT-1	In
GAACCGCAGTCAGGAC-1	In
GAACCGCCAACTTGGT-1	In
GAACCTAAGTTATGAG-1	In
GAACCTAGTAAGTGCG-1	In
GAACCTATCTGACATG-1	In
GAACCTATCTTCACTA-1	In
GAACGTTAGACACGGT-1	In
GAACGTTAGAGAACCC-1	In
GAACGTTGTACGTAGG-1	In
GAACGTTGTGCGTGTC-1	In
GAACGTTTCGATAGCT-1	In
GAACTTGAGAGGAAGT-1	In
GAACTTGCAGCAATGG-1	In
GAACTTGTCGCTGATA-1	In
GAAGAGCCACGGTGTC-1	In
GAAGAGCGTTACGCTA-1	In
GAAGAGCGTTACGGAG-1	In
GAAGAGCGTTCCATCC-1	In
GAAGTCTTCAATTGGC-1	In
GAAGTGGCAATTCGTG-1	In
GAAGTGGTCCAACGCG-1	In
GAATCTGTCCGTCAAA-1	In
GACCAATAGAGCGGTT-1	In
GACCAATCAACTGCGC-1	In
GACCAATCAGGTAACG-1	In
GACCAATGTTAGAGAT-1	In
GACCAATGTTAGGAAT-1	In
GACCCAGAGAACGTCG-1	In
GACCCAGAGACTTCCA-1	In
GACCCAGTCCGTTAGA-1	In
GACCCAGTCGTAGCGC-1	In
GACCGACAGTCAACTC-1	In
GACCGACGTCCCTAAA-1	In
GACCGACTCACGGGTC-1	In
GACCGACTCCCTAAAG-1	In
GACCGACTCGATGAAA-1	In
GACCGACTCTGTTGCC-1	In
GACCTTCGTCGATTAC-1	In
GACCTTCTCTCTATTG-1	In
GACTAACCATCTGCAA-1	In
GACTAACGTTGTGACT-1	In
GACTAACTCCCACTAC-1	In
GACTAACTCTTAATCC-1	In
GACTAGTCAGGTTATC-1	In
GACTAGTTCGGATAAA-1	In
GAGAACGAGCCATGGA-1	In
GAGAACGAGTTACACC-1	In
GAGAACGGTTGGCGAA-1	In
GAGACTTGTAGAATAC-1	In
GAGACTTTCCCGTAGG-1	In
GAGACTTTCTAGTCGA-1	In
GAGATTCAGGCAGTGT-1	In
GAGATTCCAAGGAACC-1	In
GAGATTCGTCTGCGCA-1	In
GAGATTCGTGCAAGAC-1	In
GAGATTCGTTCAGAAA-1	In
GAGCATTAGGGCATTG-1	In
GAGCATTCATTCACCC-1	In
GAGCGCTAGGCCTCGT-1	In
GAGCGCTGTTTGCATG-1	In
GAGCGCTTCCATAGGT-1	In
GAGGATGTCGGTAGGA-1	In
GAGGTCCGTGATGTGG-1	In
GAGTGAGAGTTCCCGG-1	In
GAGTGAGGTCCGTCGA-1	In
GATCATGAGATCCGAG-1	In
GATCATGAGTATACGA-1	In
GATCATGGTACGCCCA-1	In
GATCATGGTTACGGAG-1	In
GATCGTACAAGCTTTG-1	In
GATCGTACAGAACAGC-1	In
GATCGTACAGGTGGTA-1	In
GATGATCCAAGACTAA-1	In
GATGATCCATTACTTC-1	In
GATGATCGTATCTAGC-1	In
GATGATCTCTGGCACG-1	In
GATGGCCAGTACCCAT-1	In
GATGGCCGTAACGGCA-1	In
GATGGCCGTTTGTGAC-1	In
GATTAGCGTATCGCGC-1	In
GATTAGCTCCATTGAG-1	In
GATTGACCATCCCTTG-1	In
GATTGACTCTATATCC-1	In
GCAAAGGAGGCTAAAT-1	In
GCAAAGGTCGGCATAT-1	In
GCAACCGCATTACTCT-1	In
GCAACCGCATTGAACC-1	In
GCACGCAAGCGCACAA-1	In
GCACGCAAGGAGGCGA-1	In
GCACGCACAATGGTCT-1	In
GCACGCACACTCGGAC-1	In
GCACGCATCAGGTCTA-1	In
GCACGGTAGGGAAGCG-1	In
GCACGGTCAGGACTGA-1	In
GCACGGTGTGAATGTA-1	In
GCACGGTGTTTCGACA-1	In
GCACGGTTCCATACCC-1	In
GCAGATTAGAGCGAAA-1	In
GCAGATTAGTGAGCAC-1	In
GCAGATTTCGCAACTA-1	In
GCAGCCAAGGAGGCGA-1	In
GCAGCCAAGGTGTTGG-1	In
GCAGCCACACTCCTCA-1	In
GCAGCCACATACTGCA-1	In
GCAGCCAGTACGTAGG-1	In
GCAGCCAGTCAACAGG-1	In
GCAGCCATCGATAGGG-1	In
GCAGCCATCGCGTGAC-1	In
GCAGCTGAGCGAGCTA-1	In
GCAGCTGGTTAGAGAT-1	In
GCAGCTGTCAAGGCCC-1	In
GCAGCTGTCTGAACGT-1	In
GCATGATGTAAGCCTT-1	In
GCATTCCTCTTCCACG-1	In
GCATTGAAGTTAGAGT-1	In
GCATTGACACATATCG-1	In
GCATTGACACTAGCCG-1	In
GCATTGACATCACAAC-1	In
GCATTGAGTCAACTGT-1	In
GCATTGAGTCCAAGTT-1	In
GCATTGAGTGATGCTT-1	In
GCATTGAGTGCCAAGA-1	In
GCCAGACAGAGCACTG-1	In
GCCAGACAGAGTTCGG-1	In
GCCAGACAGGCGCTTC-1	In
GCCAGACAGGTTCGAG-1	In
GCCAGACGTGGATTTC-1	In
GCCCAGAAGTCTGCTA-1	In
GCCCGAAAGGCCTCTG-1	In
GCCCGAAAGTATACGA-1	In
GCCCGAACACAACGGA-1	In
GCCCGAAGTTTAGAAG-1	In
GCCTACTGTCACCCGA-1	In
GCGAGAAAGAAGCCTG-1	In
GCGAGAAAGGCGTAGT-1	In
GCGAGAACAATTAGGA-1	In
GCGAGTCGTTCTACGA-1	In
GCGAGTCGTTTGTCTT-1	In
GCGATCGGTCAATACC-1	In
GCGATCGGTCCGTAGC-1	In
GCGATCGGTCCTTATT-1	In
GCGATCGGTGCATTGT-1	In
GCGATCGGTGTTGGTT-1	In
GCGATCGGTTCCATCC-1	In
GCGATTACACCTACCT-1	In
GCGATTACACTCCTCA-1	In
GCGCATGAGCCTGGTC-1	In
GCGCATGCACACACCG-1	In
GCGCATGGTGCTGAAG-1	In
GCGCATGGTTTAGGAA-1	In
GCGCATGTCCCAGCAG-1	In
GCGCCAAAGAGGCGGA-1	In
GCGCCAACAAGGCTTT-1	In
GCGCCAATCGTGAACT-1	In
GCGCCAATCTCCAACC-1	In
GCGGAAATCTACATCT-1	In
GCGGGTTAGTGAGTGC-1	In
GCGGGTTCACGCGACT-1	In
GCGGTGTAGAGCTACG-1	In
GCGGTGTAGATTGACA-1	In
GCGGTGTCACGAACGA-1	In
GCGGTGTGTTTGGATC-1	In
GCGTAGCAGAACTAAC-1	In
GCGTTGGAGGATTGCG-1	In
GCTCACTCAGCAATGG-1	In
GCTCAGGCACTGTCAA-1	In
GCTCAGGTCCTTCGAC-1	In
GCTCCTAAGGAGTAGA-1	In
GCTCCTACAAGAAACT-1	In
GCTCCTACACAACGGA-1	In
GCTCCTACAGGTAGCA-1	In
GCTCCTACATGTATCG-1	In
GCTCCTATCTACTTTG-1	In
GCTCGAGCAATGTGTC-1	In
GCTCGAGGTCGCTACG-1	In
GCTCGAGTCGTTTGAG-1	In
GCTGAGCGTTACTTTC-1	In
GCTGCGAAGCAACTGG-1	In
GCTGCGAAGCTCGTTA-1	In
GCTGCGACAATTGCCA-1	In
GCTGCGAGTTCTCGAA-1	In
GCTGCGATCGTGGGTC-1	In
GCTGCGATCTATGAGC-1	In
GCTGTTCCATCCCGGA-1	In
GCTGTTCCATTACTTC-1	In
GCTGTTCCATTTGGTG-1	In
GCTGTTCGTCCGTAGC-1	In
GCTTAAGGTCCTTATT-1	In
GCTTAAGGTGATGCGA-1	In
GCTTAAGTCCTGGGAC-1	In
GCTTAAGTCTTAAGCG-1	In
GCTTGCTAGTACGCGA-1	In
GCTTGCTCACCACAGC-1	In
GCTTGCTGTTAGTAGA-1	In
GCTTTCGCATTTCTTG-1	In
GCTTTCGGTACGGTTT-1	In
GGAACCCAGTGGTGTG-1	In
GGAACCCCAAGCAGGT-1	In
GGAACCCCAGGGTAAC-1	In
GGAACCCGTGCATCAT-1	In
GGAACCCTCTATCTCA-1	In
GGAACCCTCTTAAGCG-1	In
GGAACTTAGGCCTCTG-1	In
GGAACTTAGTTCAGGG-1	In
GGAACTTTCGCACCTT-1	In
GGAACTTTCGGTCTAA-1	In
GGAATCTAGTACCCAT-1	In
GGAATCTAGTGTCGCC-1	In
GGAATCTCAAGCCAGA-1	In
GGAATCTTCTACTTTG-1	In
GGACACCAGATCACCT-1	In
GGACACCAGTCCTTCC-1	In
GGACACCCACCATTCC-1	In
GGACACCTCACTAGGT-1	In
GGAGAACAGAGGAATG-1	In
GGAGAACCACTTACAG-1	In
GGAGAACCAGAACGAC-1	In
GGAGAACGTGCCCTAG-1	In
GGAGAACGTGCGTCCA-1	In
GGAGGATCAAGGCGTA-1	In
GGAGGATGTGGTACTT-1	In
GGAGGATGTTAACCAC-1	In
GGAGGATTCGGGATCC-1	In
GGAGTAGTCACTCGTC-1	In
GGAGTAGTCATCGCAA-1	In
GGAGTAGTCCCGAAGC-1	In
GGATAGGCAACTAGAA-1	In
GGATAGGTCTATTTCG-1	In
GGATAGGTCTGCGTCT-1	In
GGCACGTAGTATAGTG-1	In
GGCACGTAGTGATATG-1	In
GGCACGTCACACGGTC-1	In
GGCACGTGTTCGGGAA-1	In
GGCACGTTCGGCATAT-1	In
GGCATTAAGCCTGTAT-1	In
GGCATTACAATTCGTG-1	In
GGCGAAAAGGTTGACG-1	In
GGCGAAATCGATGTGT-1	In
GGCGAAATCTTTATCG-1	In
GGCGTTGCATGGCCTG-1	In
GGCGTTGTCTGGCACG-1	In
GGGAACAGTTACACTG-1	In
GGGAACAGTTACTTTC-1	In
GGGAACAGTTCCCGGA-1	In
GGGACCTCACCTGTGG-1	In
GGGACCTGTCACAGGA-1	In
GGGACCTTCTGATCTT-1	In
GGGCCATAGAACCATA-1	In
GGGCCATAGATCGCCC-1	In
GGGCCATAGGTCGGTA-1	In
GGGCCATCATATACGC-1	In
GGGCCATTCACACGTA-1	In
GGGCCATTCGCGTTCT-1	In
GGGCCATTCTGGAAGG-1	In
GGGTCTGAGAAATTCG-1	In
GGGTCTGCAAACCCTA-1	In
GGGTCTGCACGTACAT-1	In
GGGTCTGGTATGGATA-1	In
GGGTCTGGTCCGTAGC-1	In
GGGTCTGTCTTTATCG-1	In
GGGTGTCGTAAACGAT-1	In
GGGTGTCGTGTTAGAA-1	In
GGGTTATAGCCTTTGA-1	In
GGTACCGAGCTCCGGT-1	In
GGTACCGCAAGAAACT-1	In
GGTACCGCACAACGGA-1	In
GGTACCGCATGTATCG-1	In
GGTACCGGTAAAGCTA-1	In
GGTACCGTCTTTCGAT-1	In
GGTAGGAAGCTGCTCG-1	In
GGTAGGAAGTAGAAGG-1	In
GGTAGGACAGTGCGTC-1	In
GGTAGGATCTGGACAT-1	In
GGTCATAAGTGTTCCA-1	In
GGTCATAGTCTGGGCT-1	In
GGTGAAGCAGGACTGA-1	In
GGTGAAGTCGATATGC-1	In
GGTGCTGGTCCGTAGC-1	In
GGTGCTGGTGGACTGA-1	In
GGTGTCGCAGCGCGTT-1	In
GGTGTCGGTAACACTC-1	In
GGTTGCGGTTTCTCTA-1	In
GTAATCGCAAACAGTA-1	In
GTAATCGCACTAGCCG-1	In
GTACTTTGTAGTATCC-1	In
GTACTTTGTTAAGTCC-1	In
GTAGACTAGCTAACAA-1	In
GTAGACTCACGTGAAG-1	In
GTAGACTGTATTCTTC-1	In
GTAGGAGTCCATAGGT-1	In
GTAGTACCACCAAGGA-1	In
GTAGTACGTCGCTACG-1	In
GTAGTACGTGCCCAGT-1	In
GTAGTACTCATTCTCA-1	In
GTCACAAAGGCTCAGA-1	In
GTCACAAAGTTCCCGG-1	In
GTCACAACATAGCCGC-1	In
GTCACAAGTGGAAGCT-1	In
GTCACAATCCAGTTAG-1	In
GTCACCTAGACAGCTG-1	In
GTCACCTCAGTGCGAA-1	In
GTCACGGCATCGCCTT-1	In
GTCACGGGTTAACCGT-1	In
GTCACGGTCGGCATAT-1	In
GTCACTCAGTCATACC-1	In
GTCACTCTCAATCGTG-1	In
GTCCATCAGTTATGAG-1	In
GTCCATCCATGTGAGG-1	In
GTCCATCTCAACACGT-1	In
GTCGTAACAGGCATCC-1	In
GTCTACCCATGCGCTG-1	In
GTGACATCAGATTAAG-1	In
GTGACATCATTTGGTG-1	In
GTGACATTCGAGAAGC-1	In
GTGATCAAGAACTCCT-1	In
GTGATCAAGCTTACCA-1	In
GTGATCATCGATGTAC-1	In
GTGATCATCGTTACAG-1	In
GTGCACGGTAAGCCGA-1	In
GTGCACGTCAAGAGAT-1	In
GTGCACGTCGACTCGG-1	In
GTGCCAGTCCAACAAC-1	In
GTGCCAGTCCGTACGG-1	In
GTGCTGGAGCATTGGG-1	In
GTGCTGGCAAACCGAG-1	In
GTGCTGGGTTTCTCTA-1	In
GTGCTGGTCCCGTAGG-1	In
GTGCTGGTCCTCCATG-1	In
GTGCTGGTCGTCTAGA-1	In
GTGCTGGTCGTGCTTC-1	In
GTGGATTAGAGTGGAA-1	In
GTGGATTCAGATAAGT-1	In
GTGGATTCATTAAGGA-1	In
GTGGATTGTAAGCCTT-1	In
GTGGATTTCCTCCCAA-1	In
GTGGCGTAGGTTCGTT-1	In
GTGGCGTTCCGTGCGA-1	In
GTGGCGTTCGGTCTAA-1	In
GTGTCAAGTAAACCCT-1	In
GTGTCAAGTACTTCAG-1	In
GTGTCAAGTCGAGGAT-1	In
GTGTCAAGTGGCATAG-1	In
GTGTCAAGTGTGCTTA-1	In
GTGTCAAGTTTGACCA-1	In
GTGTCCTAGAGTAAGG-1	In
GTGTCCTCAAACTACC-1	In
GTGTCCTCACTCGGAC-1	In
GTGTCCTCAGACCTGC-1	In
GTGTCCTTCTAAACGC-1	In
GTGTCCTTCTATCTCA-1	In
GTGTGATAGACAGTGC-1	In
GTGTGATAGCAACTGG-1	In
GTGTGATAGGAGGCGA-1	In
GTGTGATAGGGAGTTC-1	In
GTGTGATAGTCTCTAG-1	In
GTGTGATCAAGGAAGA-1	In
GTTACGACACTGATAC-1	In
GTTACGACAGAGTCGA-1	In
GTTACGAGTATCTCAG-1	In
GTTACGAGTTTCTCTA-1	In
GTTACTTAGGCAGTGT-1	In
GTTACTTGTTAACCGT-1	In
GTTACTTGTTAAGGGC-1	In
GTTACTTTCCAAGAGG-1	In
GTTATGGTCCAATCCC-1	In
GTTATGGTCTTAATCC-1	In
GTTATTCTCACCCGGA-1	In
GTTATTCTCAGAATGA-1	In
GTTCAAGCAAACGACG-1	In
GTTCAAGGTCGATTAC-1	In
GTTCAAGTCTTCCAGC-1	In
GTTGGGCAGCACACCC-1	In
GTTGGGCAGGGTTCTT-1	In
GTTGGGCGTAACCATC-1	In
GTTGGGCTCGGTCGAC-1	In
GTTGGTATCGCGCCAA-1	In
GTTGGTATCGGTCCGA-1	In
TAAACCGAGCTCCGGT-1	In
TAAACCGCATCGACGC-1	In
TAAACCGGTGCCCAGT-1	In
TAAACCGTCTATACCT-1	In
TAAACCGTCTGCTACC-1	In
TAAACCGTCTGGCACG-1	In
TAACAGCGTCGATTAC-1	In
TAACAGCTCAGATACC-1	In
TAACAGCTCCTATCAT-1	In
TAACAGCTCGTGAACT-1	In
TAACGGTAGATGGGTC-1	In
TAACGGTCAACTCGTA-1	In
TAACGGTCAAGTGGCA-1	In
TAACGGTCATGTGAGG-1	In
TAACGGTTCAACACGT-1	In
TAACGGTTCCCACTAC-1	In
TAACGGTTCGATAGTC-1	In
TAACGGTTCTCGTGAA-1	In
TAACTTCAGCCGCTGT-1	In
TAACTTCAGTGAGTTA-1	In
TAACTTCTCTTAACGG-1	In
TAAGCCACATCAGAAA-1	In
TAAGCCAGTTTGTGAC-1	In
TAAGTGCAGCTGAAAT-1	In
TAAGTGCCATAGCAGG-1	In
TAAGTGCCATCATAGC-1	In
TAAGTGCCATCGCCTT-1	In
TAAGTGCGTCAAGACG-1	In
TAAGTGCGTGCTGAAG-1	In
TAAGTGCGTGCTTCCT-1	In
TAAGTGCTCAATCGTG-1	In
TAATCGGAGTCAGGAC-1	In
TAATCGGTCACCGCGA-1	In
TAATCGGTCCTATCCG-1	In
TAATTCCAGAAATACC-1	In
TAATTCCTCCACTAGA-1	In
TAATTCCTCCCAGCGA-1	In
TAATTCCTCGTTACAG-1	In
TACAGCAGTCGCTAGC-1	In
TACATGGGTGAATGGC-1	In
TACATGGTCTTACCTA-1	In
TACATTCCACAGGTAG-1	In
TACATTCTCTGAGTCA-1	In
TACCCTGAGAACAGGA-1	In
TACCCTGCAAGTCCTA-1	In
TACCTATGTAGATTAG-1	In
TACCTATGTGAATCAA-1	In
TACCTATTCAGCACTA-1	In
TACGCAAAGAGTCCGA-1	In
TACGCAAGTAGACGCA-1	In
TACGCCTCATCGACGC-1	In
TACGCCTGTAGATGAT-1	In
TACGGATAGAGTGGTC-1	In
TACGGATCAAGAAACT-1	In
TACGGATCACAACGGA-1	In
TACGGATCACAGGTAG-1	In
TACGGATCAGGTAGCA-1	In
TACGGATCATGTATCG-1	In
TACGGATGTTCCAGTA-1	In
TACGGATTCAAGGCAG-1	In
TACTAGGAGGGAGATA-1	In
TACTAGGAGGGCATTG-1	In
TACTAGGCAAAGCTGG-1	In
TACTAGGCATTTCACT-1	In
TACTAGGGTATACGCT-1	In
TACTAGGGTTATCGAC-1	In
TACTAGGTCCGTCAAA-1	In
TACTCGCAGTCGATAA-1	In
TACTCGCCAAGTGGCA-1	In
TACTCGCCATGTGAGG-1	In
TACTGCCAGCAATGTA-1	In
TACTGCCCAACTACTG-1	In
TACTGCCCACAGTAGG-1	In
TACTGCCGTGCCCTAG-1	In
TAGACTGAGATGGGAA-1	In
TAGACTGGTACGGAGT-1	In
TAGCACAAGCGTCTGC-1	In
TAGCACACAGCAACAG-1	In
TAGCACACATATACGC-1	In
TAGCACAGTGTGTGTT-1	In
TAGCATGAGGCGATTG-1	In
TAGCATGTCATGTTCT-1	In
TAGCATGTCCGAGGAA-1	In
TAGCCCTGTACTTCGA-1	In
TAGCCCTGTGGCGCTT-1	In
TAGCCGGGTCCGAGCT-1	In
TAGCCGGGTCTCTGGG-1	In
TAGCCGGGTGCTTACA-1	In
TAGCGGCAGTTAGAGT-1	In
TAGCGGCCAATTCAGC-1	In
TAGCGGCCACATCATG-1	In
TAGCGGCGTCCCGAGT-1	In
TAGCGGCTCACTGATG-1	In
TAGCTTTCAGCAAACG-1	In
TAGCTTTGTTGGAGGT-1	In
TAGCTTTTCAGGAAGC-1	In
TAGGAGGCAACTCCCT-1	In
TAGGAGGCAGGTAGCA-1	In
TAGGAGGTCAGGAAGC-1	In
TAGGAGGTCGGATCGC-1	In
TAGGTCAAGTATACGA-1	In
TAGGTCAAGTCTGCTA-1	In
TAGGTCATCGTGATAC-1	In
TAGGTGTCACGTTAGT-1	In
TAGGTGTGTAAACGAT-1	In
TAGGTGTTCTGTGTCC-1	In
TAGTCCCAGAGAGTAG-1	In
TAGTCCCAGCAACTGG-1	In
TAGTCCCAGCTCCGGT-1	In
TAGTCCCAGTATGCTC-1	In
TATCGAGGTTCCAGTA-1	In
TATCTGTAGCCATGGA-1	In
TATCTGTAGGAATGGA-1	In
TATCTGTCAAATGCTC-1	In
TATCTGTGTATCTGCA-1	In
TATGTGGCAATGGCAG-1	In
TATGTGGGTCATTGGT-1	In
TATGTGGTCGTGGTAT-1	In
TATGTTCGTAGTAACA-1	In
TATGTTCTCTCTGCGT-1	In
TATTGCTAGAGGAAGT-1	In
TATTGCTAGATCGAGC-1	In
TATTGCTAGTGTCGCC-1	In
TATTGCTCAATGTGCT-1	In
TATTGCTCATCACAGT-1	In
TATTGCTGTCCACCAG-1	In
TCAAAGCAGGGCTCTC-1	In
TCAAAGCCACCTACCT-1	In
TCAAAGCGTATTCTCT-1	In
TCAAGACCAACGACAG-1	In
TCAAGCAGTACGGATG-1	In
TCAAGCAGTCCGGTAC-1	In
TCAAGCAGTTAGGCTT-1	In
TCAAGGTCACGTGAAG-1	In
TCAAGGTGTCAACTGT-1	In
TCAATTCAGGGAGTTC-1	In
TCAATTCCACTAGGAG-1	In
TCAATTCCAGTTGCAT-1	In
TCACAAGAGAGAGTTT-1	In
TCACAAGCACTGAAGG-1	In
TCACAAGGTCAACTGT-1	In
TCACAAGTCACCCTTG-1	In
TCACAGAAGACTTGAA-1	In
TCACAGACAAACCCTA-1	In
TCACAGACAAGTCTGT-1	In
TCACAGACAGAACAGC-1	In
TCACAGACAGTTCGGC-1	In
TCACAGACATCGGCCA-1	In
TCACAGAGTTACACTG-1	In
TCACAGATCGAACACT-1	In
TCACCACAGAACGACC-1	In
TCACCACCACTGTTAG-1	In
TCACCTGAGTAGTCGG-1	In
TCACCTGCACTGCTCT-1	In
TCACCTGGTCAACTGT-1	In
TCACCTGGTTCCGCGA-1	In
TCACCTGTCCGGCGAT-1	In
TCACCTGTCCTGTGGG-1	In
TCACTCGGTTATGCAC-1	In
TCAGCTCAGAAATACC-1	In
TCAGCTCCAGTGCGAA-1	In
TCAGCTCCATCCATAG-1	In
TCAGCTCGTAAGTCTC-1	In
TCAGGGCAGAGCTACG-1	In
TCAGGGCCAAGTAACA-1	In
TCAGGGCGTCCAGACC-1	In
TCAGGGCTCACTCCCA-1	In
TCAGGGCTCGCACAAT-1	In
TCAGGTAAGGAGTCTG-1	In
TCAGGTAGTTGGAGGT-1	In
TCAGGTATCAGGATCT-1	In
TCAGGTATCCATCTAT-1	In
TCAGTCCAGGCCTCTG-1	In
TCAGTCCCAAAGCTTC-1	In
TCAGTCCCACTGGGCT-1	In
TCAGTCCCATCATGTG-1	In
TCAGTCCGTCGTAGTT-1	In
TCAGTCCGTGATAAGT-1	In
TCAGTCCTCATCGCTC-1	In
TCAGTTTCAGAATGCG-1	In
TCAGTTTCAGATTAAG-1	In
TCAGTTTCAGTAACTC-1	In
TCAGTTTGTCGTAGTT-1	In
TCAGTTTTCACTCCCA-1	In
TCAGTTTTCCAGTACA-1	In
TCCAGAAAGTATACGA-1	In
TCCAGAAGTATCCTTT-1	In
TCCAGAAGTTCTACCC-1	In
TCCATCGCACTGCTTC-1	In
TCCATCGGTTCACGTA-1	In
TCCATCGTCAAGGCCC-1	In
TCCGACTAGCTTTCCC-1	In
TCCGACTCACTGTCGG-1	In
TCGAGCGAGCAATAAC-1	In
TCGAGCGCAGGATGTG-1	In
TCGAGCGTCAAATGGA-1	In
TCGAGCGTCGGACGAA-1	In
TCGATTTCAGAACGAC-1	In
TCGATTTGTGCTTCCT-1	In
TCGATTTGTGGCATAG-1	In
TCGATTTGTTTCCTAT-1	In
TCGATTTTCCTAAGTG-1	In
TCGATTTTCTACCCGT-1	In
TCGCAGGAGGATGCCA-1	In
TCGCAGGGTAGAAGCC-1	In
TCGCCTACAAACGTTC-1	In
TCGCCTATCGGTCTCT-1	In
TCGGGACAGGCCAGTA-1	In
TCGTTCGAGTCCAGAG-1	In
TCGTTCGAGTCGACCC-1	In
TCGTTCGAGTCGTACT-1	In
TCTAGTTAGTCTCCAA-1	In
TCTAGTTGTCAACAGG-1	In
TCTAGTTGTTGCCTGG-1	In
TCTAGTTTCGGATAGG-1	In
TCTATTGGTCACCGCA-1	In
TCTCAGCAGGGATCCA-1	In
TCTCAGCGTCCTTATT-1	In
TCTCAGCTCAAATGGA-1	In
TCTCAGCTCACAAGCT-1	In
TCTCAGCTCCCGCAAG-1	In
TCTCTGGGTGCACATT-1	In
TCTCTGGGTGTAGGAC-1	In
TGAATCGAGAAATTCG-1	In
TGAATCGAGACGCCAA-1	In
TGAATCGAGTGAGTGC-1	In
TGAATCGCATGCCCTT-1	In
TGAATCGGTCACTCTC-1	In
TGAATCGGTGTAGGAC-1	In
TGAATCGGTTTGTAGC-1	In
TGAATCGTCCATAGGT-1	In
TGACAACGTCCGTAGC-1	In
TGACAACTCTATCTAC-1	In
TGACTCCAGCCTGGTC-1	In
TGACTCCCAGAGATGC-1	In
TGACTCCCAGTAAGCG-1	In
TGACTCCCATACTGCA-1	In
TGACTCCCATTGCACA-1	In
TGACTCCGTCTGCACG-1	In
TGACTCCTCAAGAGGC-1	In
TGAGCCGTCGCAACTA-1	In
TGATCAGAGAGGTCCA-1	In
TGATCAGAGCTTCAAC-1	In
TGATCAGCAGAACGAC-1	In
TGATCAGTCGTGGCGT-1	In
TGATGCAAGAAATGGG-1	In
TGATGCACATAGAATG-1	In
TGATGCAGTCTGAGCC-1	In
TGATGCAGTTGGCTTA-1	In
TGATGCAGTTTCACCC-1	In
TGATTTCAGCTCGGCT-1	In
TGATTTCAGTTCCCGG-1	In
TGATTTCCAAACCCTA-1	In
TGATTTCCAAACGTTC-1	In
TGATTTCCAAGTCTGT-1	In
TGATTTCCAATGGCTT-1	In
TGATTTCCACAGTAGG-1	In
TGATTTCCACGAACGA-1	In
TGATTTCCAGTTCGGC-1	In
TGATTTCCATCGGCCA-1	In
TGATTTCGTACGTAGG-1	In
TGCACCTAGAAGCCTG-1	In
TGCACCTAGACACGGT-1	In
TGCACCTTCTACCCGT-1	In
TGCATGATCCCGAAGC-1	In
TGCATTTCAAGCGACA-1	In
TGCATTTCAGGTTATC-1	In
TGCATTTTCCTCCTGA-1	In
TGCCTCACAAACCCTA-1	In
TGCCTCATCCTATCAT-1	In
TGCCTCATCTTGGCCT-1	In
TGCCTGTAGTGAGTGC-1	In
TGCGTAAAGGCTTCGC-1	In
TGCGTAAGTCCGTGCA-1	In
TGCTATTCAAGCCTTA-1	In
TGCTATTCAGCAAACG-1	In
TGCTATTGTTACCCAA-1	In
TGCTCACAGTGTCGCC-1	In
TGCTCACCAATGCCAT-1	In
TGCTCACGTTAACCAC-1	In
TGCTCACGTTCTTAGG-1	In
TGCTCGTGTAACCGAG-1	In
TGCTCGTGTGCGTGTC-1	In
TGCTCGTGTTCCCTTG-1	In
TGCTCGTGTTGGAGGT-1	In
TGCTTCGGTATTCGCA-1	In
TGCTTCGTCAGGAATA-1	In
TGCTTTACAAGACACG-1	In
TGCTTTATCAGTCTTT-1	In
TGGAAGGCAAGACTAA-1	In
TGGAAGGCATCCCGGA-1	In
TGGACATGTACGTAGG-1	In
TGGACATGTATTCGCA-1	In
TGGACATTCTGGACAT-1	In
TGGCAATCACGCGACT-1	In
TGGCAATGTATACGCT-1	In
TGGCAATGTGATAAGT-1	In
TGGCGCAAGGATTGCG-1	In
TGGCGCAAGTAGTTCC-1	In
TGGCGCAAGTTATGAG-1	In
TGGCGCATCGTTACAG-1	In
TGGCGCATCTTTCGAT-1	In
TGGGTTAAGACGTCAG-1	In
TGGGTTACAGTATACC-1	In
TGGGTTACATCACAAC-1	In
TGGGTTAGTAGTCCAT-1	In
TGGGTTAGTGATAAGT-1	In
TGGGTTAGTTCTGAGT-1	In
TGGTCAAAGGCTTTAC-1	In
TGGTCAACACCTACCT-1	In
TGGTCAACAGAACTTC-1	In
TGGTCAATCAAATGGA-1	In
TGGTCCTAGGCGTCCT-1	In
TGGTCCTCATACCCGG-1	In
TGGTCCTTCTCCTTAA-1	In
TGTAAGCAGAGCACTG-1	In
TGTAAGCAGTCACACT-1	In
TGTAAGCGTCCAAGAG-1	In
TGTAAGCTCGGTGATT-1	In
TGTACAGCACTGTCGG-1	In
TGTACAGGTACGACCC-1	In
TGTACAGGTACGTATC-1	In
TGTACAGGTTTGTCTT-1	In
TGTACAGTCACTCCCA-1	In
TGTACGACACTGCTTC-1	In
TGTAGCACAGTAAGAT-1	In
TGTAGCAGTAGAATAC-1	In
TGTGACAAGTGTCACT-1	In
TGTGACATCACGTCAA-1	In
TGTGGCGCACTTATGG-1	In
TGTGGCGCATGGTTTG-1	In
TGTGTCCAGACAGCTG-1	In
TGTGTCCGTGTAGGAC-1	In
TGTGTCCTCCACTAGA-1	In
TGTGTCCTCCATGACA-1	In
TGTGTCCTCCGTGCAG-1	In
TGTGTCCTCGCACAAT-1	In
TGTTAGGAGAGACTCG-1	In
TGTTAGGAGCGCCTAC-1	In
TGTTAGGAGTACCACT-1	In
TGTTAGGTCAAGTTGC-1	In
TGTTAGGTCCATTGTT-1	In
TGTTAGGTCGATGAAA-1	In
TTAACGGAGACTAATG-1	In
TTAACGGCAGTAAGAT-1	In
TTAACGGGTAACGGAC-1	In
TTAACGGTCACGTCAA-1	In
TTACCCGAGACACTTC-1	In
TTACCGCCAAGACACG-1	In
TTACGGATCCTTACGC-1	In
TTACGTTAGGCTCCTG-1	In
TTACGTTGTATTCACG-1	In
TTACGTTTCACAGGGA-1	In
TTACTCACAGAAGTGC-1	In
TTACTCACATCGCCTT-1	In
TTACTCAGTTTGACCA-1	In
TTACTCATCAACACGT-1	In
TTAGCGACAGGATAGC-1	In
TTAGCGATCAATCGTG-1	In
TTAGCTTCATCCATAG-1	In
TTAGCTTTCCGGACTG-1	In
TTAGCTTTCGACGGAA-1	In
TTAGGTGCATCCTCGT-1	In
TTCAACTAGAACCCGA-1	In
TTCAACTAGAGCGGTT-1	In
TTCAACTAGGGTAATT-1	In
TTCAACTCAAACCCTA-1	In
TTCAACTCATTCCCGT-1	In
TTCAACTGTGCGTCCA-1	In
TTCAACTTCAGTGGTT-1	In
TTCAACTTCTTAAGCG-1	In
TTCATCAGTGATCAGG-1	In
TTCATTGAGTTACACC-1	In
TTCATTGCAAGACTAA-1	In
TTCATTGCATCCCGGA-1	In
TTCATTGTCTGACTTT-1	In
TTCATTGTCTGGCACG-1	In
TTCGATTAGAGTTTGA-1	In
TTCGCGTAGTTCCAGT-1	In
TTCGCGTTCCAGGTCG-1	In
TTCGGTCCAACTCGTA-1	In
TTCGTTAAGCGTAGCA-1	In
TTCGTTAAGCTATCCA-1	In
TTCGTTAAGGACCGAT-1	In
TTCGTTACATGGATGG-1	In
TTCGTTAGTCAGTGTT-1	In
TTCGTTAGTCGTAGTT-1	In
TTCTAACAGCGTTAGG-1	In
TTCTGTAAGTGGACGT-1	In
TTCTGTACAGCAACGA-1	In
TTCTGTACATTGCACA-1	In
TTGACGATCCTCCATG-1	In
TTGACGATCGACGGAA-1	In
TTGACGATCGCAACTA-1	In
TTGAGCAAGTCCTTCC-1	In
TTGAGCACACGCGACT-1	In
TTGAGCAGTGATGCGA-1	In
TTGAGCATCGCCCTTA-1	In
TTGAGTGTCCCGTAGG-1	In
TTGCACCAGGGTATCG-1	In
TTGCACCCAGATGGCA-1	In
TTGCACCGTGCATTCA-1	In
TTGCACCTCGGCTATA-1	In
TTGCAGAAGAGTGGTC-1	In
TTGCAGAAGGGTAGTC-1	In
TTGCAGACAAGTAACA-1	In
TTGCAGACAGCAACCC-1	In
TTGCCCAAGAAGCCGT-1	In
TTGCCCAAGGATTGAT-1	In
TTGCCCAAGGCAGATC-1	In
TTGCCCAAGTTGCCGC-1	In
TTGCCCACATCGCTAA-1	In
TTGCCCACATTCCCGT-1	In
TTGCGAACACACACCG-1	In
TTGCGGGGTACGCCCA-1	In
TTGCGGGGTGTCTCGG-1	In
TTGCTATAGGTCACTT-1	In
TTGCTATAGTTTACGC-1	In
TTGCTATCAAACGTTC-1	In
TTGCTTACATATACGC-1	In
TTGGTCCCAAGCGTCC-1	In
TTGGTCCGTACCCACG-1	In
TTGGTCCGTGCTAGTT-1	In
TTGTTCAAGAGATTAC-1	In
TTGTTCAAGGCCTAAG-1	In
TTGTTCAAGTCAGGAC-1	In
TTGTTCAGTGGTAAGC-1	In
TTTACGTGTAATGTGA-1	In
TTTACGTGTAGCGTTT-1	In
TTTACGTGTATGTTCG-1	In
TTTACGTGTTCCGCGA-1	In
TTTGAGGGTCCCGTGA-1	In
TTTGCGCGTTCATTTC-1	In
TTTGGCCAGGCTCAGA-1	In
TTTGGCCCAATCACTG-1	In
TTTGGCCTCCGTCAAA-1	In
TTTGGTTAGCTACGCC-1	In
TTTGGTTAGTCTCCAA-1	In
TTTGGTTGTGCAAGAC-1	In
TTTGTGTAGGCAAGCT-1	In
TTTGTGTGTTCAGAAA-1	In
TTTGTGTTCCCATAGA-1	In
TTTGTGTTCCTGTGGG-1	In
AAACGAAGTTTCGACA-1	Microglia
AAAGATGGTCCGGTAC-1	Microglia
AAAGGATAGACCCATT-1	Microglia
AAATGCCAGTAGGAAG-1	Microglia
AAATGCCGTGAATGTA-1	Microglia
AAATGCCTCCATAACG-1	Microglia
AACAAAGCACACTAGT-1	Microglia
AACAAAGTCACTTACT-1	Microglia
AACATCGCAACGCAAG-1	Microglia
AACATCGCAGAACTTC-1	Microglia
AACCTGATCAGGAAGC-1	Microglia
AACGAGGAGTTAGCGG-1	Microglia
AACGGGATCTCATATC-1	Microglia
AACTGTGAGCGATACG-1	Microglia
AACTTGGAGTTCGCGC-1	Microglia
AAGATAGAGAGAGTAG-1	Microglia
AAGATAGGTCTGATTG-1	Microglia
AAGGAGCTCGACTGGC-1	Microglia
AAGGTTCCAACTTGGT-1	Microglia
AATACGCTCGGTCTCT-1	Microglia
AATGCCATCGATGTAC-1	Microglia
ACAAACCCATATAGAG-1	Microglia
ACAATCGGTGCACTTA-1	Microglia
ACAGAAACACCAAGGA-1	Microglia
ACAGCGCAGTTGCGCC-1	Microglia
ACAGCGCCACGCGACT-1	Microglia
ACCAAACTCATCGCCT-1	Microglia
ACCCAAAAGAGCAGCT-1	Microglia
ACCCAAATCATCGCTC-1	Microglia
ACCCAAATCGGTTCCT-1	Microglia
ACCGGGTCAAGGTTCT-1	Microglia
ACCTGCTAGGACTAGC-1	Microglia
ACCTGCTCACTGATAC-1	Microglia
ACGGATTTCGATGTAC-1	Microglia
ACTAACGAGAAATTCG-1	Microglia
ACTAACGAGGTCACTT-1	Microglia
ACTAACGGTGCATTCA-1	Microglia
ACTAACGGTTGCCTGG-1	Microglia
ACTAGGTGTTAGAGAT-1	Microglia
ACTATTCCAAATGCTC-1	Microglia
ACTATTCGTCTGATTG-1	Microglia
ACTCGGGGTTTCTTAC-1	Microglia
ACTTTCAAGAGGAACA-1	Microglia
ACTTTCAAGCTGAAAT-1	Microglia
AGATAGATCGTTGTAG-1	Microglia
AGCCAGCAGTAGTTCC-1	Microglia
AGCCAGCTCAGATACC-1	Microglia
AGCCGCACACGCTAAT-1	Microglia
AGCCTGGAGGGAAATG-1	Microglia
AGCCTGGCATCAGCTA-1	Microglia
AGCCTGGGTATCAGCT-1	Microglia
AGCTATGGTGCGTTTA-1	Microglia
AGCTGTAAGGGTTCTT-1	Microglia
AGCTGTACACCACAGC-1	Microglia
AGGACGATCTAGTCGA-1	Microglia
AGGACGATCTCGACCT-1	Microglia
AGGCCCACAGTCCTGG-1	Microglia
AGGCGAAAGGAGGCGA-1	Microglia
AGGCGAACAAGACTAA-1	Microglia
AGGCGAATCACCCTTG-1	Microglia
AGGCGTCCAACGTCCG-1	Microglia
AGTGTACTCCCGAAGC-1	Microglia
AGTTACGTCCAATAGC-1	Microglia
AGTTTGGCACTCGGAC-1	Microglia
ATCCAGACATGGCCCA-1	Microglia
ATCCAGATCATAGGTC-1	Microglia
ATCCCTGGTCAGTGTT-1	Microglia
ATCCTGCGTGCCCTAG-1	Microglia
ATGCATGGTAGATGAT-1	Microglia
ATGGATCAGTAGACCG-1	Microglia
ATGTACGAGAACGTCG-1	Microglia
ATGTACGGTTGGCTTA-1	Microglia
ATTGTCTGTAGATGAT-1	Microglia
ATTGTGGAGAAGCCTG-1	Microglia
ATTTGTCGTGGAGTGT-1	Microglia
CAACCAAGTTCCATCC-1	Microglia
CAACGTACAAGCGGTA-1	Microglia
CAACGTATCAGTTGAC-1	Microglia
CAAGAAAGTTGGGAAC-1	Microglia
CAAGCTAAGTTCAGGG-1	Microglia
CAAGGCCAGCATTCCA-1	Microglia
CAAGGCCGTTCCAGTA-1	Microglia
CAAGGCCTCCATAACG-1	Microglia
CACATGATCGCTATTT-1	Microglia
CACATGATCGTGGGTC-1	Microglia
CACCACTCAGGCTACC-1	Microglia
CACCTTGGTCCTCAGG-1	Microglia
CACGTTCTCCCGATTC-1	Microglia
CAGCCTTGTACCCACG-1	Microglia
CAGCTGGTCACTGATG-1	Microglia
CAGTGCGGTGCAAGAC-1	Microglia
CATGCCTGTTTGATCG-1	Microglia
CATTCATAGTCTGCTA-1	Microglia
CATTGGACACAAGGGT-1	Microglia
CCACAGGAGGACTAGC-1	Microglia
CCACAGGCATATACGC-1	Microglia
CCACAGGTCGGATCGC-1	Microglia
CCAGAATAGGTCTTGT-1	Microglia
CCAGATATCCTGAAAC-1	Microglia
CCATACCAGTGTAATG-1	Microglia
CCATACCGTTATGCAC-1	Microglia
CCCACATGTTAGGCTT-1	Microglia
CCCAGAGAGGGATCCA-1	Microglia
CCCGTTACACAGCCAC-1	Microglia
CCCGTTAGTCTGATTG-1	Microglia
CCCTAGTCACACGGTC-1	Microglia
CCCTCTCGTATTCGAC-1	Microglia
CCCTGATTCCTGTAGA-1	Microglia
CCCTGATTCTGTAGAC-1	Microglia
CCGAAGCCAGCAACCC-1	Microglia
CCGTAGGAGCATTCCA-1	Microglia
CCGTGAGTCCGAGGAA-1	Microglia
CCTAAAGAGAGGAACA-1	Microglia
CCTCCCTGTCAAACAA-1	Microglia
CCTCCCTTCGGATCGC-1	Microglia
CCTGCTAAGTACCTCA-1	Microglia
CCTGGGAAGCCTATAC-1	Microglia
CCTGGGAAGTCGTACT-1	Microglia
CCTGGGACAAGTCTGT-1	Microglia
CCTGGGACACTCCTCA-1	Microglia
CCTTGGTGTCGATTAC-1	Microglia
CCTTGGTTCTGACATG-1	Microglia
CGAGTTAGTCAGAAAT-1	Microglia
CGATGATTCCGAATTG-1	Microglia
CGCAATAAGAGAGTTT-1	Microglia
CGCAATACATGCCCTT-1	Microglia
CGCACAGAGGCTTAAA-1	Microglia
CGCACAGGTTAACTCG-1	Microglia
CGCACAGGTTCTGATG-1	Microglia
CGCACAGGTTGGGAAC-1	Microglia
CGCTAGGAGTATCTGC-1	Microglia
CGCTATCAGATGGGTC-1	Microglia
CGCTGGACAAGGCTTT-1	Microglia
CGGTGCAGTAGGTCTT-1	Microglia
CGTAAACGTATCGCGC-1	Microglia
CGTACAACACGCTCAG-1	Microglia
CGTACAAGTCTTAGCA-1	Microglia
CTAACTTTCGCTCGGA-1	Microglia
CTACAGATCACGTGTA-1	Microglia
CTAGCGGGTGCGTGTC-1	Microglia
CTAGGGCCAGGTGTCC-1	Microglia
CTCACCAAGAGGCGGA-1	Microglia
CTCACCACACTCAAGT-1	Microglia
CTCAGCTAGACACTTC-1	Microglia
CTCATGCGTTTGCCCT-1	Microglia
CTCATGCTCAGTCAAC-1	Microglia
CTCATGCTCATCGCCT-1	Microglia
CTCGCTAGTGCAGACA-1	Microglia
CTCTACGAGCAGGACT-1	Microglia
CTCTAGCAGAAATTCG-1	Microglia
CTCTCAGAGTACGACG-1	Microglia
CTGAATGAGCTGAGGT-1	Microglia
CTGAATGAGTGGGACT-1	Microglia
CTGCGTTGTGCACATT-1	Microglia
CTGCTCAGTTCCATCC-1	Microglia
CTGGGACCAGGTAACG-1	Microglia
CTGTATTGTGAATGTA-1	Microglia
CTTGAAGCAGGTAGGT-1	Microglia
CTTGCCAAGTCTCTAG-1	Microglia
CTTGCTGTCGCCTTAC-1	Microglia
CTTTGCGTCTGAACGT-1	Microglia
GAAAGTAGTTGGACGA-1	Microglia
GAAAGTATCGTGATAC-1	Microglia
GAAATGAGTCATAAGA-1	Microglia
GAAATGAGTTTCTACT-1	Microglia
GAAGTCTAGCTCGGCT-1	Microglia
GAAGTCTTCGGATCGC-1	Microglia
GAAGTCTTCTCGTAGA-1	Microglia
GAAGTGGCACGCCGAT-1	Microglia
GACCGACGTCTGAGCC-1	Microglia
GACCTTCAGTTACACC-1	Microglia
GAGAACGCAACGTAGG-1	Microglia
GAGAACGCACCGATCG-1	Microglia
GAGAACGTCACTTACT-1	Microglia
GAGACTTAGGCACCTC-1	Microglia
GAGATTCTCGGCAATT-1	Microglia
GAGCGCTGTACAAGCG-1	Microglia
GAGGATGCACACGGTC-1	Microglia
GAGGCTCTCAGATACC-1	Microglia
GAGGTCCTCACCACAA-1	Microglia
GAGTGAGAGTGTCCCG-1	Microglia
GAGTGAGGTGTCCCAG-1	Microglia
GAGTGAGTCCCGCAAG-1	Microglia
GATCATGGTGGCCTCA-1	Microglia
GATGATCCAATCCATG-1	Microglia
GATTAGCGTAGACGCA-1	Microglia
GATTAGCTCGTCTTAT-1	Microglia
GCAAAGGTCGAGGTAG-1	Microglia
GCAACCGAGTGGTGTG-1	Microglia
GCAACCGCAGGCATTT-1	Microglia
GCAACCGTCCGAGGAA-1	Microglia
GCACCTTCATGGGAAC-1	Microglia
GCCCAGATCGTATAGC-1	Microglia
GCCCGAAGTCAATACC-1	Microglia
GCCCGAAGTCCTTCAC-1	Microglia
GCCCGAAGTTACGCTA-1	Microglia
GCCCGAAGTTACGGAG-1	Microglia
GCCTACTCAAACCCTA-1	Microglia
GCGAGAATCGATGAAA-1	Microglia
GCGAGTCGTCAAACAA-1	Microglia
GCGCCAATCTGGACAT-1	Microglia
GCGGAAAAGAAGCCGT-1	Microglia
GCGGAAAAGTGAATAC-1	Microglia
GCGGAAACATCGACCG-1	Microglia
GCGGAAATCAGCCGGT-1	Microglia
GCGGGTTCACTCGGAC-1	Microglia
GCGGGTTCATGGCCTG-1	Microglia
GCGGGTTCATGTAGAA-1	Microglia
GCGGTGTGTACTTCGA-1	Microglia
GCGTAGCGTGCCCAGT-1	Microglia
GCGTAGCTCTCCACTG-1	Microglia
GCTCACTGTGAGGTCA-1	Microglia
GCTGTTCCAACTCAAC-1	Microglia
GCTGTTCCAGTAACGG-1	Microglia
GCTTGCTCAACGGGTA-1	Microglia
GCTTTCGTCCCTAAAG-1	Microglia
GGAACCCAGAGGCGGA-1	Microglia
GGAGTAGGTTCCGCGA-1	Microglia
GGATAGGCAACGCACC-1	Microglia
GGATGAGTCCATCTAT-1	Microglia
GGCGAAACACATAAAG-1	Microglia
GGCGAAACAGGCACAA-1	Microglia
GGGACCTGTGTCGGTC-1	Microglia
GGGCCATCACGCTGTG-1	Microglia
GGGCCATTCTTCCGTG-1	Microglia
GGGTCTGTCCATTGAG-1	Microglia
GGGTCTGTCGAGAAGC-1	Microglia
GGTACCGGTGTCTACA-1	Microglia
GGTAGGACACAGTTCA-1	Microglia
GGTGAAGGTCGAGGAT-1	Microglia
GGTGTCGCAGTTACAC-1	Microglia
GTAATCGGTACAAATG-1	Microglia
GTAGACTGTCCGTAGC-1	Microglia
GTAGTACCAATTAGGA-1	Microglia
GTAGTACTCTTACTCA-1	Microglia
GTCACAAAGAAAGCAG-1	Microglia
GTCACGGCAGGCTACC-1	Microglia
GTGACATTCGCTAGTA-1	Microglia
GTGCACGGTTCTACCC-1	Microglia
GTGCACGTCGAACCGC-1	Microglia
GTGTCAAAGAGCGGTT-1	Microglia
GTGTCAATCGCAAACT-1	Microglia
GTTATGGAGCACGTAG-1	Microglia
GTTATGGGTCGATAGG-1	Microglia
GTTATTCGTTTGACCA-1	Microglia
TAAACCGCACATATCG-1	Microglia
TAACAGCGTCCTTCAC-1	Microglia
TAACAGCTCCCACTAC-1	Microglia
TAACTTCAGGCTTCGC-1	Microglia
TAAGCCACAAACCTAC-1	Microglia
TAAGCCAGTTCTTTGT-1	Microglia
TAAGTGCGTTTCCTAT-1	Microglia
TACAGCAAGGCTGGAT-1	Microglia
TACAGCAGTCAGCAAG-1	Microglia
TACATTCGTACCCACG-1	Microglia
TACCCTGAGACCATAA-1	Microglia
TACCTATAGACCCTAT-1	Microglia
TACCTATAGAGGTGGG-1	Microglia
TACCTATAGGGCTTCC-1	Microglia
TACCTATGTGGCCTCA-1	Microglia
TACTAGGTCCCGTAGG-1	Microglia
TAGACTGAGTCCAGAG-1	Microglia
TAGCGGCAGTGTCGGA-1	Microglia
TAGCGGCCACTGTAAC-1	Microglia
TAGCTTTCAAGTGGCA-1	Microglia
TATCGAGTCTTACGGA-1	Microglia
TCAAGACTCTCCTTGG-1	Microglia
TCACAGACATATACGC-1	Microglia
TCACCACAGGCTTAAA-1	Microglia
TCACCACGTCCATTGA-1	Microglia
TCAGGTACATTAACGC-1	Microglia
TCCAGAACACTGGGCT-1	Microglia
TCCATCGCAGTATACC-1	Microglia
TCCATCGGTATGGGTG-1	Microglia
TCGAGCGGTGATGTGG-1	Microglia
TCGGGACAGGATTAAC-1	Microglia
TCGTTCGTCTATCCTA-1	Microglia
TCTAGTTAGCTACGTT-1	Microglia
TCTCAGCTCTCTGTTA-1	Microglia
TGACAACAGACTCTTG-1	Microglia
TGACTCCGTACATGGG-1	Microglia
TGAGCCGTCGGATCGC-1	Microglia
TGAGTCATCAATGCAC-1	Microglia
TGATGCACACAACGGA-1	Microglia
TGCACCTAGTGTCGCC-1	Microglia
TGCACCTTCCACGGCA-1	Microglia
TGCATGAAGATGAGGA-1	Microglia
TGCATTTGTCATTGCA-1	Microglia
TGCCTCACAGGGAGTT-1	Microglia
TGCCTCATCGCCGAAC-1	Microglia
TGCCTGTAGCTTACCA-1	Microglia
TGCCTGTTCGGGTCCA-1	Microglia
TGCGTAACAATTGCCA-1	Microglia
TGCTATTAGGCATGCA-1	Microglia
TGCTCACTCCAAGAGG-1	Microglia
TGCTCACTCTCGCGTT-1	Microglia
TGCTTCGTCGTGATAC-1	Microglia
TGCTTTAAGAGGCAGG-1	Microglia
TGGAAGGGTGCTGAAG-1	Microglia
TGGAAGGTCCAACCTC-1	Microglia
TGGACATGTCGTCGCA-1	Microglia
TGGCAATCACTTGCGG-1	Microglia
TGGCCTTGTTCTTAGG-1	Microglia
TGGGTGCCATAGTCCA-1	Microglia
TGGGTTAAGATCCGAG-1	Microglia
TGGGTTAGTGAATGTA-1	Microglia
TGGTCAATCGTGGGTC-1	Microglia
TGGTCCTTCGCACAAT-1	Microglia
TGTACAGGTACGTAGG-1	Microglia
TGTACAGTCGGGTCCA-1	Microglia
TGTAGCAAGAAAGCAG-1	Microglia
TGTGTCCTCAGCCGAC-1	Microglia
TGTTAGGAGGCTCAGA-1	Microglia
TGTTAGGCACAAGTGG-1	Microglia
TTAGCGACACAGATGG-1	Microglia
TTAGCGACACATCATG-1	Microglia
TTAGCGAGTGACCAGA-1	Microglia
TTCAACTCACGGCCAT-1	Microglia
TTCAACTCAGCCACGT-1	Microglia
TTCATCAAGACTCTTG-1	Microglia
TTCGCGTTCTTCGTTA-1	Microglia
TTCGGTCGTCAGACGA-1	Microglia
TTCGGTCGTGAGGTCA-1	Microglia
TTCGGTCGTGCATCAT-1	Microglia
TTCGGTCGTTGGAGGT-1	Microglia
TTCGGTCGTTTAGAAG-1	Microglia
TTCGTTACAGCAGGTA-1	Microglia
TTCTGTAGTATGAAGT-1	Microglia
TTGAGCAAGAGTTCGG-1	Microglia
TTGCAGATCCACGCTT-1	Microglia
TTGCCCAAGTGTTCCA-1	Microglia
TTGCGAAAGGCTCAGA-1	Microglia
TTGCGAACACCGATCG-1	Microglia
TTGCGAAGTACAACGG-1	Microglia
TTGCGGGAGTCCGGAA-1	Microglia
TTGCGGGTCCTGGAAT-1	Microglia
TTGTCTACAGGTGGTA-1	Microglia
TTGTCTAGTCAGGCTC-1	Microglia
TTGTCTAGTGGCCTCA-1	Microglia
TTGTCTAGTTCTTTCA-1	Microglia
TTGTTCAGTTACCACA-1	Microglia
TTGTTGTTCCATCTAT-1	Microglia
TTTACGTCACATTCTT-1	Microglia
TTTACGTGTAACTCCA-1	Microglia
TTTGCGCCAAATTCCG-1	Microglia
TTTGCGCCAACTTGGT-1	Microglia
TTTGCGCTCCATCTAT-1	Microglia
TTTGGCCCAAGTGGCA-1	Microglia
TTTGGTTCAAAGGAAG-1	Microglia
TTTGTGTTCAAAGTAG-1	Microglia
AAACGAAAGACTTGAA-1	Oligo
AAACGAAAGGATATCA-1	Oligo
AAACGAAAGGTTGTTC-1	Oligo
AAACGAAAGTCAACTC-1	Oligo
AAACGAACACATAAAG-1	Oligo
AAACGAACATGCCTTC-1	Oligo
AAACGAAGTATTCGAC-1	Oligo
AAACGAAGTTTCGATG-1	Oligo
AAACGAATCACGGGTC-1	Oligo
AAACGAATCCGATTGA-1	Oligo
AAACGAATCCGCTATC-1	Oligo
AAACGAATCGCAAACT-1	Oligo
AAACGAATCTCTATCA-1	Oligo
AAACTCGCAAATTCCG-1	Oligo
AAACTCGCAGAACTTC-1	Oligo
AAACTCGCAGACTAAA-1	Oligo
AAACTCGCAGTGCTCG-1	Oligo
AAACTCGCATCCCTTG-1	Oligo
AAACTCGGTAACCCAT-1	Oligo
AAACTCGGTGAGTAAT-1	Oligo
AAACTCGGTTCTACCC-1	Oligo
AAACTCGTCCTCATTA-1	Oligo
AAACTCGTCTCTGTTA-1	Oligo
AAACTGCAGGTGTTGG-1	Oligo
AAACTGCCAATACTGC-1	Oligo
AAACTGCCACCTGAAT-1	Oligo
AAACTGCCAGTTGGAG-1	Oligo
AAACTGCGTCGTAATC-1	Oligo
AAACTGCGTCTGGTCG-1	Oligo
AAACTGCGTGGGTAGT-1	Oligo
AAACTGCTCCTCCCAA-1	Oligo
AAACTGCTCGCACAAT-1	Oligo
AAAGATGAGTAGTGTA-1	Oligo
AAAGATGCACATCATG-1	Oligo
AAAGATGCACCATTCC-1	Oligo
AAAGATGCAGCAAACG-1	Oligo
AAAGATGGTCTGATTG-1	Oligo
AAAGATGGTTGTGACT-1	Oligo
AAAGGATAGCGGACTA-1	Oligo
AAAGGATAGTTACACC-1	Oligo
AAAGGATCAACTGCGC-1	Oligo
AAAGGATCATAAAGTG-1	Oligo
AAAGGATCATCGAGTT-1	Oligo
AAAGGATGTACGGATG-1	Oligo
AAAGGATGTCAGACGA-1	Oligo
AAAGGATGTTATGCAC-1	Oligo
AAAGGATTCTCTGACC-1	Oligo
AAAGGGCAGATCCGAG-1	Oligo
AAAGGGCAGGTACACG-1	Oligo
AAAGGGCTCAGTCTTT-1	Oligo
AAAGGGCTCGATAGTC-1	Oligo
AAATGAGAGAACGTCG-1	Oligo
AAATGAGAGAGGTGGG-1	Oligo
AAATGAGAGGCAATTA-1	Oligo
AAATGAGAGGGAAATG-1	Oligo
AAATGAGAGTCTAGAA-1	Oligo
AAATGAGCAACGGGTA-1	Oligo
AAATGAGGTATCATGC-1	Oligo
AAATGAGGTTGCAGAG-1	Oligo
AAATGCCAGAACGACC-1	Oligo
AAATGCCAGTTGCCGC-1	Oligo
AAATGCCCAAGCAACG-1	Oligo
AAATGCCTCCCACTAC-1	Oligo
AAATGCCTCCGGACTG-1	Oligo
AACAAAGAGGCCTCTG-1	Oligo
AACAAAGCAAAGGAAG-1	Oligo
AACAAAGCACGACGAA-1	Oligo
AACAAAGCACGGCCAT-1	Oligo
AACAAAGGTCGAGGAT-1	Oligo
AACAAAGTCCAATCCC-1	Oligo
AACAAAGTCGCGCCAA-1	Oligo
AACAGTCAGGATGTAT-1	Oligo
AACAGTCAGGCACCTC-1	Oligo
AACAGTCCAGGGTAAC-1	Oligo
AACAGTCCAGGTGGTA-1	Oligo
AACAGTCCAGTCCTGG-1	Oligo
AACAGTCGTCAACTGT-1	Oligo
AACAGTCGTCATCGTA-1	Oligo
AACAGTCGTCCACCAG-1	Oligo
AACAGTCTCACGTCAA-1	Oligo
AACAGTCTCGCATACA-1	Oligo
AACAGTCTCGCCGAAC-1	Oligo
AACATCGAGACAGCTG-1	Oligo
AACATCGAGGTCTTGT-1	Oligo
AACATCGAGTCTCGAT-1	Oligo
AACATCGCAGGTAACG-1	Oligo
AACATCGCAGGTAGCA-1	Oligo
AACATCGGTTTAGAAG-1	Oligo
AACATCGGTTTCCGGG-1	Oligo
AACATCGTCATCGCAA-1	Oligo
AACATCGTCGCTGATA-1	Oligo
AACCAACAGATGGCAC-1	Oligo
AACCAACAGCGTTAGG-1	Oligo
AACCAACCACCGTCTT-1	Oligo
AACCAACCACCTCGTT-1	Oligo
AACCAACGTAGAAGCC-1	Oligo
AACCAACGTAGGTAAT-1	Oligo
AACCAACGTCATAGAA-1	Oligo
AACCAACGTTTGCATG-1	Oligo
AACCAACTCAAGAGGC-1	Oligo
AACCAACTCCAGAGAG-1	Oligo
AACCAACTCGGGAAAC-1	Oligo
AACCAACTCTAGTCGA-1	Oligo
AACCGATAGCAAGGTC-1	Oligo
AACCGATAGCTCCATA-1	Oligo
AACCGATCAAAGCATA-1	Oligo
AACCGATCACGCTGTG-1	Oligo
AACCGATGTGCTTTGA-1	Oligo
AACCGATGTTTGTCTT-1	Oligo
AACCGATTCACTGGTA-1	Oligo
AACCGATTCATACTTC-1	Oligo
AACCGATTCCAAGTCA-1	Oligo
AACCGATTCCATGTTT-1	Oligo
AACCGATTCCCGATTC-1	Oligo
AACCGATTCCTGACCT-1	Oligo
AACCGATTCGTTACAG-1	Oligo
AACCGATTCTCGTGAA-1	Oligo
AACCTGAAGCAGAAAG-1	Oligo
AACCTGAAGGCACTAG-1	Oligo
AACCTGAAGGCAGTAC-1	Oligo
AACCTGAAGTAGTGTA-1	Oligo
AACCTGACAGTTCGGC-1	Oligo
AACCTGAGTATCGCGC-1	Oligo
AACCTGAGTCCACCAG-1	Oligo
AACCTGAGTGAGTCGA-1	Oligo
AACCTGAGTGGATTCT-1	Oligo
AACCTGAGTTTAGAAG-1	Oligo
AACCTGATCGTCCCAT-1	Oligo
AACCTGATCGTCTTAT-1	Oligo
AACCTTTAGACTCTTG-1	Oligo
AACCTTTAGCCATCAT-1	Oligo
AACCTTTAGCGCATTT-1	Oligo
AACCTTTAGGCAGTGT-1	Oligo
AACCTTTGTATGAAGT-1	Oligo
AACCTTTGTTAACTCG-1	Oligo
AACCTTTGTTGGGAAC-1	Oligo
AACCTTTTCAGGCCGT-1	Oligo
AACGAGGAGAATCAGT-1	Oligo
AACGAGGAGCAACTGG-1	Oligo
AACGAGGAGGATGCCA-1	Oligo
AACGAGGCAAGCACTT-1	Oligo
AACGAGGCACAAGGGT-1	Oligo
AACGAGGCAGGCATCC-1	Oligo
AACGAGGCAGTAACCT-1	Oligo
AACGAGGGTACGTATC-1	Oligo
AACGAGGTCGAAGCCC-1	Oligo
AACGGGAAGTAGCAAT-1	Oligo
AACGGGAAGTCGAAAT-1	Oligo
AACGGGAAGTCGATAA-1	Oligo
AACGGGAAGTGTTCCA-1	Oligo
AACGGGAAGTTGTCCA-1	Oligo
AACGGGACAACAACTC-1	Oligo
AACGGGACACCTGAAT-1	Oligo
AACGGGACACGATTAC-1	Oligo
AACGGGACAGGCATCC-1	Oligo
AACGGGACATCGTACA-1	Oligo
AACGGGAGTAGCGAGT-1	Oligo
AACGGGAGTTCCGCGA-1	Oligo
AACGGGAGTTCTTAGG-1	Oligo
AACGGGATCAGCCGGT-1	Oligo
AACGGGATCCTAGAGT-1	Oligo
AACGGGATCCTTCGAC-1	Oligo
AACGTACAGTACAGAT-1	Oligo
AACGTACAGTCGTACT-1	Oligo
AACGTACCACTCCCAT-1	Oligo
AACGTACCATAGAATG-1	Oligo
AACGTACCATAGATAG-1	Oligo
AACGTACGTACGTAAA-1	Oligo
AACGTACTCGCATACA-1	Oligo
AACGTACTCTGGACAT-1	Oligo
AACTGGTCACGTTACA-1	Oligo
AACTGGTCAGTCAGAG-1	Oligo
AACTGGTGTCCACCAG-1	Oligo
AACTGGTTCGCAAACT-1	Oligo
AACTGTGAGGCTCCTG-1	Oligo
AACTGTGCACTCAAGT-1	Oligo
AACTGTGCAGGACTGA-1	Oligo
AACTGTGCATCGTGAT-1	Oligo
AACTGTGGTGATCAGG-1	Oligo
AACTGTGGTGGCCTTG-1	Oligo
AACTGTGTCCCTACCA-1	Oligo
AACTGTGTCCTGGAAT-1	Oligo
AACTTGGCAAGATGCG-1	Oligo
AACTTGGCACTGGGCT-1	Oligo
AACTTGGCAGGTTATC-1	Oligo
AACTTGGCATGGTTTG-1	Oligo
AACTTGGGTAACCGAG-1	Oligo
AACTTGGGTACTATGC-1	Oligo
AACTTGGTCACTTACT-1	Oligo
AACTTGGTCCATAGGT-1	Oligo
AACTTGGTCGGAGTTT-1	Oligo
AAGATAGAGAATCAAC-1	Oligo
AAGATAGAGCTCCGGT-1	Oligo
AAGATAGCAAACCTAC-1	Oligo
AAGATAGCAAATGCTC-1	Oligo
AAGATAGCACAGTTAC-1	Oligo
AAGATAGCATGCGTTA-1	Oligo
AAGATAGCATTATGGC-1	Oligo
AAGATAGGTATTCGCA-1	Oligo
AAGATAGTCCGTTAGA-1	Oligo
AAGGAGCAGACTCTTG-1	Oligo
AAGGAGCAGGCGTCCT-1	Oligo
AAGGAGCCAATGTGTC-1	Oligo
AAGGAGCCAGTAGTTC-1	Oligo
AAGGAGCGTGATTCCA-1	Oligo
AAGGTTCCAGGCATCC-1	Oligo
AAGGTTCCATCGTGAT-1	Oligo
AAGGTTCCATGCCTTC-1	Oligo
AAGGTTCGTTTGCGAT-1	Oligo
AATACGCAGAGTAAGG-1	Oligo
AATACGCCAAGCAATA-1	Oligo
AATACGCCACTTACAG-1	Oligo
AATACGCCATTTAGGC-1	Oligo
AATACGCGTGAATGGC-1	Oligo
AATACGCTCCATACGA-1	Oligo
AATACGCTCCCAGCGA-1	Oligo
AATGCCAAGGCAGTGT-1	Oligo
AATGCCACAAAGGCCA-1	Oligo
AATGCCACAATGATGA-1	Oligo
AATGCCACAGTAGTCT-1	Oligo
AATGCCACATACCCGG-1	Oligo
AATGCCACATCCGTAA-1	Oligo
AATGCCACATTGTTCT-1	Oligo
AATGCCAGTATATGGA-1	Oligo
AATGCCAGTTTCTTAC-1	Oligo
AATGCCATCGTGGAAG-1	Oligo
AATGGAAAGTCGATAA-1	Oligo
AATGGAACACATAAAG-1	Oligo
AATGGAACACTTGCGG-1	Oligo
AATGGAACATCCTGGG-1	Oligo
AATGGAACATTAGCAC-1	Oligo
AATGGAAGTAACAATG-1	Oligo
AATGGAAGTACAAGCG-1	Oligo
AATGGAAGTACCCACG-1	Oligo
AATGGAAGTTTGGATC-1	Oligo
AATGGAATCCTCCAGT-1	Oligo
AATGGAATCTGTTGCC-1	Oligo
AATGGCTAGGAAGAAC-1	Oligo
AATGGCTAGGTCGGTA-1	Oligo
AATGGCTAGTCGAGCA-1	Oligo
AATGGCTCAATGACTC-1	Oligo
AATGGCTCAATGGTAA-1	Oligo
AATGGCTCAGCTATAC-1	Oligo
AATGGCTCAGGTGTGA-1	Oligo
AATGGCTCATTAAGGA-1	Oligo
AATGGCTTCCCGTAGG-1	Oligo
AATGGCTTCTATCTCA-1	Oligo
AATGTCGAGCCTTTGA-1	Oligo
AATGTCGAGTGTCGGA-1	Oligo
AATGTCGCAAATTGAG-1	Oligo
AATGTCGCAAGTTGCT-1	Oligo
AATGTCGCAGTAAGCG-1	Oligo
AATGTCGCATAGCCAT-1	Oligo
AATGTCGGTGCTTCCT-1	Oligo
AATGTCGTCACCCTTG-1	Oligo
AATGTCGTCCCAATAG-1	Oligo
AATGTCGTCTGTTTAC-1	Oligo
ACAAACCAGAGAGTTT-1	Oligo
ACAAACCAGTAATCAG-1	Oligo
ACAAACCCAGCTGATT-1	Oligo
ACAAACCGTCAGAGTG-1	Oligo
ACAAACCTCCAGTTAG-1	Oligo
ACAAACCTCCGCTATC-1	Oligo
ACAAACCTCGCTCGGA-1	Oligo
ACAAAGAAGTGCACAG-1	Oligo
ACAAAGAAGTTGCTTG-1	Oligo
ACAAAGACATCGGCCA-1	Oligo
ACAAAGAGTCAACAGG-1	Oligo
ACAAAGAGTCCTCAGG-1	Oligo
ACAAAGAGTTAACCGT-1	Oligo
ACAAAGAGTTCACGTA-1	Oligo
ACAAAGATCGGTTAGT-1	Oligo
ACAAAGATCTTCAGAG-1	Oligo
ACAAAGATCTTCTCTC-1	Oligo
ACAAGCTAGCGGACTA-1	Oligo
ACAAGCTCAGCAACAG-1	Oligo
ACAAGCTCATGGTATC-1	Oligo
ACAAGCTGTTGGGAAC-1	Oligo
ACAAGCTTCGCCAGAC-1	Oligo
ACAATCGAGCTTACCA-1	Oligo
ACAATCGAGTTAGCAA-1	Oligo
ACAATCGCAACGGGTA-1	Oligo
ACAATCGCAACTTGGT-1	Oligo
ACAATCGCATTCGTCC-1	Oligo
ACAATCGGTGGTCGAA-1	Oligo
ACAATCGGTTGCCGCA-1	Oligo
ACAATCGGTTTCACCC-1	Oligo
ACAATCGTCAGTCACA-1	Oligo
ACAATCGTCCATCGAA-1	Oligo
ACAATCGTCGATCGCG-1	Oligo
ACAATCGTCGTTCAGA-1	Oligo
ACAATCGTCGTTCCGT-1	Oligo
ACAATCGTCTTCATAC-1	Oligo
ACAGAAAAGAGCCACA-1	Oligo
ACAGAAAAGCTAGCAG-1	Oligo
ACAGAAAAGGCCTCTG-1	Oligo
ACAGAAAAGTGGTGTG-1	Oligo
ACAGAAACAGAGCCAA-1	Oligo
ACAGAAACATAGTCCA-1	Oligo
ACAGAAACATCATAGC-1	Oligo
ACAGAAAGTGAATGTA-1	Oligo
ACAGAAATCGCTTACC-1	Oligo
ACAGACTAGCCTGGTC-1	Oligo
ACAGACTAGTTCAAGA-1	Oligo
ACAGACTAGTTCCCGG-1	Oligo
ACAGACTCAATCACTG-1	Oligo
ACAGACTGTATTCGCA-1	Oligo
ACAGACTGTCACAGGA-1	Oligo
ACAGACTGTGTCCCAG-1	Oligo
ACAGACTTCACAGGGA-1	Oligo
ACAGACTTCTATCTAC-1	Oligo
ACAGACTTCTGTGTCC-1	Oligo
ACAGCGCAGAGTTCGG-1	Oligo
ACAGCGCAGTACGCGA-1	Oligo
ACAGCGCAGTGATCTC-1	Oligo
ACAGCGCAGTTGTCCA-1	Oligo
ACAGCGCCACCGATCG-1	Oligo
ACAGCGCCACGCTAAT-1	Oligo
ACAGCGCCAGTGCTCG-1	Oligo
ACAGCGCGTCGCGCTA-1	Oligo
ACAGCGCTCCAAGTCA-1	Oligo
ACAGCGCTCTTACGGA-1	Oligo
ACAGGCCAGTGAATAC-1	Oligo
ACAGGCCCAAACCCTA-1	Oligo
ACAGGCCCAGAACGAC-1	Oligo
ACAGGCCCAGCAATGG-1	Oligo
ACAGGCCGTCAGTGTT-1	Oligo
ACAGGCCGTGATAACA-1	Oligo
ACAGGCCGTTAGCTCA-1	Oligo
ACAGGCCTCACTGGTA-1	Oligo
ACAGGCCTCCAGGTAT-1	Oligo
ACAGGCCTCCGCCTAT-1	Oligo
ACATGCAAGAGAGTTT-1	Oligo
ACATGCAAGATGAGGA-1	Oligo
ACATGCAAGTAGGAAG-1	Oligo
ACATGCAAGTCAGCCC-1	Oligo
ACATGCAAGTCGTACT-1	Oligo
ACATGCACACTGTCGG-1	Oligo
ACATGCACAGGCATTT-1	Oligo
ACATGCACATCGCTAA-1	Oligo
ACATGCACATTCTTTG-1	Oligo
ACATGCAGTCGCTAGC-1	Oligo
ACATGCAGTGTGACCC-1	Oligo
ACATGCAGTTTGAAGA-1	Oligo
ACATGCATCAACGTGT-1	Oligo
ACATGCATCGGTTAGT-1	Oligo
ACATGCATCTATCTAC-1	Oligo
ACATGGTAGACGTCAG-1	Oligo
ACATGGTAGAGCCACA-1	Oligo
ACATGGTAGAGGAAGT-1	Oligo
ACATGGTCAGGATGTG-1	Oligo
ACATGGTCAGGCAGAT-1	Oligo
ACATGGTGTAACGGTG-1	Oligo
ACATGGTGTAATGCAA-1	Oligo
ACATGGTGTAGCAGGT-1	Oligo
ACATGGTTCATGTTCT-1	Oligo
ACATGGTTCCAGCACG-1	Oligo
ACATGGTTCCAGTTAG-1	Oligo
ACATGGTTCCGATGCG-1	Oligo
ACATGGTTCGCAACTA-1	Oligo
ACATGGTTCGCATAAC-1	Oligo
ACATGGTTCGGTCCGA-1	Oligo
ACATGGTTCTGAGTCA-1	Oligo
ACCAAACAGAATCAGT-1	Oligo
ACCAAACAGTGCTGAG-1	Oligo
ACCAAACCAAGGGTAC-1	Oligo
ACCAAACCACAAACAA-1	Oligo
ACCAAACCACCTCGTT-1	Oligo
ACCAAACCACGGTTAT-1	Oligo
ACCAAACCATATAGAG-1	Oligo
ACCAAACCATTGATGC-1	Oligo
ACCAAACGTATGGGTG-1	Oligo
ACCAAACGTTTCGATG-1	Oligo
ACCAAACTCAGGGTTT-1	Oligo
ACCAAACTCCTTACGC-1	Oligo
ACCATCCAGGTTGACG-1	Oligo
ACCATCCAGTTACACC-1	Oligo
ACCATCCCAATGGTAA-1	Oligo
ACCATCCCACTGTCAA-1	Oligo
ACCATCCCAGGTAGCA-1	Oligo
ACCATCCGTAACTCCA-1	Oligo
ACCATCCGTACCCATA-1	Oligo
ACCATCCGTGGGTAGT-1	Oligo
ACCATCCGTTCTGAGT-1	Oligo
ACCATCCTCGCCAGAC-1	Oligo
ACCATCCTCGTGGTAT-1	Oligo
ACCCAAAAGGGCTCTC-1	Oligo
ACCCAAACAACGCAAG-1	Oligo
ACCCAAACATCGCCTT-1	Oligo
ACCCAAAGTCAAGACG-1	Oligo
ACCCAAAGTGCCCAGT-1	Oligo
ACCCAAATCTGCGTCT-1	Oligo
ACCCAAATCTGGCGCA-1	Oligo
ACCGAATCAATGCACT-1	Oligo
ACCGAATTCGCCAGAC-1	Oligo
ACCGAATTCGGTCTAA-1	Oligo
ACCGAATTCTTATCAC-1	Oligo
ACCGCAGAGAACGACC-1	Oligo
ACCGCAGCAACAACTC-1	Oligo
ACCGCAGGTGATAGAT-1	Oligo
ACCGCAGTCTATCTAC-1	Oligo
ACCGGGTAGCCTCGCA-1	Oligo
ACCGGGTAGCGCATTT-1	Oligo
ACCGGGTCACAACGGA-1	Oligo
ACCGGGTGTGAATCAA-1	Oligo
ACCGGGTGTGCGTTTA-1	Oligo
ACCGGGTGTGTTAGAA-1	Oligo
ACCGGGTGTTCAGAAA-1	Oligo
ACCGGGTGTTCTGATG-1	Oligo
ACCGGGTGTTGGGAAC-1	Oligo
ACCGGGTTCAATCGTG-1	Oligo
ACCGGGTTCCGCCTAT-1	Oligo
ACCGGGTTCGTGTGCG-1	Oligo
ACCTGCTAGAACGTCG-1	Oligo
ACCTGCTAGGCTCAGA-1	Oligo
ACCTGCTAGTATCTGC-1	Oligo
ACCTGCTAGTGAGTTA-1	Oligo
ACCTGCTCAAACAGTA-1	Oligo
ACCTGCTCAACTCCCT-1	Oligo
ACCTGCTCACCACCAG-1	Oligo
ACCTGCTCACGTGAAG-1	Oligo
ACCTGCTGTACAAGCG-1	Oligo
ACCTGCTGTCCAACCG-1	Oligo
ACCTGCTGTTAACTCG-1	Oligo
ACCTGCTGTTAGGAAT-1	Oligo
ACCTGCTGTTGGGAAC-1	Oligo
ACCTGCTTCCTGGGAC-1	Oligo
ACCTGCTTCGGGTCCA-1	Oligo
ACGGATTAGCTATCGT-1	Oligo
ACGGATTAGCTGATTC-1	Oligo
ACGGATTCAGAACAGC-1	Oligo
ACGGATTCAGGTGGTA-1	Oligo
ACGGATTGTAGAGAGA-1	Oligo
ACGGATTGTCTGCACG-1	Oligo
ACGGATTGTGGCGCTT-1	Oligo
ACGGATTGTGTCCCAG-1	Oligo
ACGGATTGTTGGCTTA-1	Oligo
ACGGATTTCAGGCGCT-1	Oligo
ACGGATTTCCAGGTCG-1	Oligo
ACGGATTTCGATAGCT-1	Oligo
ACGGATTTCGTGGAAG-1	Oligo
ACGGATTTCTGTAGAC-1	Oligo
ACGTGGCCAGCAGGTA-1	Oligo
ACGTGGCCAGTAAGAT-1	Oligo
ACGTGGCCATTTAGGC-1	Oligo
ACGTTAGAGGAGAACA-1	Oligo
ACGTTAGAGTTGCCGC-1	Oligo
ACGTTAGCAGCAACGA-1	Oligo
ACGTTAGCATGGTTTG-1	Oligo
ACGTTAGGTAACGGAC-1	Oligo
ACGTTAGGTCGCGCTA-1	Oligo
ACGTTAGTCGAAGCCC-1	Oligo
ACGTTAGTCGCAACTA-1	Oligo
ACTAACGAGAACTAAC-1	Oligo
ACTAACGAGGGCGAAG-1	Oligo
ACTAACGAGGTACTCT-1	Oligo
ACTAACGCAAGCGAAC-1	Oligo
ACTAACGCACTCAGCG-1	Oligo
ACTAACGCAGAGATGC-1	Oligo
ACTAACGCAGCTTACA-1	Oligo
ACTAACGCATCGACCG-1	Oligo
ACTAACGGTCCCGAGT-1	Oligo
ACTAACGTCCAACCTC-1	Oligo
ACTAACGTCCCAATGA-1	Oligo
ACTACCCAGGAGTCTG-1	Oligo
ACTACCCAGGCAGATC-1	Oligo
ACTACCCCATAGTCCA-1	Oligo
ACTACCCCATTAGCCA-1	Oligo
ACTACCCGTAAGCCGA-1	Oligo
ACTACCCGTACTTCAG-1	Oligo
ACTACCCGTTTCAGCA-1	Oligo
ACTACCCTCTGTGTCC-1	Oligo
ACTACGAAGAAATGGG-1	Oligo
ACTACGAAGTGCCCTG-1	Oligo
ACTACGACAAGACTTC-1	Oligo
ACTACGACAAGATTAG-1	Oligo
ACTACGACATCATGTG-1	Oligo
ACTACGACATGACTGT-1	Oligo
ACTACGAGTAAACGGC-1	Oligo
ACTACGAGTAGCGTTT-1	Oligo
ACTACGAGTCGAGAAC-1	Oligo
ACTACGATCCCATAGA-1	Oligo
ACTAGGTAGCAGTAGC-1	Oligo
ACTAGGTAGTACAGAT-1	Oligo
ACTAGGTCAATGTGCT-1	Oligo
ACTAGGTGTAAGTGCG-1	Oligo
ACTAGGTTCAACACGT-1	Oligo
ACTATTCAGAGCCTGA-1	Oligo
ACTATTCCAACGTAGG-1	Oligo
ACTATTCCAGTTACAC-1	Oligo
ACTATTCCATTTAGGC-1	Oligo
ACTATTCGTAGCAGCA-1	Oligo
ACTATTCGTATTCGCA-1	Oligo
ACTATTCGTCCTTATT-1	Oligo
ACTATTCTCCAGGTAT-1	Oligo
ACTATTCTCCCAGTAA-1	Oligo
ACTATTCTCGATATGC-1	Oligo
ACTATTCTCTGAAAGA-1	Oligo
ACTCGGGAGACGTCAG-1	Oligo
ACTCGGGAGCGTGTTT-1	Oligo
ACTCGGGAGGTAGGAA-1	Oligo
ACTCGGGCAATGATGA-1	Oligo
ACTCGGGCAATTCGTG-1	Oligo
ACTCGGGCAGATTTGC-1	Oligo
ACTCGGGCATTTAGGC-1	Oligo
ACTCGGGTCACTCGGG-1	Oligo
ACTCGGGTCATCGCAA-1	Oligo
ACTCGGGTCCAGGTCG-1	Oligo
ACTCGGGTCGTGAGTT-1	Oligo
ACTGCAAAGAACGCCA-1	Oligo
ACTGCAACAAGCACTT-1	Oligo
ACTGCAACATCAGAAA-1	Oligo
ACTGCAAGTACTTCGA-1	Oligo
ACTGCAAGTCTGGTCG-1	Oligo
ACTGCAATCGAGGTAG-1	Oligo
ACTGCAATCGAGTTAC-1	Oligo
ACTGCAATCTCTGTTA-1	Oligo
ACTGCGGAGAGGTGGG-1	Oligo
ACTGCGGAGGCAGTAC-1	Oligo
ACTGCGGAGTAGTCGG-1	Oligo
ACTGCGGAGTCGACCC-1	Oligo
ACTGCGGAGTTACACC-1	Oligo
ACTGCGGCATCCTGGG-1	Oligo
ACTGCGGCATTCTCGC-1	Oligo
ACTGCGGGTCATAAGA-1	Oligo
ACTGCGGGTCCCGAGT-1	Oligo
ACTGCGGGTTGGAGGT-1	Oligo
ACTGCGGTCAAGTTGC-1	Oligo
ACTGCGGTCCACGCTT-1	Oligo
ACTGCGGTCGCTATAG-1	Oligo
ACTGCGGTCTCTATTG-1	Oligo
ACTGCGGTCTGGTACA-1	Oligo
ACTGTCCAGATATGAC-1	Oligo
ACTGTCCAGTCCTTCC-1	Oligo
ACTGTCCAGTGCACAG-1	Oligo
ACTGTCCAGTTCAAGA-1	Oligo
ACTGTCCCAAGCGTCC-1	Oligo
ACTGTCCCACGGTGTC-1	Oligo
ACTGTCCTCCAGGGAA-1	Oligo
ACTGTCCTCGATGAAA-1	Oligo
ACTGTCCTCTGGACAT-1	Oligo
ACTGTCCTCTTCACTA-1	Oligo
ACTTCCGAGAGTGGAA-1	Oligo
ACTTCCGAGTGAGCTG-1	Oligo
ACTTCCGCAACTGCGC-1	Oligo
ACTTCCGCAATGGTCT-1	Oligo
ACTTCCGCACCTCGTT-1	Oligo
ACTTCCGTCCTCCCAA-1	Oligo
ACTTCCGTCGTGATAC-1	Oligo
ACTTTCAAGGTGATGC-1	Oligo
ACTTTCACAGGCAGAT-1	Oligo
ACTTTCACAGGGCTTC-1	Oligo
ACTTTCACAGGTTATC-1	Oligo
ACTTTCAGTAATGCCT-1	Oligo
ACTTTCAGTATCTGCA-1	Oligo
ACTTTCATCGATAGGG-1	Oligo
ACTTTCATCGTGTGCG-1	Oligo
AGACAAAAGCGTCTGC-1	Oligo
AGACAAAAGGCCAGTA-1	Oligo
AGACAAAAGTCTGTGT-1	Oligo
AGACAAAAGTGAATAC-1	Oligo
AGACAAAAGTGCACAG-1	Oligo
AGACAAACAAGTCTGT-1	Oligo
AGACAAACACATTGCA-1	Oligo
AGACAAACAGTAAGCG-1	Oligo
AGACAAAGTAACCGAG-1	Oligo
AGACAAAGTACATGGG-1	Oligo
AGACAAAGTACCAAGG-1	Oligo
AGACAAAGTTTGTCTT-1	Oligo
AGACAAATCCTCCTGA-1	Oligo
AGACAAATCGCGCTGA-1	Oligo
AGATAGAAGCAATAAC-1	Oligo
AGATAGAAGTCCGATT-1	Oligo
AGATAGACATAGACGG-1	Oligo
AGATAGACATCGTACA-1	Oligo
AGATAGAGTGTAGGAC-1	Oligo
AGATAGATCCGTTAGA-1	Oligo
AGATAGATCCTGGAAT-1	Oligo
AGATAGATCGTTCTAT-1	Oligo
AGATTCGAGGTAGGAA-1	Oligo
AGATTCGAGGTCTTTG-1	Oligo
AGATTCGAGTATGGGC-1	Oligo
AGATTCGCAAGTAACA-1	Oligo
AGATTCGGTTTCCGGG-1	Oligo
AGCCAGCCAACATAAG-1	Oligo
AGCCAGCCAAGAGCGT-1	Oligo
AGCCAGCGTAACGTAA-1	Oligo
AGCCAGCGTATCTCAG-1	Oligo
AGCCAGCGTCGAGAAC-1	Oligo
AGCCAGCGTCTGATTG-1	Oligo
AGCCAGCTCCAGTACA-1	Oligo
AGCCAGCTCGCACCGA-1	Oligo
AGCCAGCTCGCATAAC-1	Oligo
AGCCAGCTCTTCGTTA-1	Oligo
AGCCCGAAGAGGTGGG-1	Oligo
AGCCCGAAGATGGGAA-1	Oligo
AGCCCGAAGCAGTAGC-1	Oligo
AGCCCGAAGGCGATTG-1	Oligo
AGCCCGACAGGACCTC-1	Oligo
AGCCCGACATGGCCGT-1	Oligo
AGCCCGAGTACCAAGG-1	Oligo
AGCCCGAGTCTGGTCG-1	Oligo
AGCCCGATCAGGAATA-1	Oligo
AGCCCGATCCGCGATG-1	Oligo
AGCCCGATCTAAGGTC-1	Oligo
AGCCGCAAGCTAGCAG-1	Oligo
AGCCGCAAGTTCAACC-1	Oligo
AGCCGCACAACGACAG-1	Oligo
AGCCGCACACTCAAGT-1	Oligo
AGCCGCACATCGAGTT-1	Oligo
AGCCGCAGTAATGTAG-1	Oligo
AGCCGCAGTACGCCCA-1	Oligo
AGCCGCAGTGTCTCGG-1	Oligo
AGCCGCAGTGTTTCTT-1	Oligo
AGCCGCAGTTCTGAAC-1	Oligo
AGCCTCTGTAGGGTCA-1	Oligo
AGCCTCTGTATCCCTC-1	Oligo
AGCCTCTGTCTGGGAA-1	Oligo
AGCCTCTGTCTGTCCT-1	Oligo
AGCCTCTGTGTCCAGC-1	Oligo
AGCCTCTGTTTAAGCC-1	Oligo
AGCCTCTTCGCGCTGA-1	Oligo
AGCCTGGAGACCCATT-1	Oligo
AGCCTGGAGCTGAAAT-1	Oligo
AGCCTGGAGGCTGGAT-1	Oligo
AGCCTGGAGTCGAGCA-1	Oligo
AGCCTGGGTCGGCTGT-1	Oligo
AGCCTGGGTGCAAGAC-1	Oligo
AGCCTGGGTTGCAGAG-1	Oligo
AGCCTGGTCAGCCGGT-1	Oligo
AGCCTTCAGCGCCTAC-1	Oligo
AGCCTTCCAAAGGTCG-1	Oligo
AGCCTTCCAACTACTG-1	Oligo
AGCCTTCGTAACATAG-1	Oligo
AGCCTTCGTGAAACAT-1	Oligo
AGCGATTAGTCAACTC-1	Oligo
AGCGATTCAAGTGGCA-1	Oligo
AGCGATTCAATGGTCT-1	Oligo
AGCGATTCATAGTCCA-1	Oligo
AGCGATTCATCTGCAA-1	Oligo
AGCGATTGTGCAAGCA-1	Oligo
AGCGATTGTGTGACCC-1	Oligo
AGCGATTTCGGTACTA-1	Oligo
AGCGTATCATGGCCTG-1	Oligo
AGCGTATGTATCTGCA-1	Oligo
AGCGTATGTGCCGGTT-1	Oligo
AGCGTATGTGGTACTT-1	Oligo
AGCGTATGTTGTATCG-1	Oligo
AGCGTGCAGATGGCAC-1	Oligo
AGCGTGCAGTCTGGGA-1	Oligo
AGCGTGCCAAACTACC-1	Oligo
AGCGTGCCAAGCAATA-1	Oligo
AGCGTGCCAATGCCAT-1	Oligo
AGCGTGCGTCCTCAGG-1	Oligo
AGCGTGCTCGGATCGC-1	Oligo
AGCTATGAGACCCTAT-1	Oligo
AGCTATGAGCATACCT-1	Oligo
AGCTATGAGTGTCCCG-1	Oligo
AGCTATGCAAGATTAG-1	Oligo
AGCTATGCAAGTCTCA-1	Oligo
AGCTATGCACCTCGTT-1	Oligo
AGCTATGCACTCCCAT-1	Oligo
AGCTATGCACTGGGCT-1	Oligo
AGCTATGGTATTCTGG-1	Oligo
AGCTATGGTCACCGCA-1	Oligo
AGCTATGGTGGAAAGA-1	Oligo
AGCTATGTCGATCTTT-1	Oligo
AGCTGATAGATCGAGC-1	Oligo
AGCTGATAGATTAGAC-1	Oligo
AGCTGATAGGTTAACA-1	Oligo
AGCTGATAGTTACCAC-1	Oligo
AGCTGATCAAAGCTGG-1	Oligo
AGCTGATCACGCTAAT-1	Oligo
AGCTGATCATGCGACC-1	Oligo
AGCTGATCATGTGAGG-1	Oligo
AGCTGATGTAAACCCT-1	Oligo
AGCTGATGTAGATGAT-1	Oligo
AGCTGATTCACCGCGA-1	Oligo
AGCTGATTCTGGACAT-1	Oligo
AGCTGGCCAAGCCAGA-1	Oligo
AGCTGGCCAAGGAGGG-1	Oligo
AGCTGGCCACATTCTT-1	Oligo
AGCTGGCCACCTATTT-1	Oligo
AGCTGGCCACTCGTGG-1	Oligo
AGCTGGCGTAGTGATA-1	Oligo
AGCTGGCGTCAATACC-1	Oligo
AGCTGGCGTCATAGCT-1	Oligo
AGCTGGCGTCATCAAC-1	Oligo
AGCTGGCGTCGCGCTA-1	Oligo
AGCTGGCGTGAATACA-1	Oligo
AGCTGGCGTGACAAGC-1	Oligo
AGCTGGCTCGCGTGAC-1	Oligo
AGCTGTAAGACTCGGA-1	Oligo
AGCTGTAAGAGCGGTT-1	Oligo
AGCTGTAAGCCATTCA-1	Oligo
AGCTGTAAGTCTGCTA-1	Oligo
AGCTGTACAATTGCCA-1	Oligo
AGCTGTATCAGTACAC-1	Oligo
AGCTGTATCGAGTGTT-1	Oligo
AGGACGAAGACCTATC-1	Oligo
AGGACGAAGTGCTAGG-1	Oligo
AGGACGAAGTTGTCCA-1	Oligo
AGGACGACAAACCTAC-1	Oligo
AGGACGACATTATGGC-1	Oligo
AGGACGAGTGTGTGCC-1	Oligo
AGGACGATCCCAGCGA-1	Oligo
AGGACGATCTATCTAC-1	Oligo
AGGCCCACAGTAAGAT-1	Oligo
AGGCCCAGTAGAAAGG-1	Oligo
AGGCCCAGTGCACCCA-1	Oligo
AGGCCCAGTTGAATAG-1	Oligo
AGGCCCATCACTCGTC-1	Oligo
AGGCCCATCAGCACTA-1	Oligo
AGGCCCATCCAGGTAT-1	Oligo
AGGCCTGCAAACCCTA-1	Oligo
AGGCCTGCAATCAGGG-1	Oligo
AGGCCTGGTACGCCCA-1	Oligo
AGGCCTGTCGGTCGAC-1	Oligo
AGGCGAAAGTACGCGA-1	Oligo
AGGCGAACACTGTCGG-1	Oligo
AGGCGAACAGTTACAC-1	Oligo
AGGCGAACATCATCGA-1	Oligo
AGGCGAAGTGATTCCA-1	Oligo
AGGCGAATCTTCCACG-1	Oligo
AGGCGTCAGCAGTAGC-1	Oligo
AGGCGTCAGCGCATTT-1	Oligo
AGGCGTCAGTACGCGA-1	Oligo
AGGCGTCCAAATTCCG-1	Oligo
AGGCGTCCAGGTAGCA-1	Oligo
AGGCGTCGTACTTCAG-1	Oligo
AGGCGTCGTCACAGGA-1	Oligo
AGGCGTCGTCGATTAC-1	Oligo
AGGCGTCGTTTGCCCT-1	Oligo
AGGCGTCTCCTAGAGT-1	Oligo
AGGCGTCTCGATAGGG-1	Oligo
AGTCAACAGCCTGGTC-1	Oligo
AGTCAACAGTTTGGAA-1	Oligo
AGTCAACCAACGCACC-1	Oligo
AGTCAACCAATGGTAA-1	Oligo
AGTCAACCAGAACAGC-1	Oligo
AGTCAACCAGTAGGCA-1	Oligo
AGTCAACGTGGTGGTA-1	Oligo
AGTCAACTCCACGAGC-1	Oligo
AGTCAACTCTATTTCG-1	Oligo
AGTCCGGAGTAGAAGG-1	Oligo
AGTCCGGCACAAGGGT-1	Oligo
AGTCCGGCACGCTGTG-1	Oligo
AGTCCGGCACGGTTAT-1	Oligo
AGTCCGGCAGCAATGG-1	Oligo
AGTCCGGCAGGTGTGA-1	Oligo
AGTCCGGCATACCCGG-1	Oligo
AGTCCGGCATCGGCTG-1	Oligo
AGTCCGGGTAGCAGGT-1	Oligo
AGTCCGGGTATTCTGG-1	Oligo
AGTCCGGGTCAACTGT-1	Oligo
AGTCCGGGTCACCCGA-1	Oligo
AGTCCGGGTTCTTAGG-1	Oligo
AGTCCGGTCGCACCGA-1	Oligo
AGTCCGGTCGGATGTT-1	Oligo
AGTGCCGAGATCTAAG-1	Oligo
AGTGCCGAGTTATGAG-1	Oligo
AGTGCCGCAAAGCTTC-1	Oligo
AGTGCCGCAGGCATTT-1	Oligo
AGTGCCGGTACGACCC-1	Oligo
AGTGCCGGTGAGTAAT-1	Oligo
AGTGCCGGTGCTTTGA-1	Oligo
AGTGCCGTCACGGGTC-1	Oligo
AGTGCCGTCGGTCTCT-1	Oligo
AGTGCCGTCTACATCT-1	Oligo
AGTGCCGTCTCTCAAT-1	Oligo
AGTGCGCAGCCTTTGA-1	Oligo
AGTGCGCAGTAGGTCG-1	Oligo
AGTGCGCAGTGCTCGC-1	Oligo
AGTGCGCCAACTTGGT-1	Oligo
AGTGCGCCAGGCATCC-1	Oligo
AGTGCGCCATCATCGA-1	Oligo
AGTGCGCCATTTCTTG-1	Oligo
AGTGCGCGTAAGCCTT-1	Oligo
AGTGCGCGTAGTCCAT-1	Oligo
AGTGCGCGTCGATTAC-1	Oligo
AGTGCGCGTGATAACA-1	Oligo
AGTGCGCGTGGATTTC-1	Oligo
AGTGCGCGTTCTGAGT-1	Oligo
AGTGCGCGTTTGCCCT-1	Oligo
AGTGCGCTCGGTAGGA-1	Oligo
AGTGCGCTCTGACATG-1	Oligo
AGTGTACAGTCCGATT-1	Oligo
AGTGTACCAAGGTCGA-1	Oligo
AGTGTACCATCGCTAA-1	Oligo
AGTGTACGTCATTGCA-1	Oligo
AGTGTACGTGGACGAT-1	Oligo
AGTGTACGTTTCCGGG-1	Oligo
AGTGTACTCGCTGATA-1	Oligo
AGTGTACTCGGGTCCA-1	Oligo
AGTGTACTCGTTGTTT-1	Oligo
AGTTACGAGAGAGTAG-1	Oligo
AGTTACGAGAGTAAGG-1	Oligo
AGTTACGAGCCTTTGA-1	Oligo
AGTTACGAGGCAAGCT-1	Oligo
AGTTACGAGGCAGTGT-1	Oligo
AGTTACGCACTTGCGG-1	Oligo
AGTTACGGTAAAGGCC-1	Oligo
AGTTACGGTATTCTGG-1	Oligo
AGTTACGGTCATCAAC-1	Oligo
AGTTACGGTCCAAGAG-1	Oligo
AGTTACGTCCACGAGC-1	Oligo
AGTTACGTCCTAAAGC-1	Oligo
AGTTACGTCGGTCAGC-1	Oligo
AGTTACGTCTGAACGT-1	Oligo
AGTTTGGAGAAACGCC-1	Oligo
AGTTTGGAGCCGCAAA-1	Oligo
AGTTTGGAGTCAGGAC-1	Oligo
AGTTTGGGTATTCTTC-1	Oligo
AGTTTGGGTGCCCTAG-1	Oligo
AGTTTGGGTTTCGACA-1	Oligo
AGTTTGGGTTTGGATC-1	Oligo
AGTTTGGTCACCACAA-1	Oligo
AGTTTGGTCACGTGTA-1	Oligo
AGTTTGGTCGACTATG-1	Oligo
AGTTTGGTCGTCAACA-1	Oligo
AGTTTGGTCTACCCGT-1	Oligo
AGTTTGGTCTCCCTTT-1	Oligo
AGTTTGGTCTTCCAGC-1	Oligo
ATAGGCTAGTGCCCTG-1	Oligo
ATAGGCTGTCCTCAGG-1	Oligo
ATAGGCTGTGTCCCAG-1	Oligo
ATAGGCTGTTTGGATC-1	Oligo
ATAGGCTTCGTTCCGT-1	Oligo
ATAGTCGAGAACGCCA-1	Oligo
ATAGTCGAGAACTAAC-1	Oligo
ATAGTCGAGATACCAA-1	Oligo
ATAGTCGAGGTACTCT-1	Oligo
ATAGTCGCAAGAAACT-1	Oligo
ATAGTCGCACGTTGTA-1	Oligo
ATAGTCGCATTAACGC-1	Oligo
ATAGTCGGTGGAGTGT-1	Oligo
ATAGTCGGTTCATTTC-1	Oligo
ATAGTCGGTTCTACGA-1	Oligo
ATAGTCGTCGTGGTAT-1	Oligo
ATAGTCGTCTGGACAT-1	Oligo
ATAGTCGTCTTGGCCT-1	Oligo
ATATTCCAGTTACCAC-1	Oligo
ATATTCCGTTCTGATG-1	Oligo
ATATTCCGTTGGGAAC-1	Oligo
ATATTCCTCACCACAA-1	Oligo
ATATTCCTCCGCCTAT-1	Oligo
ATATTCCTCCGTGCAG-1	Oligo
ATATTCCTCGATCTTT-1	Oligo
ATCCAGAAGAAGCCGT-1	Oligo
ATCCAGAAGACCAATA-1	Oligo
ATCCAGAAGCTATCCA-1	Oligo
ATCCAGAAGTGAACCG-1	Oligo
ATCCAGACAACATAAG-1	Oligo
ATCCAGACAATGCACT-1	Oligo
ATCCAGACATCATGTG-1	Oligo
ATCCAGACATTTCTTG-1	Oligo
ATCCAGAGTCAGACGA-1	Oligo
ATCCAGATCTCTTCCT-1	Oligo
ATCCCTGCACAAACGG-1	Oligo
ATCCCTGTCACTCCCA-1	Oligo
ATCCCTGTCCATCATT-1	Oligo
ATCCCTGTCCTTCGAC-1	Oligo
ATCCTCGGTTAGAGAT-1	Oligo
ATCCTCGTCCCGTATC-1	Oligo
ATCCTCGTCCGATGCG-1	Oligo
ATCCTGCAGACCCTAT-1	Oligo
ATCCTGCAGAGGTGGG-1	Oligo
ATCCTGCAGCAACTGG-1	Oligo
ATCCTGCAGGATTGCG-1	Oligo
ATCCTGCCAGAGATGC-1	Oligo
ATCCTGCCAGGAGCAT-1	Oligo
ATCCTGCCATATTGGC-1	Oligo
ATCCTGCGTAGAGAGA-1	Oligo
ATCCTGCGTCTCTGCT-1	Oligo
ATCCTGCGTTCGGGAA-1	Oligo
ATCCTGCTCCTGTAGA-1	Oligo
ATCCTGCTCGCATACA-1	Oligo
ATCGAGTAGAGAGGTA-1	Oligo
ATCGAGTCAGCCACGT-1	Oligo
ATCGAGTCAGGATAGC-1	Oligo
ATCGAGTCATCCATAG-1	Oligo
ATCGAGTCATCCCAAA-1	Oligo
ATCGAGTGTCTCTGGG-1	Oligo
ATCGAGTGTCTGTGTA-1	Oligo
ATCGAGTGTGAAACAT-1	Oligo
ATCGAGTGTGATGCTT-1	Oligo
ATCGAGTTCCCGAAGC-1	Oligo
ATCGAGTTCGTGAACT-1	Oligo
ATCGAGTTCTATAGGC-1	Oligo
ATGCATGAGGCACTAG-1	Oligo
ATGCATGAGTAGTCGG-1	Oligo
ATGCATGAGTATGCTC-1	Oligo
ATGCATGCACAGAAGC-1	Oligo
ATGCATGCATAGCAGG-1	Oligo
ATGCATGCATCGCCTT-1	Oligo
ATGCATGGTCTAAAGA-1	Oligo
ATGCATGGTGGAAGCT-1	Oligo
ATGCATGTCAGCACGC-1	Oligo
ATGCATGTCTTCATAC-1	Oligo
ATGGATCAGAGCCACA-1	Oligo
ATGGATCAGCATGATA-1	Oligo
ATGGATCAGCGTAGCA-1	Oligo
ATGGATCAGTGTAATG-1	Oligo
ATGGATCCACTGTTAG-1	Oligo
ATGGATCCAGGCAAGT-1	Oligo
ATGGATCCAGTAGTCT-1	Oligo
ATGGATCGTCCGTAGC-1	Oligo
ATGGATCGTCTGATTG-1	Oligo
ATGGATCTCATAGGTC-1	Oligo
ATGGATCTCCGTACGG-1	Oligo
ATGTACGAGAACGCCA-1	Oligo
ATGTACGAGTAGTGTA-1	Oligo
ATGTACGAGTTGCTTG-1	Oligo
ATGTACGCACTGAAGG-1	Oligo
ATGTACGTCTGGAAGG-1	Oligo
ATGTCGACACATTGCA-1	Oligo
ATGTCGAGTCCATTGA-1	Oligo
ATGTCGAGTCTGTCCT-1	Oligo
ATGTCGAGTGAGTAAT-1	Oligo
ATGTCGATCAAAGTAG-1	Oligo
ATGTCGATCACCGCGA-1	Oligo
ATGTCGATCGCACCGA-1	Oligo
ATGTCTTAGGATCCTT-1	Oligo
ATGTCTTAGGCACTAG-1	Oligo
ATGTCTTAGGCCAGTA-1	Oligo
ATGTCTTAGGTACACG-1	Oligo
ATGTCTTCAAGACTAA-1	Oligo
ATGTCTTCATTACACG-1	Oligo
ATGTCTTGTACTTCAG-1	Oligo
ATGTCTTGTCTGGATT-1	Oligo
ATGTCTTGTGAGGGTT-1	Oligo
ATGTCTTTCTCGTGAA-1	Oligo
ATGTTTCAGGCACTAG-1	Oligo
ATGTTTCGTCTGTCCT-1	Oligo
ATGTTTCGTTAAGTCC-1	Oligo
ATGTTTCTCCAGAGAG-1	Oligo
ATGTTTCTCGTCAACA-1	Oligo
ATTACCTAGCTGAAAT-1	Oligo
ATTACCTAGGTACACG-1	Oligo
ATTACCTAGTATACGA-1	Oligo
ATTACCTCAGCAATGG-1	Oligo
ATTACCTCATCATAGC-1	Oligo
ATTACCTGTAACATAG-1	Oligo
ATTACCTGTATCCTTT-1	Oligo
ATTACCTGTCTAACCA-1	Oligo
ATTACCTGTGAGTCGA-1	Oligo
ATTACCTTCAAACCCA-1	Oligo
ATTACCTTCTGGAAGG-1	Oligo
ATTACTCAGACAGCTG-1	Oligo
ATTACTCAGCCTGTAT-1	Oligo
ATTACTCAGCGCGTTC-1	Oligo
ATTACTCAGGTTACAA-1	Oligo
ATTACTCCATTCACCC-1	Oligo
ATTACTCGTCATAGCT-1	Oligo
ATTACTCGTGACAAGC-1	Oligo
ATTACTCGTTCCTATT-1	Oligo
ATTCGTTAGCAATGTA-1	Oligo
ATTCGTTAGTTCGACT-1	Oligo
ATTCGTTCAAGGAACC-1	Oligo
ATTCGTTCATATACGC-1	Oligo
ATTCGTTGTTATCGAC-1	Oligo
ATTCGTTTCCAAGTCA-1	Oligo
ATTGTCTAGCAGGAGG-1	Oligo
ATTGTCTAGTAGACCG-1	Oligo
ATTGTCTAGTATAGTG-1	Oligo
ATTGTCTAGTGTGTAA-1	Oligo
ATTGTCTCAAGTAACA-1	Oligo
ATTGTCTCACATTCTT-1	Oligo
ATTGTCTCAGATTTGC-1	Oligo
ATTGTCTCATAAAGTG-1	Oligo
ATTGTCTCATTTCACT-1	Oligo
ATTGTCTGTCTGGGCT-1	Oligo
ATTGTCTGTGATTCCA-1	Oligo
ATTGTCTGTGTGTGTT-1	Oligo
ATTGTCTTCCACACCT-1	Oligo
ATTGTGGAGTGCTAGG-1	Oligo
ATTGTGGCAAGGAAGA-1	Oligo
ATTGTGGGTTTGTGAC-1	Oligo
ATTGTGGTCCATCTAT-1	Oligo
ATTTGTCAGGGAAGCG-1	Oligo
ATTTGTCAGGTGATGC-1	Oligo
ATTTGTCGTGCCCTAG-1	Oligo
ATTTGTCTCCCAATGA-1	Oligo
ATTTGTCTCTGGCTAA-1	Oligo
ATTTGTCTCTTCACTA-1	Oligo
CAAAGCTCAAGACTAA-1	Oligo
CAAAGCTCAATGTGCT-1	Oligo
CAAAGCTCATGTGGGA-1	Oligo
CAAAGCTGTAGACACG-1	Oligo
CAAAGCTGTCTAACCA-1	Oligo
CAAAGCTTCGAACCGC-1	Oligo
CAAAGCTTCGAGGTAG-1	Oligo
CAAAGCTTCGGGAATG-1	Oligo
CAAAGCTTCTATCTTG-1	Oligo
CAACCAAAGGACTTTC-1	Oligo
CAACCAACAAGAGATT-1	Oligo
CAACCAACAATAGCGG-1	Oligo
CAACCAACAATCACTG-1	Oligo
CAACCAACAGTATCTG-1	Oligo
CAACCAAGTCGCTAGC-1	Oligo
CAACCAAGTGTGACCC-1	Oligo
CAACCAATCCACGGCA-1	Oligo
CAACCAATCTCTGAGA-1	Oligo
CAACGGCAGGGCATTG-1	Oligo
CAACGGCAGGTTAACA-1	Oligo
CAACGGCAGTAACACA-1	Oligo
CAACGGCCATGCCTTC-1	Oligo
CAACGGCGTAACCATC-1	Oligo
CAACGGCGTCTGGGCT-1	Oligo
CAACGGCGTGACGCAA-1	Oligo
CAACGGCGTGAGTCGA-1	Oligo
CAACGGCGTGGAGTGT-1	Oligo
CAACGGCGTTAGTAGA-1	Oligo
CAACGGCGTTTGATCG-1	Oligo
CAACGGCTCCTATCCG-1	Oligo
CAACGGCTCGGCTATA-1	Oligo
CAACGTAAGTTACCAC-1	Oligo
CAACGTACAACTACTG-1	Oligo
CAACGTACACACACCG-1	Oligo
CAACGTACATCGGCCA-1	Oligo
CAACGTACATGTCCCT-1	Oligo
CAACGTACATTGCACA-1	Oligo
CAACGTAGTCTGTCCT-1	Oligo
CAACGTAGTGGTTCTA-1	Oligo
CAACGTAGTGTTGTTG-1	Oligo
CAACGTAGTTGGAGGT-1	Oligo
CAACGTATCCATCATT-1	Oligo
CAACGTATCCGTGCAG-1	Oligo
CAACGTATCCTTGACC-1	Oligo
CAACGTATCCTTTGAT-1	Oligo
CAAGAAAAGGTCTTTG-1	Oligo
CAAGAAACACGCTAAT-1	Oligo
CAAGAAACACTGATTG-1	Oligo
CAAGAAACACTTGCGG-1	Oligo
CAAGAAACATGCCCTT-1	Oligo
CAAGAAAGTAAGCCGA-1	Oligo
CAAGAAATCCTCCAGT-1	Oligo
CAAGCTAAGAGCGGTT-1	Oligo
CAAGCTAAGGATTTGA-1	Oligo
CAAGCTACACGCTAAT-1	Oligo
CAAGCTACACTGTCAA-1	Oligo
CAAGCTACATAGGCGA-1	Oligo
CAAGCTACATTACACG-1	Oligo
CAAGCTATCCAGGGAA-1	Oligo
CAAGCTATCGCCACTT-1	Oligo
CAAGCTATCTAAGGTC-1	Oligo
CAAGCTATCTTGCGCT-1	Oligo
CAAGGCCAGGCAGTAC-1	Oligo
CAAGGCCAGTTCAAGA-1	Oligo
CAAGGCCCACCTGAAT-1	Oligo
CAAGGCCCACGCGATC-1	Oligo
CAAGGCCCATCCGTAA-1	Oligo
CAAGGCCGTGTCCAGC-1	Oligo
CAAGGCCGTTCCCGGA-1	Oligo
CAAGGCCGTTCTTATC-1	Oligo
CAAGGCCGTTGGACGA-1	Oligo
CAAGGCCTCACGTCAA-1	Oligo
CAAGGCCTCCGGCGAT-1	Oligo
CAAGGCCTCCTTTGCG-1	Oligo
CAATCCCAGGTTCGAG-1	Oligo
CAATCCCCATACAACC-1	Oligo
CAATCCCTCCACCTAC-1	Oligo
CAATCCCTCCGAGGAA-1	Oligo
CAATCCCTCGCTAGTA-1	Oligo
CAATCCCTCGGTCCGA-1	Oligo
CAATCCCTCGGTCGAC-1	Oligo
CACAACAAGAATCAAC-1	Oligo
CACAACAAGGTAGGAA-1	Oligo
CACAACAAGTAGGAAG-1	Oligo
CACAACACACTGCTCT-1	Oligo
CACAACACATTCTCGC-1	Oligo
CACAACAGTCATGAGG-1	Oligo
CACAACAGTTGCAGCC-1	Oligo
CACAACATCGAGAACG-1	Oligo
CACAACATCTGTGTCC-1	Oligo
CACAGATAGCACCATT-1	Oligo
CACAGATAGGGCATTG-1	Oligo
CACAGATAGGGCTCTC-1	Oligo
CACAGATAGGTACACG-1	Oligo
CACAGATAGTATAGTG-1	Oligo
CACAGATAGTCCCGCA-1	Oligo
CACAGATCACGCGACT-1	Oligo
CACAGATCAGGTAGCA-1	Oligo
CACAGATGTCGCTAGC-1	Oligo
CACAGATTCCAATAGC-1	Oligo
CACATGAAGGAGTAGA-1	Oligo
CACATGACATTACTCT-1	Oligo
CACATGACATTTGGCA-1	Oligo
CACATGAGTAGACACG-1	Oligo
CACATGAGTAGTACAA-1	Oligo
CACATGAGTCAGTGTT-1	Oligo
CACATGAGTCTAACCA-1	Oligo
CACATGATCTTGTACT-1	Oligo
CACCACTAGAAACGCC-1	Oligo
CACCACTAGTTGCGCC-1	Oligo
CACCACTCACACTAGT-1	Oligo
CACCACTCACGGTTAT-1	Oligo
CACCACTCAGCTGATT-1	Oligo
CACCACTGTAGCATGG-1	Oligo
CACCACTGTAGGTCTT-1	Oligo
CACCACTGTGCACATT-1	Oligo
CACCACTGTTCTTAGG-1	Oligo
CACCACTTCCGGCTGA-1	Oligo
CACCACTTCTGTGTGA-1	Oligo
CACCACTTCTGTTGCC-1	Oligo
CACCTGTAGAAATGGG-1	Oligo
CACCTGTAGACGTCAG-1	Oligo
CACCTGTAGAGGAATG-1	Oligo
CACCTGTAGTCTGGGA-1	Oligo
CACCTGTCAAGGATGC-1	Oligo
CACCTGTCATGCCCTT-1	Oligo
CACCTGTGTGAGTTGG-1	Oligo
CACCTGTGTGTTGGTT-1	Oligo
CACCTGTTCCACACCT-1	Oligo
CACCTTGAGAGGTACC-1	Oligo
CACCTTGCATCCATAG-1	Oligo
CACCTTGGTGAAACAT-1	Oligo
CACCTTGGTTCATTTC-1	Oligo
CACCTTGTCGGCAATT-1	Oligo
CACGTTCCACCGAAAG-1	Oligo
CACGTTCGTTCTTTGT-1	Oligo
CACGTTCTCTGAAAGA-1	Oligo
CACTAAGAGAGCTCCC-1	Oligo
CACTAAGAGAGGAACA-1	Oligo
CACTAAGAGCGCGTTC-1	Oligo
CACTAAGAGGAAGAAC-1	Oligo
CACTAAGAGTCTCGAT-1	Oligo
CACTAAGAGTGGTGTG-1	Oligo
CACTAAGCAAGCCTTA-1	Oligo
CACTAAGCACCGTCTT-1	Oligo
CACTAAGCATCAGAAA-1	Oligo
CACTAAGGTAAGCCGA-1	Oligo
CACTAAGGTCACTCTC-1	Oligo
CACTAAGGTGAATCGG-1	Oligo
CACTAAGGTGCCGGTT-1	Oligo
CACTAAGGTGTAGGAC-1	Oligo
CACTAAGGTTTGTAGC-1	Oligo
CACTAAGTCCGATTGA-1	Oligo
CACTAAGTCCGGGCAT-1	Oligo
CACTAAGTCTATGAGC-1	Oligo
CACTGAAAGATCGCCC-1	Oligo
CACTGAAAGTGAAGGA-1	Oligo
CACTGAACATTCTCGC-1	Oligo
CACTGAAGTCTCTAAG-1	Oligo
CACTGAAGTGTCCTTC-1	Oligo
CACTGAATCACTAGGT-1	Oligo
CACTGAATCTGCTACC-1	Oligo
CACTGAATCTGGCACG-1	Oligo
CAGCCTTAGATGGGAA-1	Oligo
CAGCCTTCACTGTTAG-1	Oligo
CAGCCTTCATCACAAC-1	Oligo
CAGCCTTGTGCGACCT-1	Oligo
CAGCCTTTCCACGGCA-1	Oligo
CAGCCTTTCCTGGGAC-1	Oligo
CAGCCTTTCGCTTGAA-1	Oligo
CAGCTAAAGGATGCCA-1	Oligo
CAGCTAACAAGCAATA-1	Oligo
CAGCTAACACTCAAGT-1	Oligo
CAGCTAACATGCGCTG-1	Oligo
CAGCTAAGTATCTGCA-1	Oligo
CAGCTAATCCGCGATG-1	Oligo
CAGCTAATCCGCTATC-1	Oligo
CAGCTAATCGTGCTTC-1	Oligo
CAGCTGGAGCCTGTAT-1	Oligo
CAGCTGGAGGCCTCGT-1	Oligo
CAGCTGGCATACTGCA-1	Oligo
CAGCTGGCATTCACGA-1	Oligo
CAGCTGGGTAGATGAT-1	Oligo
CAGCTGGGTAGCGAGT-1	Oligo
CAGCTGGGTATACGCT-1	Oligo
CAGCTGGGTATGAAGT-1	Oligo
CAGCTGGGTCACAGGA-1	Oligo
CAGCTGGGTCACAGTT-1	Oligo
CAGCTGGGTCAGAGTG-1	Oligo
CAGCTGGGTGCGTTTA-1	Oligo
CAGCTGGGTGGACTGA-1	Oligo
CAGCTGGTCCAACAAC-1	Oligo
CAGGATTAGCAGAAAG-1	Oligo
CAGGATTAGTTGCCGC-1	Oligo
CAGGATTCAACGCACC-1	Oligo
CAGGATTGTGGATTTC-1	Oligo
CAGGATTGTTCTACCC-1	Oligo
CAGGATTGTTGTCGGC-1	Oligo
CAGGATTTCAAACCAC-1	Oligo
CAGGGCTAGACACAAT-1	Oligo
CAGGGCTAGCACGTAG-1	Oligo
CAGGGCTAGTCTGTGT-1	Oligo
CAGGGCTCACATGATC-1	Oligo
CAGGGCTCACTGTAAC-1	Oligo
CAGGGCTCAGGCACAA-1	Oligo
CAGGGCTCAGGTAGCA-1	Oligo
CAGGGCTGTATGGATA-1	Oligo
CAGGGCTGTCACTCTC-1	Oligo
CAGGGCTGTCCGAGCT-1	Oligo
CAGGGCTGTCCTCAGG-1	Oligo
CAGGGCTGTCTGATTG-1	Oligo
CAGGGCTGTTCTTAGG-1	Oligo
CAGGGCTTCACGATTG-1	Oligo
CAGGGCTTCCCACTTG-1	Oligo
CAGGGCTTCGATGCAT-1	Oligo
CAGGGCTTCGGATCGC-1	Oligo
CAGGGCTTCTGTGTGA-1	Oligo
CAGTATGAGCGATACG-1	Oligo
CAGTATGAGTAACTCC-1	Oligo
CAGTATGCAAATGCTC-1	Oligo
CAGTATGCACGCGCAT-1	Oligo
CAGTATGCAGGTGGTA-1	Oligo
CAGTATGGTCCACCAG-1	Oligo
CAGTATGTCAGCCGGT-1	Oligo
CAGTATGTCCCGATTC-1	Oligo
CAGTATGTCCGTACGG-1	Oligo
CAGTATGTCCGTGCGA-1	Oligo
CAGTATGTCGCAACTA-1	Oligo
CAGTGCGAGCATGATA-1	Oligo
CAGTGCGAGCTCGGCT-1	Oligo
CAGTGCGAGTGAGTTA-1	Oligo
CAGTGCGCACAAACAA-1	Oligo
CAGTGCGCAGAACTTC-1	Oligo
CAGTGCGCATCGCCTT-1	Oligo
CAGTGCGGTAAGCCGA-1	Oligo
CAGTGCGGTAGACACG-1	Oligo
CAGTGCGGTCAGTGTT-1	Oligo
CAGTGCGTCGCAAACT-1	Oligo
CAGTGCGTCGCTATAG-1	Oligo
CAGTGTAAGATGTTCC-1	Oligo
CAGTGTAAGCATTGGG-1	Oligo
CAGTGTAAGTGGACGT-1	Oligo
CAGTGTACACAATAAG-1	Oligo
CAGTGTAGTCGCGCTA-1	Oligo
CAGTGTAGTGAGCTAG-1	Oligo
CAGTGTAGTGTTAGAA-1	Oligo
CAGTGTAGTTGCTTGA-1	Oligo
CAGTGTAGTTGGAGGT-1	Oligo
CAGTGTATCCAACGCG-1	Oligo
CAGTGTATCCAGTTAG-1	Oligo
CAGTGTATCCATCGAA-1	Oligo
CATAACGAGCGGACTA-1	Oligo
CATAACGAGGAAGACA-1	Oligo
CATAACGAGTTACACC-1	Oligo
CATAACGCATATTGGC-1	Oligo
CATAACGGTCATTGCA-1	Oligo
CATAACGGTTTCCTAT-1	Oligo
CATAACGTCCAGGTAT-1	Oligo
CATAACGTCCGCCTAT-1	Oligo
CATAACGTCGTCCCTA-1	Oligo
CATAACGTCTTCAGAG-1	Oligo
CATGCCTAGATGGCAC-1	Oligo
CATGCCTAGGATTAAC-1	Oligo
CATGCCTCAAACCCTA-1	Oligo
CATGCCTCAAATAGTG-1	Oligo
CATGCCTCACCTGTGG-1	Oligo
CATGCCTCACGTTGTA-1	Oligo
CATGCCTCAGAACAGC-1	Oligo
CATGCCTCAGCGTCGT-1	Oligo
CATGCCTCAGGGTACA-1	Oligo
CATGCCTGTGCGCATC-1	Oligo
CATGCCTGTGCGTCCA-1	Oligo
CATGCCTGTTGAAGCG-1	Oligo
CATGCCTTCGACCCGA-1	Oligo
CATGCCTTCTCAGATG-1	Oligo
CATGCCTTCTTCACTA-1	Oligo
CATGTTTAGCGAGCTA-1	Oligo
CATGTTTAGGAGTAGA-1	Oligo
CATGTTTAGGCCAATG-1	Oligo
CATGTTTAGGGCATTG-1	Oligo
CATGTTTCAAGAGATT-1	Oligo
CATGTTTCACATTGCA-1	Oligo
CATGTTTGTAAGCCTT-1	Oligo
CATGTTTTCAGCACGC-1	Oligo
CATGTTTTCCATAGGT-1	Oligo
CATGTTTTCGACTTAG-1	Oligo
CATGTTTTCGGATAAA-1	Oligo
CATTCATAGATTAGAC-1	Oligo
CATTCATAGCTGAGGT-1	Oligo
CATTCATAGTAATGTG-1	Oligo
CATTCATCAAGGAGGG-1	Oligo
CATTCATGTCATAGAA-1	Oligo
CATTCATGTCGTCGCA-1	Oligo
CATTCATGTTACCACA-1	Oligo
CATTCATGTTGAATAG-1	Oligo
CATTCATTCAAGTTGC-1	Oligo
CATTCATTCATCGCCT-1	Oligo
CATTCATTCGCGCTGA-1	Oligo
CATTCCGAGCCGCTGT-1	Oligo
CATTCCGAGTCACGCC-1	Oligo
CATTCCGCACTGAAGG-1	Oligo
CATTCCGGTTAGCTCA-1	Oligo
CATTCCGTCAGGAATA-1	Oligo
CATTCCGTCGATAGGG-1	Oligo
CATTGGAAGGTGTTGG-1	Oligo
CATTGGACAACAAACA-1	Oligo
CATTGGACAAGCTTTG-1	Oligo
CATTGGACATTTAGGC-1	Oligo
CATTGGATCCTGGGAC-1	Oligo
CATTGGATCGGTACTA-1	Oligo
CATTGGATCGGTAGGA-1	Oligo
CATTGGATCTATGAGC-1	Oligo
CCAATGAAGTATACCC-1	Oligo
CCAATGAAGTCAACTC-1	Oligo
CCAATGACACACTAGT-1	Oligo
CCAATGACACATATCG-1	Oligo
CCAATGACATATAGAG-1	Oligo
CCAATGAGTATGTCCA-1	Oligo
CCAATGAGTGACCAGA-1	Oligo
CCAATGATCCCGTAGG-1	Oligo
CCAATGATCCTGACCT-1	Oligo
CCAATGATCGTCTAGA-1	Oligo
CCACAGGAGCCTTTGA-1	Oligo
CCACAGGGTGTTGGTT-1	Oligo
CCACAGGTCAGGAATA-1	Oligo
CCACAGGTCAGTTGAC-1	Oligo
CCACGTTAGTCGTATC-1	Oligo
CCACGTTCAAGTAACA-1	Oligo
CCACGTTTCGAAGCCC-1	Oligo
CCACGTTTCGGTACTA-1	Oligo
CCAGAATAGTGATCTC-1	Oligo
CCAGAATCAATGGCAG-1	Oligo
CCAGAATGTACCCATA-1	Oligo
CCAGAATGTCCGGTAC-1	Oligo
CCAGAATGTCTGGATT-1	Oligo
CCAGAATGTTCAGTAC-1	Oligo
CCAGAATGTTGGCTAT-1	Oligo
CCAGAATGTTTCCTAT-1	Oligo
CCAGAATTCGCACCTT-1	Oligo
CCAGAATTCTCGCGGA-1	Oligo
CCAGAATTCTGGCGCA-1	Oligo
CCAGAATTCTTCACTA-1	Oligo
CCAGATAAGGGCATTG-1	Oligo
CCAGATAAGTCATCTG-1	Oligo
CCAGATAAGTCGATAA-1	Oligo
CCAGATAAGTGGGACT-1	Oligo
CCAGATAAGTTAGCGG-1	Oligo
CCAGATAAGTTCAACC-1	Oligo
CCAGATACAAAGCATA-1	Oligo
CCAGATAGTCAATCCA-1	Oligo
CCAGATAGTGAATCGG-1	Oligo
CCAGATAGTGCCCAGT-1	Oligo
CCAGATAGTTTCTCTA-1	Oligo
CCAGATATCGACTGGC-1	Oligo
CCATACCCAATGGCAG-1	Oligo
CCATACCCAGCAACAG-1	Oligo
CCATACCGTTCCCGGA-1	Oligo
CCATACCTCCAGAGAG-1	Oligo
CCATACCTCGCTATTT-1	Oligo
CCATACCTCGTGGAAG-1	Oligo
CCCACATAGCTCCATA-1	Oligo
CCCACATAGGCGTAGT-1	Oligo
CCCACATAGTCGACCC-1	Oligo
CCCACATCAGGTCCTG-1	Oligo
CCCACATGTAGACACG-1	Oligo
CCCACATGTAGTCTGT-1	Oligo
CCCACATGTCAGTGTT-1	Oligo
CCCACATGTCTGAGCC-1	Oligo
CCCACATGTGATGCTT-1	Oligo
CCCACATGTTTCTCTA-1	Oligo
CCCACATGTTTGCCCT-1	Oligo
CCCACATTCAAAGTAG-1	Oligo
CCCAGAGAGGCTGGAT-1	Oligo
CCCAGAGCACTCCACT-1	Oligo
CCCAGAGGTTCTACGA-1	Oligo
CCCAGAGTCATTCGGA-1	Oligo
CCCAGAGTCCAGAATC-1	Oligo
CCCAGAGTCTGACTTT-1	Oligo
CCCGTTAAGGACTAGC-1	Oligo
CCCGTTACAACGTCGC-1	Oligo
CCCGTTACAACTAGAA-1	Oligo
CCCGTTAGTGAGTCGA-1	Oligo
CCCGTTAGTTTGATCG-1	Oligo
CCCGTTATCGTGGCGT-1	Oligo
CCCTAACAGATCCGAG-1	Oligo
CCCTAACCAACGAGGT-1	Oligo
CCCTAACCACTAAACC-1	Oligo
CCCTAACCAGTAAGCG-1	Oligo
CCCTAACCATGGAGGT-1	Oligo
CCCTAACGTAAAGCTA-1	Oligo
CCCTAACGTGCAAAGC-1	Oligo
CCCTAACTCAAGGCAG-1	Oligo
CCCTAACTCACAGGGA-1	Oligo
CCCTAACTCGATCGCG-1	Oligo
CCCTAACTCTCCTTAA-1	Oligo
CCCTAGTAGATCGATA-1	Oligo
CCCTAGTAGGTACACG-1	Oligo
CCCTAGTCAGTAGTCT-1	Oligo
CCCTAGTGTACTAGAA-1	Oligo
CCCTAGTTCACTCCCA-1	Oligo
CCCTAGTTCATTCGGA-1	Oligo
CCCTAGTTCGTTACAG-1	Oligo
CCCTCTCAGCCTATAC-1	Oligo
CCCTCTCCAGCAACCC-1	Oligo
CCCTCTCCATGCGCTG-1	Oligo
CCCTCTCGTCTAAAGA-1	Oligo
CCCTCTCGTCTAAGAA-1	Oligo
CCCTCTCGTTACGAAA-1	Oligo
CCCTCTCTCAGGTCTA-1	Oligo
CCCTGATAGCTTTCCC-1	Oligo
CCCTGATCAACATAAG-1	Oligo
CCCTGATCATCGAGTT-1	Oligo
CCCTGATGTAGAAAGG-1	Oligo
CCCTGATGTGATGTGG-1	Oligo
CCCTGATGTGGCGCTT-1	Oligo
CCCTGATGTGTTAGAA-1	Oligo
CCGAAGCAGAAGCCTG-1	Oligo
CCGAAGCAGATATGAC-1	Oligo
CCGAAGCAGATGCGCA-1	Oligo
CCGAAGCAGGTTGTTC-1	Oligo
CCGAAGCCACTGTTAG-1	Oligo
CCGAAGCCAGCGTAGA-1	Oligo
CCGAAGCGTCCCTAAA-1	Oligo
CCGAAGCTCCGTCAAA-1	Oligo
CCGAAGCTCGGTTCCT-1	Oligo
CCGAAGCTCTCTTCTC-1	Oligo
CCGCATTAGGCAGTAC-1	Oligo
CCGCATTCACTCGCAG-1	Oligo
CCGCATTTCGCCAGAC-1	Oligo
CCGCATTTCGCGGCAT-1	Oligo
CCGCATTTCGTTGTTT-1	Oligo
CCGTACTAGGTAGGCT-1	Oligo
CCGTACTCAAATGCTC-1	Oligo
CCGTACTCACGGTTAT-1	Oligo
CCGTACTCATCACAAC-1	Oligo
CCGTACTGTCTGAGCC-1	Oligo
CCGTACTGTGCGCATC-1	Oligo
CCGTACTGTGTTGTTG-1	Oligo
CCGTACTGTTCGGGAA-1	Oligo
CCGTACTGTTTGTCTT-1	Oligo
CCGTACTTCCCAGCGA-1	Oligo
CCGTACTTCTCGTAGA-1	Oligo
CCGTAGGAGCCCATTA-1	Oligo
CCGTAGGAGTATGGGC-1	Oligo
CCGTAGGCAAGGGTAC-1	Oligo
CCGTAGGCACATATCG-1	Oligo
CCGTAGGCATATTGGC-1	Oligo
CCGTAGGGTCTGGTCG-1	Oligo
CCGTAGGGTGGATTTC-1	Oligo
CCGTAGGTCCGCGATG-1	Oligo
CCGTGAGAGTTAGCGG-1	Oligo
CCGTGAGCAAGGAAGA-1	Oligo
CCGTGAGCAATCCATG-1	Oligo
CCGTGAGCAATTCGTG-1	Oligo
CCGTGAGCATTAGCCA-1	Oligo
CCGTGAGTCGCTACCT-1	Oligo
CCGTGAGTCGGTAGGA-1	Oligo
CCGTGAGTCGTTCCGT-1	Oligo
CCGTGAGTCTGACATG-1	Oligo
CCTAAAGAGACTAGGC-1	Oligo
CCTAAAGAGGAAGAAC-1	Oligo
CCTAAAGCAATGAAAC-1	Oligo
CCTAAAGCACATATCG-1	Oligo
CCTAAAGGTGTAGGAC-1	Oligo
CCTAAAGTCGAACCGC-1	Oligo
CCTAAAGTCGGCAATT-1	Oligo
CCTATTAAGAACGTCG-1	Oligo
CCTATTAAGACACTTC-1	Oligo
CCTATTAAGTACCCAT-1	Oligo
CCTATTAAGTCAGGAC-1	Oligo
CCTATTACAAGGCTTT-1	Oligo
CCTATTACAGAACGAC-1	Oligo
CCTATTACAGTTGGAG-1	Oligo
CCTATTACATGGCCTG-1	Oligo
CCTATTAGTACTATGC-1	Oligo
CCTATTAGTAGAAGCC-1	Oligo
CCTATTAGTATTCACG-1	Oligo
CCTATTAGTCCTCAGG-1	Oligo
CCTATTATCAAGAGAT-1	Oligo
CCTATTATCGATCGCG-1	Oligo
CCTATTATCTATAGGC-1	Oligo
CCTATTATCTGGCCAG-1	Oligo
CCTCCCTAGACGCCAA-1	Oligo
CCTCCCTAGATGCGAC-1	Oligo
CCTCCCTAGTCACGCC-1	Oligo
CCTCCCTCAAGACTTC-1	Oligo
CCTCCCTCACAGAAGC-1	Oligo
CCTCCCTCACATTGCA-1	Oligo
CCTCCCTCACTCGCAG-1	Oligo
CCTCCCTGTCCAAGAG-1	Oligo
CCTCCCTGTCCCTTTG-1	Oligo
CCTCCCTGTGAGGGTT-1	Oligo
CCTCCCTGTTCCATCC-1	Oligo
CCTCCCTTCCAGAGAG-1	Oligo
CCTCCCTTCGCCAGAC-1	Oligo
CCTCCCTTCGCGATGC-1	Oligo
CCTCCCTTCTTTCGAT-1	Oligo
CCTGCTAAGACTCGGA-1	Oligo
CCTGCTAAGATAGGTT-1	Oligo
CCTGCTAAGTGAGTGC-1	Oligo
CCTGCTACAAGACACG-1	Oligo
CCTGCTACACTCAGCG-1	Oligo
CCTGCTACAGGTCTGC-1	Oligo
CCTGCTAGTATGTTCG-1	Oligo
CCTGCTAGTTGAAGCG-1	Oligo
CCTGCTAGTTTGATCG-1	Oligo
CCTGCTATCAAGAGGC-1	Oligo
CCTGCTATCCATCTAT-1	Oligo
CCTGCTATCGCTATTT-1	Oligo
CCTGCTATCTCGGCGA-1	Oligo
CCTGCTATCTGTCGGG-1	Oligo
CCTGGGAAGAGAGGTA-1	Oligo
CCTGGGAAGCGCGTTC-1	Oligo
CCTGGGACACCTACCT-1	Oligo
CCTGGGACATCGTGAT-1	Oligo
CCTGGGAGTATCGCGC-1	Oligo
CCTGGGAGTCCGAGCT-1	Oligo
CCTGGGAGTGCAAGAC-1	Oligo
CCTGGGAGTGCAGACA-1	Oligo
CCTGGGATCCACTAGA-1	Oligo
CCTTAATAGATGGGTC-1	Oligo
CCTTAATAGGCGTCCT-1	Oligo
CCTTAATAGGGAGATA-1	Oligo
CCTTAATCAACGCAAG-1	Oligo
CCTTAATGTAATGCCT-1	Oligo
CCTTAATGTCCGTGCA-1	Oligo
CCTTAATGTGAGGTCA-1	Oligo
CCTTGCAAGGAGTACC-1	Oligo
CCTTGCAAGGCAATTA-1	Oligo
CCTTGCAAGTCGACCC-1	Oligo
CCTTGCACAATTGGCT-1	Oligo
CCTTGCACACGATTAC-1	Oligo
CCTTGCAGTAACGGCA-1	Oligo
CCTTGCAGTCTCTAAG-1	Oligo
CCTTGCATCCCGTAGG-1	Oligo
CCTTGCATCGTCTAGA-1	Oligo
CCTTGCATCTGTCGGG-1	Oligo
CCTTGGTAGCATTGGG-1	Oligo
CCTTGGTAGGATGTAT-1	Oligo
CCTTGGTAGGCGACTA-1	Oligo
CCTTGGTCACGCTGTG-1	Oligo
CCTTGGTCATAGGCGA-1	Oligo
CCTTGGTCATCACAAC-1	Oligo
CCTTGGTCATGGATGG-1	Oligo
CCTTGGTCATTTCACT-1	Oligo
CCTTGGTGTAAGTCTC-1	Oligo
CCTTGGTGTCACATTG-1	Oligo
CCTTGGTGTGCGTTTA-1	Oligo
CCTTGGTTCCACCTAC-1	Oligo
CCTTGGTTCCTAAAGC-1	Oligo
CGAGTTAAGATGCGAC-1	Oligo
CGAGTTAAGCGCAATG-1	Oligo
CGAGTTAAGTACCCAT-1	Oligo
CGAGTTAAGTGCACAG-1	Oligo
CGAGTTACACAGAAGC-1	Oligo
CGAGTTACATGATTGC-1	Oligo
CGAGTTAGTCCAGACC-1	Oligo
CGAGTTATCACTCGGG-1	Oligo
CGAGTTATCAGTCACA-1	Oligo
CGAGTTATCATTCTCA-1	Oligo
CGAGTTATCCCGGGTA-1	Oligo
CGAGTTATCGCTATTT-1	Oligo
CGATGATAGAGTGGAA-1	Oligo
CGATGATAGCGGACAT-1	Oligo
CGATGATCAACGTACT-1	Oligo
CGATGATCATAGCAGG-1	Oligo
CGATGATGTTTAGAAG-1	Oligo
CGATGATGTTTCCGGG-1	Oligo
CGATGATTCATGTTCT-1	Oligo
CGATGATTCGCGCCAA-1	Oligo
CGCAATAAGACCAATA-1	Oligo
CGCAATAAGTACAGAT-1	Oligo
CGCAATAAGTGTCGCC-1	Oligo
CGCAATATCAGCACTA-1	Oligo
CGCAATATCGGGATCC-1	Oligo
CGCACAGAGCATGATA-1	Oligo
CGCACAGAGCCTATAC-1	Oligo
CGCACAGGTCGGCTGT-1	Oligo
CGCACAGTCAGTCAAC-1	Oligo
CGCACAGTCTCGGCGA-1	Oligo
CGCAGGTAGCGGACTA-1	Oligo
CGCAGGTCAAGTTGCT-1	Oligo
CGCAGGTCACTGGGCT-1	Oligo
CGCAGGTCAGTGGTCC-1	Oligo
CGCAGGTGTCGCTACG-1	Oligo
CGCAGGTGTGCCCGAT-1	Oligo
CGCAGGTTCACCACAA-1	Oligo
CGCAGGTTCAGGCGCT-1	Oligo
CGCAGGTTCGCACCTT-1	Oligo
CGCGCAAAGCGCACAA-1	Oligo
CGCGCAAAGCGTGTTT-1	Oligo
CGCGCAAAGCTGCTCG-1	Oligo
CGCGCAAAGCTTTCCC-1	Oligo
CGCGCAACACAAGTGG-1	Oligo
CGCGCAAGTGCTAGTT-1	Oligo
CGCGCAATCCCTAAAG-1	Oligo
CGCGCAATCCTAGAGT-1	Oligo
CGCGCAATCGCAGATT-1	Oligo
CGCTAGGAGAGAACCC-1	Oligo
CGCTAGGAGTGAATAC-1	Oligo
CGCTAGGAGTGGTGTG-1	Oligo
CGCTAGGGTACGCAAG-1	Oligo
CGCTAGGGTCTCTGGG-1	Oligo
CGCTAGGTCGCAGATT-1	Oligo
CGCTAGGTCGCCGAAC-1	Oligo
CGCTAGGTCTGCCGAG-1	Oligo
CGCTAGGTCTTCGTTA-1	Oligo
CGCTATCAGAGGCCTA-1	Oligo
CGCTATCAGGATTGAT-1	Oligo
CGCTATCAGTCTAGAA-1	Oligo
CGCTATCCACGTTGTA-1	Oligo
CGCTATCCACTTTGGA-1	Oligo
CGCTATCCAGATTAAG-1	Oligo
CGCTATCGTGCTGTCG-1	Oligo
CGCTATCTCCCGTATC-1	Oligo
CGCTATCTCCTAGAGT-1	Oligo
CGCTATCTCGGATAAA-1	Oligo
CGCTGGAAGGCTCAGA-1	Oligo
CGCTGGACAAATAGTG-1	Oligo
CGCTGGACACCGATCG-1	Oligo
CGCTGGAGTAACTCCA-1	Oligo
CGCTGGAGTGATGTGG-1	Oligo
CGCTGGATCGCGCCAA-1	Oligo
CGGACCAAGATCTCAC-1	Oligo
CGGACCAAGCTGCCAC-1	Oligo
CGGACCAAGGGTCCCT-1	Oligo
CGGACCAAGTTGCCGC-1	Oligo
CGGACCACAACTCCCT-1	Oligo
CGGACCACACGCGATC-1	Oligo
CGGACCACATCCCTTG-1	Oligo
CGGACCACATCCGTAA-1	Oligo
CGGACCACATGGGAAC-1	Oligo
CGGACCAGTCTCTAAG-1	Oligo
CGGACCAGTGATAACA-1	Oligo
CGGACCAGTGCTGGCT-1	Oligo
CGGACCAGTTCCCTTG-1	Oligo
CGGACTGCAACTCGTA-1	Oligo
CGGACTGCATTCACGA-1	Oligo
CGGACTGTCACTGATG-1	Oligo
CGGACTGTCAGGATCT-1	Oligo
CGGACTGTCCATGTTT-1	Oligo
CGGACTGTCCCTATTA-1	Oligo
CGGACTGTCGCTACCT-1	Oligo
CGGACTGTCTCCACTG-1	Oligo
CGGACTGTCTCGTGAA-1	Oligo
CGGACTGTCTTCAGAG-1	Oligo
CGGTGCAAGGTACATA-1	Oligo
CGGTGCAAGTGTTCCA-1	Oligo
CGGTGCACAATCACTG-1	Oligo
CGGTGCACATGGGACA-1	Oligo
CGGTGCACATTCACGA-1	Oligo
CGGTGCATCGGATAGG-1	Oligo
CGTAAACAGTTCGTTG-1	Oligo
CGTAAACCATGACTGT-1	Oligo
CGTAAACGTACTATGC-1	Oligo
CGTAAACGTCGCTAGC-1	Oligo
CGTAAACGTGTGTGTT-1	Oligo
CGTAAACTCCGTGCAG-1	Oligo
CGTAAACTCGTCGCAG-1	Oligo
CGTACAAAGGAGTACC-1	Oligo
CGTACAAAGGCTTTAC-1	Oligo
CGTACAACAACTCAAC-1	Oligo
CGTACAAGTGCAAGCA-1	Oligo
CGTACAATCCCAGTAA-1	Oligo
CGTACAATCCCTACGT-1	Oligo
CGTACAATCGACTGGC-1	Oligo
CGTACAATCTGCCGAG-1	Oligo
CGTGGCAAGACGACTG-1	Oligo
CGTGGCAAGTGAGCAC-1	Oligo
CGTGGCACAATCAGGG-1	Oligo
CGTGGCACACACGGTC-1	Oligo
CGTGGCAGTTCCTATT-1	Oligo
CGTGGCAGTTTCGTTT-1	Oligo
CGTGGCATCACCCGGA-1	Oligo
CGTGGCATCCACACCT-1	Oligo
CGTGGCATCGCCTTAC-1	Oligo
CGTTCCAAGCCTTTGA-1	Oligo
CGTTCCAAGGCACTAG-1	Oligo
CGTTCCAAGTGCTCGC-1	Oligo
CGTTCCAGTAATGCCT-1	Oligo
CGTTCCAGTCAGACGA-1	Oligo
CGTTCCAGTCGGCTGT-1	Oligo
CGTTCCAGTGAGGTCA-1	Oligo
CGTTCCATCACTCCCA-1	Oligo
CGTTCCATCGGTAGGA-1	Oligo
CTAACTTAGGTCTTGT-1	Oligo
CTAACTTAGTACGACG-1	Oligo
CTAACTTAGTATGGGC-1	Oligo
CTAACTTCAGTCCTGG-1	Oligo
CTAACTTGTAACCCAT-1	Oligo
CTAACTTTCATTCTCA-1	Oligo
CTAACTTTCCAAGAGG-1	Oligo
CTAACTTTCCAAGTCA-1	Oligo
CTAACTTTCGAGGTCC-1	Oligo
CTACAGAAGCCGCAAA-1	Oligo
CTACAGAAGCTATCGT-1	Oligo
CTACAGACAAAGGCCA-1	Oligo
CTACAGACAGCAATGG-1	Oligo
CTACAGAGTAGCAGGT-1	Oligo
CTACAGAGTAGTGATA-1	Oligo
CTACTTACAAGCCCTG-1	Oligo
CTACTTAGTCAAATCC-1	Oligo
CTACTTAGTGCAAAGC-1	Oligo
CTACTTATCAGAGTGG-1	Oligo
CTACTTATCGCCAGAC-1	Oligo
CTAGCGGAGAGAGTAG-1	Oligo
CTAGCGGAGAGCCACA-1	Oligo
CTAGCGGCAGAACTTC-1	Oligo
CTAGCGGCAGAGAGAA-1	Oligo
CTAGCGGCATAGCCAT-1	Oligo
CTAGCGGGTGAGAGTC-1	Oligo
CTAGCGGGTGTCGTCG-1	Oligo
CTAGCGGGTTATCGAC-1	Oligo
CTAGCGGTCGCCAGAC-1	Oligo
CTAGCGGTCGGTACTA-1	Oligo
CTAGCGGTCTGTTTAC-1	Oligo
CTAGGATAGGCAGTGT-1	Oligo
CTAGGATCAAGCCCTG-1	Oligo
CTAGGATCACTCAGCG-1	Oligo
CTAGGATCAGTTCGGC-1	Oligo
CTAGGATTCAATCGTG-1	Oligo
CTAGGATTCCACACCT-1	Oligo
CTAGGGCAGACCCATT-1	Oligo
CTAGGGCAGGATCCTT-1	Oligo
CTAGGGCAGGCCAGTA-1	Oligo
CTAGGGCAGGGAGATA-1	Oligo
CTAGGGCCACGCTGTG-1	Oligo
CTAGGGCCAGTTCGGC-1	Oligo
CTAGGGCCATCACAGT-1	Oligo
CTAGGGCCATGCCTTC-1	Oligo
CTAGGGCGTCAATCCA-1	Oligo
CTAGGGCGTGGAAAGA-1	Oligo
CTAGGGCTCGGACGAA-1	Oligo
CTCAACCAGATACCAA-1	Oligo
CTCAACCAGCAACGGT-1	Oligo
CTCAACCAGCCATCAT-1	Oligo
CTCAACCCAAACCTAC-1	Oligo
CTCAACCCAACTTGGT-1	Oligo
CTCAACCCATGCGACC-1	Oligo
CTCAACCCATTATGGC-1	Oligo
CTCAACCGTACGGATG-1	Oligo
CTCAACCGTGTCCAGC-1	Oligo
CTCAACCGTTCCAGTA-1	Oligo
CTCAACCGTTCTTATC-1	Oligo
CTCAACCGTTTCGATG-1	Oligo
CTCAACCGTTTGCGAT-1	Oligo
CTCAACCTCAAGGCCC-1	Oligo
CTCAACCTCAGTACAC-1	Oligo
CTCACCAAGACAGCTG-1	Oligo
CTCACCAAGCTATCCA-1	Oligo
CTCACCAAGGATTGAT-1	Oligo
CTCACCAAGGTCTTGT-1	Oligo
CTCACCACACGGTTAT-1	Oligo
CTCACCACATTCACGA-1	Oligo
CTCACCAGTATGAAGT-1	Oligo
CTCACCAGTTACCCAA-1	Oligo
CTCACCAGTTGGGAAC-1	Oligo
CTCACCATCAGAACGG-1	Oligo
CTCACCATCGTGAGTT-1	Oligo
CTCACCATCTCTCAAT-1	Oligo
CTCACCATCTGTGTGA-1	Oligo
CTCAGAAAGAGGAAGT-1	Oligo
CTCAGAAAGATATGAC-1	Oligo
CTCAGAAAGGGTCTGA-1	Oligo
CTCAGAAAGTTGAATG-1	Oligo
CTCAGAAGTGTTAGAA-1	Oligo
CTCAGAAGTTCCTATT-1	Oligo
CTCAGAATCCCACGGA-1	Oligo
CTCAGAATCGATCTTT-1	Oligo
CTCAGCTAGAATACTG-1	Oligo
CTCAGCTAGGAGTACC-1	Oligo
CTCAGCTGTAAGTGCG-1	Oligo
CTCAGCTTCACCACAA-1	Oligo
CTCATGCAGAGTAAGG-1	Oligo
CTCATGCAGTGTGTAA-1	Oligo
CTCATGCCAAGCGGTA-1	Oligo
CTCATGCCACTACACA-1	Oligo
CTCATGCTCGAACCGC-1	Oligo
CTCATGCTCGTCCCTA-1	Oligo
CTCATGCTCTAAGGTC-1	Oligo
CTCCCAAAGGTAGGAA-1	Oligo
CTCCCAAAGGTGAACC-1	Oligo
CTCCCAACAACACGGA-1	Oligo
CTCCCAACAACTGCGC-1	Oligo
CTCCCAACAGATTTGC-1	Oligo
CTCCCAACAGGGCTTC-1	Oligo
CTCCCAACATTAACGC-1	Oligo
CTCCCAAGTAGCGAGT-1	Oligo
CTCCCAAGTTGTCGGC-1	Oligo
CTCCCAATCCCGATTC-1	Oligo
CTCCCAATCGGTTGTA-1	Oligo
CTCGCTAAGTATCTGC-1	Oligo
CTCGCTAGTTTCGATG-1	Oligo
CTCGCTAGTTTCTTAC-1	Oligo
CTCGCTATCCATAGGT-1	Oligo
CTCGCTATCGCTATTT-1	Oligo
CTCGCTATCGTGAACT-1	Oligo
CTCGCTATCTCTATCA-1	Oligo
CTCGCTATCTGGTACA-1	Oligo
CTCTACGAGTCTGCTA-1	Oligo
CTCTACGCACGATTAC-1	Oligo
CTCTACGGTCAAATCC-1	Oligo
CTCTACGGTCACTCTC-1	Oligo
CTCTACGGTCTGGTTA-1	Oligo
CTCTACGGTTGAATAG-1	Oligo
CTCTACGGTTTGTAGC-1	Oligo
CTCTACGTCTCTGCAC-1	Oligo
CTCTACGTCTTAGTGG-1	Oligo
CTCTAGCAGCGGACAT-1	Oligo
CTCTAGCAGGGTTCTT-1	Oligo
CTCTAGCCATTTGGCA-1	Oligo
CTCTAGCGTACATGGG-1	Oligo
CTCTAGCGTCGATTAC-1	Oligo
CTCTAGCGTTTGGATC-1	Oligo
CTCTAGCTCAGTGGTT-1	Oligo
CTCTAGCTCGAGAAGC-1	Oligo
CTCTAGCTCGGTCTAA-1	Oligo
CTCTAGCTCTACCCGT-1	Oligo
CTCTCAGAGAGGCCTA-1	Oligo
CTCTCAGAGCTAGCAG-1	Oligo
CTCTCAGAGGATGTCG-1	Oligo
CTCTCAGCAAACCCTA-1	Oligo
CTCTCAGCAGAACAGC-1	Oligo
CTCTCAGCATCTCTCG-1	Oligo
CTCTCAGGTAGTTTGC-1	Oligo
CTCTCAGGTGAGCTAG-1	Oligo
CTCTCAGTCCCACGGA-1	Oligo
CTCTCAGTCTTGTCGC-1	Oligo
CTCTCGAAGTGTCCCG-1	Oligo
CTCTCGAGTTTGTACG-1	Oligo
CTCTCGATCGGGATCC-1	Oligo
CTCTCGATCGGTGATT-1	Oligo
CTGAATGAGAAGGGCG-1	Oligo
CTGAATGAGAGGAAGT-1	Oligo
CTGAATGAGTCCGATT-1	Oligo
CTGAATGGTAGACACG-1	Oligo
CTGAATGGTCTGGTTA-1	Oligo
CTGAATGGTGCTGTGC-1	Oligo
CTGCGTTAGGATGCCA-1	Oligo
CTGCGTTTCGGTCTCT-1	Oligo
CTGCTCAAGATGTTGA-1	Oligo
CTGCTCACAACTCAAC-1	Oligo
CTGCTCAGTGATAAGT-1	Oligo
CTGCTCAGTGCTTACA-1	Oligo
CTGCTCATCGGTTGTA-1	Oligo
CTGGCAGAGCTACGTT-1	Oligo
CTGGCAGAGGTTCGTT-1	Oligo
CTGGCAGCAGCAGGTA-1	Oligo
CTGGCAGGTGTCCTTC-1	Oligo
CTGGCAGTCGATATGC-1	Oligo
CTGGGACCAAGACTAA-1	Oligo
CTGGGACGTAGTATCC-1	Oligo
CTGGGACGTTTGAAGA-1	Oligo
CTGTATTAGGCGACTA-1	Oligo
CTGTATTAGGCTAAAT-1	Oligo
CTGTATTAGTCCCGCA-1	Oligo
CTGTATTAGTTACCAC-1	Oligo
CTGTATTCACGGTTAT-1	Oligo
CTGTATTGTCATTGGT-1	Oligo
CTGTATTGTCGTAATC-1	Oligo
CTGTATTGTGACGCAA-1	Oligo
CTGTATTGTTTCAGCA-1	Oligo
CTGTATTTCTCTGTTA-1	Oligo
CTGTATTTCTGTCGGG-1	Oligo
CTGTTCGAGGAGTACC-1	Oligo
CTGTTCGAGTAGGAAG-1	Oligo
CTGTTCGAGTCGATAA-1	Oligo
CTGTTCGCAACGTAGG-1	Oligo
CTGTTCGCAACGTCCG-1	Oligo
CTGTTCGCACTTACAG-1	Oligo
CTGTTCGCATGACTGT-1	Oligo
CTGTTCGCATGGTTTG-1	Oligo
CTGTTCGGTTTGAAGA-1	Oligo
CTGTTCGTCAGGAATA-1	Oligo
CTGTTCGTCGGAAAGC-1	Oligo
CTTAATCAGATGCGAC-1	Oligo
CTTAATCAGCGTCAAG-1	Oligo
CTTAATCAGTAGTTCC-1	Oligo
CTTAATCCAACAACTC-1	Oligo
CTTAATCCAGGGCTTC-1	Oligo
CTTAATCCATGGGTGA-1	Oligo
CTTAATCGTAACGGAC-1	Oligo
CTTAATCGTGCCGGTT-1	Oligo
CTTAATCGTTACCCAA-1	Oligo
CTTAATCTCGTCCCTA-1	Oligo
CTTCCAGAGCGCATTT-1	Oligo
CTTCCAGAGGAGACTC-1	Oligo
CTTCCAGAGTGTCACT-1	Oligo
CTTCCAGAGTTCAAGA-1	Oligo
CTTCCAGCACCCTTAC-1	Oligo
CTTCCAGCAGGGTACA-1	Oligo
CTTCCAGTCTCTGACC-1	Oligo
CTTCCAGTCTGATCCC-1	Oligo
CTTCTAAAGGAAACTT-1	Oligo
CTTCTAAAGTAGTTCC-1	Oligo
CTTCTAAAGTGCTGAG-1	Oligo
CTTCTAACAAAGCTTC-1	Oligo
CTTCTAACACCTGGTG-1	Oligo
CTTCTAACAGCCACGT-1	Oligo
CTTCTAACAGTATCTG-1	Oligo
CTTCTAAGTAACGGAC-1	Oligo
CTTCTAAGTAGCCATT-1	Oligo
CTTCTAAGTAGGTGAC-1	Oligo
CTTCTAAGTTACTTTC-1	Oligo
CTTCTAAGTTAGAGAT-1	Oligo
CTTCTAATCAGGCGCT-1	Oligo
CTTGAAGAGACCTATC-1	Oligo
CTTGAAGAGCCAGAAC-1	Oligo
CTTGAAGCACGCGATC-1	Oligo
CTTGAAGCACTGTCAA-1	Oligo
CTTGAAGCACTTACAG-1	Oligo
CTTGAAGCATCCGTAA-1	Oligo
CTTGAAGCATGGATGG-1	Oligo
CTTGAAGCATTGAACC-1	Oligo
CTTGAAGGTAACATAG-1	Oligo
CTTGAAGGTTCACGTA-1	Oligo
CTTGCCAAGACACGGT-1	Oligo
CTTGCCAAGGCCAGTA-1	Oligo
CTTGCCAAGTAGTCGG-1	Oligo
CTTGCCACAAGCCTTA-1	Oligo
CTTGCCACACTCGGAC-1	Oligo
CTTGCCACATGTAGAA-1	Oligo
CTTGCCATCCATCATT-1	Oligo
CTTGCCATCCGTTAGA-1	Oligo
CTTGCCATCCTATCCG-1	Oligo
CTTGCCATCGGCATAT-1	Oligo
CTTGCTGAGAGCAGCT-1	Oligo
CTTGCTGAGAGGCCTA-1	Oligo
CTTGCTGAGCCAGAAC-1	Oligo
CTTGCTGAGGCCAATG-1	Oligo
CTTGCTGAGTCGTACT-1	Oligo
CTTGCTGCACTGCTTC-1	Oligo
CTTGCTGCAGGATGTG-1	Oligo
CTTGCTGCATACCCGG-1	Oligo
CTTGCTGCATGTCCCT-1	Oligo
CTTGCTGGTCAGCTTA-1	Oligo
CTTGCTGGTGAATGTA-1	Oligo
CTTGCTGGTGGATTTC-1	Oligo
CTTGCTGTCCCATAGA-1	Oligo
CTTGCTGTCCTGTGGG-1	Oligo
CTTGTCGAGTTGCCGC-1	Oligo
CTTGTCGCAACGGGTA-1	Oligo
CTTGTCGGTCCTCAGG-1	Oligo
CTTGTCGGTGGCCTTG-1	Oligo
CTTTGCGAGATGTTGA-1	Oligo
CTTTGCGAGGGAAGCG-1	Oligo
CTTTGCGAGGTAGGAA-1	Oligo
CTTTGCGCAATCAGGG-1	Oligo
CTTTGCGCAATGGTAA-1	Oligo
CTTTGCGCACATCATG-1	Oligo
CTTTGCGCAGGGCTTC-1	Oligo
CTTTGCGCAGTAAGAT-1	Oligo
CTTTGCGGTGTGACCC-1	Oligo
CTTTGCGGTTTAGACC-1	Oligo
CTTTGCGTCCGAATTG-1	Oligo
CTTTGCGTCTCTTCCT-1	Oligo
GAAACAACACGATTAC-1	Oligo
GAAACAACATCCTCGT-1	Oligo
GAAACAAGTAAAGGCC-1	Oligo
GAAACAAGTCCGCTTT-1	Oligo
GAAACAAGTCTGAGCC-1	Oligo
GAAACAAGTGTACGCC-1	Oligo
GAAACAATCGATAGCT-1	Oligo
GAAAGTAAGATCTAAG-1	Oligo
GAAAGTAAGGCAATTA-1	Oligo
GAAAGTACAACAACTC-1	Oligo
GAAAGTACAACTGCGC-1	Oligo
GAAAGTACATGGGTGA-1	Oligo
GAAAGTAGTGATTCCA-1	Oligo
GAAAGTAGTGTACGCC-1	Oligo
GAAAGTATCTCTGTTA-1	Oligo
GAAAGTATCTTGTCAT-1	Oligo
GAAATGAAGTCACGCC-1	Oligo
GAAATGAAGTCCAGAG-1	Oligo
GAAATGACACCTGGTG-1	Oligo
GAAATGACACGGTTAT-1	Oligo
GAAATGACAGGCATTT-1	Oligo
GAAATGACATGGTAAA-1	Oligo
GAAATGAGTAGGTGAC-1	Oligo
GAAATGAGTATTTGCG-1	Oligo
GAAATGAGTGCCAAGA-1	Oligo
GAAATGATCTTGGCCT-1	Oligo
GAACCGCAGCGTATCT-1	Oligo
GAACCGCAGGTTTCTG-1	Oligo
GAACCGCCAAGTAATG-1	Oligo
GAACCGCCACCCTTTG-1	Oligo
GAACCGCCAGTAGGCA-1	Oligo
GAACCGCGTATCTGCA-1	Oligo
GAACCTACAGATAAGT-1	Oligo
GAACCTAGTCAGACGA-1	Oligo
GAACCTAGTGAGGTCA-1	Oligo
GAACCTATCGCAACTA-1	Oligo
GAACCTATCGGTCGAC-1	Oligo
GAACGTTAGGAGTAGA-1	Oligo
GAACGTTAGTCTCCAA-1	Oligo
GAACGTTCATCCCTCA-1	Oligo
GAACGTTCATTTCACT-1	Oligo
GAACGTTGTCCGTGCA-1	Oligo
GAACGTTTCCTAAGTG-1	Oligo
GAACTTGCACGAACGA-1	Oligo
GAACTTGCATACAACC-1	Oligo
GAACTTGTCCAGTTAG-1	Oligo
GAACTTGTCGCTCTAC-1	Oligo
GAACTTGTCTGACTTT-1	Oligo
GAACTTGTCTTTCGAT-1	Oligo
GAAGAGCAGATCGCCC-1	Oligo
GAAGAGCAGTGATTAG-1	Oligo
GAAGAGCGTAGGGTCA-1	Oligo
GAAGAGCGTCAACGGA-1	Oligo
GAAGAGCGTTCTTATC-1	Oligo
GAAGAGCTCTCCACTG-1	Oligo
GAAGAGCTCTGTGTGA-1	Oligo
GAAGAGCTCTTCATAC-1	Oligo
GAAGTCTCAACTACTG-1	Oligo
GAAGTCTCACAACGGA-1	Oligo
GAAGTCTGTCGTAGTT-1	Oligo
GAAGTCTGTGCTAGTT-1	Oligo
GAAGTCTTCAGGAAGC-1	Oligo
GAAGTCTTCGGTTGTA-1	Oligo
GAAGTCTTCTTTATCG-1	Oligo
GAAGTGGAGCCCATGC-1	Oligo
GAAGTGGAGGGTAATT-1	Oligo
GAAGTGGCAATTGCCA-1	Oligo
GAAGTGGCAGCGTACC-1	Oligo
GAAGTGGCATCAGCTA-1	Oligo
GAAGTGGCATTCCCGT-1	Oligo
GAAGTGGGTAAGTCTC-1	Oligo
GAAGTGGGTCAATCCA-1	Oligo
GAAGTGGGTCATGAGG-1	Oligo
GAAGTGGGTTACGGAG-1	Oligo
GAAGTGGTCAAGAGAT-1	Oligo
GAATCTGAGAACGTCG-1	Oligo
GAATCTGAGTGAAGGA-1	Oligo
GAATCTGCAGGATAGC-1	Oligo
GAATCTGCATTGCACA-1	Oligo
GAATCTGGTACTAGAA-1	Oligo
GAATCTGGTCCACCAG-1	Oligo
GAATCTGGTGTAGGAC-1	Oligo
GAATCTGGTTTCCTAT-1	Oligo
GAATCTGGTTTGTCTT-1	Oligo
GAATCTGTCGGGCTCA-1	Oligo
GACCAATGTAGAAGCC-1	Oligo
GACCAATGTATCCCTC-1	Oligo
GACCAATGTGAGAGTC-1	Oligo
GACCAATGTTTGTGAC-1	Oligo
GACCAATTCGGTCGAC-1	Oligo
GACCCAGAGAATCAAC-1	Oligo
GACCCAGAGCGAGAAA-1	Oligo
GACCCAGCACTCGCAG-1	Oligo
GACCCAGCACTCGGAC-1	Oligo
GACCCAGCATCAGAAA-1	Oligo
GACCCAGCATGTAGAA-1	Oligo
GACCCAGGTATGCTAC-1	Oligo
GACCCAGGTCATCGTA-1	Oligo
GACCCAGGTCCGTCGA-1	Oligo
GACCCAGGTGTGAGGT-1	Oligo
GACCCAGGTTGAAGCG-1	Oligo
GACCCAGTCAGAACGG-1	Oligo
GACCCAGTCCCATAGA-1	Oligo
GACCCAGTCGCCTTAC-1	Oligo
GACCCAGTCGCGATGC-1	Oligo
GACCCAGTCTGACTTT-1	Oligo
GACCGACAGACCAATA-1	Oligo
GACCGACCAATGCATC-1	Oligo
GACCGACCACTGGGCT-1	Oligo
GACCGACGTCGAGAAC-1	Oligo
GACCGACGTGTGTGTT-1	Oligo
GACCTTCAGGCTTTAC-1	Oligo
GACCTTCAGGTCTTGT-1	Oligo
GACCTTCAGTCCGGAA-1	Oligo
GACCTTCCAAACGACG-1	Oligo
GACCTTCCAACGTAGG-1	Oligo
GACCTTCCACTGTTAG-1	Oligo
GACCTTCCATTCACGA-1	Oligo
GACCTTCCATTCCCGT-1	Oligo
GACCTTCTCGCAAGCC-1	Oligo
GACCTTCTCGTTGTAG-1	Oligo
GACTAACAGAAATTCG-1	Oligo
GACTAACAGTATCTGC-1	Oligo
GACTAACCACTTTGGA-1	Oligo
GACTAACGTACGTAAA-1	Oligo
GACTAACGTGCCAAGA-1	Oligo
GACTAACGTTGGGAAC-1	Oligo
GACTAACTCCGTCAAA-1	Oligo
GACTAACTCGCGATGC-1	Oligo
GACTAACTCGGATAGG-1	Oligo
GACTAACTCGTTCAGA-1	Oligo
GACTAGTCAAGATTAG-1	Oligo
GACTAGTGTATTCACG-1	Oligo
GAGAACGAGAATGCTA-1	Oligo
GAGAACGCAACTCGAT-1	Oligo
GAGAACGCATTTGGTG-1	Oligo
GAGAACGGTAACGGTG-1	Oligo
GAGAACGGTCCGTGCA-1	Oligo
GAGAACGTCATTCGGA-1	Oligo
GAGAACGTCCACGAGC-1	Oligo
GAGAACGTCTAAACGC-1	Oligo
GAGAACGTCTTAATCC-1	Oligo
GAGACTTAGACTAATG-1	Oligo
GAGACTTAGGCACTAG-1	Oligo
GAGACTTAGTCCAGAG-1	Oligo
GAGACTTCACATTGCA-1	Oligo
GAGACTTCACTAAACC-1	Oligo
GAGACTTCAGCTGATT-1	Oligo
GAGACTTCAGGATAGC-1	Oligo
GAGACTTGTCCAACCG-1	Oligo
GAGACTTGTCTGAGCC-1	Oligo
GAGACTTGTGATCAGG-1	Oligo
GAGACTTGTGGTAGAC-1	Oligo
GAGACTTTCGACTCGG-1	Oligo
GAGACTTTCGGAAAGC-1	Oligo
GAGACTTTCGTGGTAT-1	Oligo
GAGATTCAGCTAGCAG-1	Oligo
GAGATTCAGGCCAGTA-1	Oligo
GAGATTCAGGCCTAAG-1	Oligo
GAGATTCCAACTCGAT-1	Oligo
GAGATTCCACACATTG-1	Oligo
GAGATTCGTATGGGTG-1	Oligo
GAGATTCGTGCGTGTC-1	Oligo
GAGATTCTCCCTACGT-1	Oligo
GAGCATTAGCGCCTAC-1	Oligo
GAGCATTGTAGGTGAC-1	Oligo
GAGCATTGTATCACAC-1	Oligo
GAGCATTGTTAGAGAT-1	Oligo
GAGCATTTCAGGAAGC-1	Oligo
GAGCATTTCCTCATTA-1	Oligo
GAGCATTTCGCATACA-1	Oligo
GAGCGCTAGGCCTAAG-1	Oligo
GAGCGCTAGTTCAACC-1	Oligo
GAGCGCTCACCTCGTT-1	Oligo
GAGCGCTCACCTGGTG-1	Oligo
GAGCGCTCAGAGTCGA-1	Oligo
GAGCGCTCATAGATAG-1	Oligo
GAGCGCTCATTAAGGA-1	Oligo
GAGCGCTGTACGCCCA-1	Oligo
GAGCGCTTCATGCTTT-1	Oligo
GAGCGCTTCCCAATAG-1	Oligo
GAGGATGAGCAATGTA-1	Oligo
GAGGATGAGCCATCAT-1	Oligo
GAGGATGAGCTTTCCC-1	Oligo
GAGGATGCAACGTAGG-1	Oligo
GAGGATGCAACTCCCT-1	Oligo
GAGGATGCACGCTAAT-1	Oligo
GAGGATGCACTGGGCT-1	Oligo
GAGGATGCATGATCGT-1	Oligo
GAGGATGGTTTGTACG-1	Oligo
GAGGATGTCGAGTGTT-1	Oligo
GAGGCTCAGACCCATT-1	Oligo
GAGGCTCAGCCGCTGT-1	Oligo
GAGGCTCAGGCCAGTA-1	Oligo
GAGGCTCAGTGTAATG-1	Oligo
GAGGCTCCACAGGAAC-1	Oligo
GAGGCTCCAGCACATT-1	Oligo
GAGGCTCGTACGCAAG-1	Oligo
GAGGCTCGTGCGTAGA-1	Oligo
GAGGCTCGTTCTTAGG-1	Oligo
GAGGCTCTCTTTATCG-1	Oligo
GAGGTCCAGAAGGGCG-1	Oligo
GAGGTCCCAACGCAAG-1	Oligo
GAGGTCCCACATCATG-1	Oligo
GAGGTCCCAGAACGAC-1	Oligo
GAGGTCCCAGCAGGTA-1	Oligo
GAGGTCCCATAAAGTG-1	Oligo
GAGGTCCCATCAACTG-1	Oligo
GAGGTCCGTGGAAAGA-1	Oligo
GAGGTCCTCCTCAAGA-1	Oligo
GAGTGAGAGAGCGAAA-1	Oligo
GAGTGAGAGCAGGACT-1	Oligo
GAGTGAGAGCCCATTA-1	Oligo
GAGTGAGAGCGCATTT-1	Oligo
GAGTGAGCAACTGCGC-1	Oligo
GAGTGAGCAGGTCTGC-1	Oligo
GAGTGAGCATTAAGGA-1	Oligo
GAGTGAGGTAATGTAG-1	Oligo
GAGTGAGGTAGATTAG-1	Oligo
GAGTGAGGTAGGGTCA-1	Oligo
GAGTGAGGTCAACTGT-1	Oligo
GAGTGAGGTCTCAAAC-1	Oligo
GAGTGAGTCACCGCGA-1	Oligo
GAGTGAGTCCGTGCGA-1	Oligo
GATCATGCAATGATGA-1	Oligo
GATCATGCAGGTAGCA-1	Oligo
GATCATGCATTACACG-1	Oligo
GATCATGCATTTCTTG-1	Oligo
GATCATGGTCTGGGCT-1	Oligo
GATCATGTCATACTTC-1	Oligo
GATCATGTCCAATAGC-1	Oligo
GATCATGTCTCGACCT-1	Oligo
GATCGTAAGTTGCGCC-1	Oligo
GATCGTACAAAGCATA-1	Oligo
GATCGTACAAGCCAGA-1	Oligo
GATCGTACACTGCTTC-1	Oligo
GATCGTACAGGGTAAC-1	Oligo
GATCGTACATCTGCAA-1	Oligo
GATCGTACATTCACCC-1	Oligo
GATCGTATCCAGGTAT-1	Oligo
GATCGTATCTCGACAA-1	Oligo
GATGATCAGTAGACCG-1	Oligo
GATGATCCAAAGCTGG-1	Oligo
GATGATCCACTAAACC-1	Oligo
GATGATCCATGGCCTG-1	Oligo
GATGATCGTAGCGAGT-1	Oligo
GATGATCGTCTGGGCT-1	Oligo
GATGATCTCAAAGTAG-1	Oligo
GATGATCTCACCGCGA-1	Oligo
GATGATCTCTACCCGT-1	Oligo
GATGGCCAGAGGAATG-1	Oligo
GATGGCCAGGCCAATG-1	Oligo
GATGGCCAGGGCATTG-1	Oligo
GATGGCCAGGGTCTGA-1	Oligo
GATGGCCAGTGATCTC-1	Oligo
GATGGCCAGTTCCCGG-1	Oligo
GATGGCCCACCTTGTC-1	Oligo
GATGGCCCATCACAAC-1	Oligo
GATGGCCCATCCTCGT-1	Oligo
GATGGCCGTGGAAGCT-1	Oligo
GATGGCCGTTTAGAAG-1	Oligo
GATGGCCTCCTCATTA-1	Oligo
GATGGCCTCTTCTCTC-1	Oligo
GATTAGCAGTTGCGCC-1	Oligo
GATTAGCCAAACGACG-1	Oligo
GATTAGCCAACGTCCG-1	Oligo
GATTAGCGTAGGTAAT-1	Oligo
GATTAGCTCATTCATC-1	Oligo
GATTAGCTCCGCTATC-1	Oligo
GATTAGCTCTGGGCGT-1	Oligo
GATTGACAGAACCCGA-1	Oligo
GATTGACAGCAAGGTC-1	Oligo
GATTGACAGCTTACCA-1	Oligo
GATTGACCACACATGT-1	Oligo
GATTGACCACTGGGCT-1	Oligo
GATTGACCAGCCACGT-1	Oligo
GATTGACGTAACGTAA-1	Oligo
GATTGACGTACGGATG-1	Oligo
GATTGACGTGCTGGCT-1	Oligo
GATTGACTCCGGAAAG-1	Oligo
GCAAAGGAGTGAGTTA-1	Oligo
GCAAAGGAGTTGCCGC-1	Oligo
GCAAAGGCACACACCG-1	Oligo
GCAAAGGCACGCGTTG-1	Oligo
GCAAAGGCATCCCTTG-1	Oligo
GCAAAGGCATGTGAGG-1	Oligo
GCAAAGGGTCTGCACG-1	Oligo
GCAAAGGGTGAGGTCA-1	Oligo
GCAAAGGGTGCACATT-1	Oligo
GCAAAGGTCACAACAC-1	Oligo
GCAACCGAGACACTTC-1	Oligo
GCAACCGAGTCTCCAA-1	Oligo
GCAACCGCAAATAGTG-1	Oligo
GCAACCGCAAATGTCC-1	Oligo
GCAACCGCAAGGAGTC-1	Oligo
GCAACCGCAAGGATGC-1	Oligo
GCAACCGCACCTACCT-1	Oligo
GCAACCGGTAACGGAC-1	Oligo
GCAACCGGTCAGAAGC-1	Oligo
GCAACCGGTCGAGAAC-1	Oligo
GCAACCGTCAGTGGTT-1	Oligo
GCACCTTAGCCATTCA-1	Oligo
GCACCTTCAAGCCCTG-1	Oligo
GCACCTTGTACCAAGG-1	Oligo
GCACCTTGTAGGGTCA-1	Oligo
GCACCTTGTCAGTGTT-1	Oligo
GCACCTTGTGCTGAAG-1	Oligo
GCACCTTGTGTTAGAA-1	Oligo
GCACCTTTCGCCTTAC-1	Oligo
GCACGCAAGTTAGCGG-1	Oligo
GCACGCAAGTTCAGGG-1	Oligo
GCACGCACATAGCCAT-1	Oligo
GCACGCACATTCTTTG-1	Oligo
GCACGCAGTAGAACGC-1	Oligo
GCACGCAGTGCACATT-1	Oligo
GCACGCATCCCACTTG-1	Oligo
GCACGGTAGACCATAA-1	Oligo
GCACGGTAGCCTCGCA-1	Oligo
GCACGGTAGCGAATAT-1	Oligo
GCACGGTAGCTGCCAC-1	Oligo
GCACGGTAGGATTAAC-1	Oligo
GCACGGTAGTGATCTC-1	Oligo
GCACGGTCAACAACTC-1	Oligo
GCACGGTCATGGTTTG-1	Oligo
GCACGGTGTACATGGG-1	Oligo
GCACGGTTCTGAGTCA-1	Oligo
GCAGATTAGGCAGTGT-1	Oligo
GCAGATTCAAACCTAC-1	Oligo
GCAGATTCAATTCAGC-1	Oligo
GCAGATTCAGAAGTGC-1	Oligo
GCAGATTCATTATGGC-1	Oligo
GCAGATTGTCAGGTGA-1	Oligo
GCAGATTGTGGTTCTA-1	Oligo
GCAGATTGTTACACTG-1	Oligo
GCAGATTTCCCACGGA-1	Oligo
GCAGCCAAGAACGTCG-1	Oligo
GCAGCCAAGGCTCAGA-1	Oligo
GCAGCCACAATGTGCT-1	Oligo
GCAGCCACAGTCAGAG-1	Oligo
GCAGCCACATGACTGT-1	Oligo
GCAGCCAGTATGGGTG-1	Oligo
GCAGCCAGTCTGAGCC-1	Oligo
GCAGCCAGTTCCGCGA-1	Oligo
GCAGCCATCCAAGAGG-1	Oligo
GCAGCCATCCCTATTA-1	Oligo
GCAGCCATCCGTGCAG-1	Oligo
GCAGCCATCCTTTGCG-1	Oligo
GCAGCCATCGTTCCGT-1	Oligo
GCAGCTGAGAGTGGAA-1	Oligo
GCAGCTGAGTATACCC-1	Oligo
GCAGCTGGTACGAGAC-1	Oligo
GCAGCTGGTACGGTTT-1	Oligo
GCAGCTGGTGTGAGGT-1	Oligo
GCATGATAGTTACACC-1	Oligo
GCATGATCAACGTACT-1	Oligo
GCATGATCAAGACACG-1	Oligo
GCATGATCACTGTCGG-1	Oligo
GCATGATGTAGGGTTG-1	Oligo
GCATGATGTGATTCCA-1	Oligo
GCATTCCAGGGACGTT-1	Oligo
GCATTCCAGTTGCGCC-1	Oligo
GCATTCCCATCGACCG-1	Oligo
GCATTCCCATGGCCCA-1	Oligo
GCATTCCGTACCGGCT-1	Oligo
GCATTCCGTGTGCTTA-1	Oligo
GCATTCCTCTTTATCG-1	Oligo
GCATTGAAGCGTAGCA-1	Oligo
GCATTGAAGGATTAAC-1	Oligo
GCATTGAAGGGAGATA-1	Oligo
GCATTGACATTGCACA-1	Oligo
GCATTGAGTTCCAGTA-1	Oligo
GCCAGACAGGAGAACA-1	Oligo
GCCAGACAGGCAAGCT-1	Oligo
GCCAGACAGTTCCCGG-1	Oligo
GCCAGACCATTCCCGT-1	Oligo
GCCAGACCATTGCCTC-1	Oligo
GCCAGACCATTTCACT-1	Oligo
GCCAGACGTAGGTCTT-1	Oligo
GCCAGACTCCCGATTC-1	Oligo
GCCAGCAAGTCGACCC-1	Oligo
GCCAGCAAGTTAGCGG-1	Oligo
GCCAGCACAACCTCTC-1	Oligo
GCCAGCAGTCGATAGG-1	Oligo
GCCAGCAGTTGCAGCC-1	Oligo
GCCAGCATCCACGAGC-1	Oligo
GCCATAAAGAGGAATG-1	Oligo
GCCATAAAGAGTCCGA-1	Oligo
GCCATAAAGCGATACG-1	Oligo
GCCATAAAGTAGACCG-1	Oligo
GCCATAACATGCGACC-1	Oligo
GCCATAAGTAATGTAG-1	Oligo
GCCATAAGTAGTCCAT-1	Oligo
GCCATAAGTCCCTAAA-1	Oligo
GCCATAATCAGTCAAC-1	Oligo
GCCATAATCATCGCCT-1	Oligo
GCCATAATCCATAACG-1	Oligo
GCCATAATCTCGGCGA-1	Oligo
GCCCAGAAGCGATACG-1	Oligo
GCCCAGAGTAGCGTTT-1	Oligo
GCCCAGAGTCCCTAAA-1	Oligo
GCCCAGAGTCTGTGTA-1	Oligo
GCCCAGAGTGTACGCC-1	Oligo
GCCCAGATCCCGGGTA-1	Oligo
GCCCAGATCGAGAACG-1	Oligo
GCCCGAAAGTTATGAG-1	Oligo
GCCCGAACACTGATTG-1	Oligo
GCCCGAACACTGTTAG-1	Oligo
GCCCGAACAGAAAGAG-1	Oligo
GCCCGAACATCACAAC-1	Oligo
GCCCGAACATCGGCTG-1	Oligo
GCCCGAAGTTAAGGGC-1	Oligo
GCCCGAAGTTACCACA-1	Oligo
GCCCGAATCCAAACCA-1	Oligo
GCCCGAATCTGGCACG-1	Oligo
GCCTACTAGTTATGAG-1	Oligo
GCCTACTCAACTACTG-1	Oligo
GCCTACTCAGCAGGTA-1	Oligo
GCCTACTGTGATTCCA-1	Oligo
GCCTACTTCAGGAATA-1	Oligo
GCCTACTTCAGGTTTG-1	Oligo
GCCTACTTCTATTTCG-1	Oligo
GCCTAGGAGAGAGGTA-1	Oligo
GCCTAGGAGCAACTGG-1	Oligo
GCCTAGGAGGCTCCTG-1	Oligo
GCCTAGGCATAGAATG-1	Oligo
GCCTAGGGTACAACGG-1	Oligo
GCCTAGGGTCACTCTC-1	Oligo
GCCTAGGGTGTAGGAC-1	Oligo
GCCTAGGGTTTGTAGC-1	Oligo
GCGAGAAAGACTTCCA-1	Oligo
GCGAGAAAGAGACTCG-1	Oligo
GCGAGAAAGAGTAAGG-1	Oligo
GCGAGAACAAGGATGC-1	Oligo
GCGAGAACAGAGAGAA-1	Oligo
GCGAGAACATGCCCTT-1	Oligo
GCGAGAAGTACGGTTT-1	Oligo
GCGAGAAGTCAACTAC-1	Oligo
GCGAGAAGTGCACCCA-1	Oligo
GCGAGAAGTGTTGGTT-1	Oligo
GCGAGAATCGGATGTT-1	Oligo
GCGAGTCAGAAATGGG-1	Oligo
GCGAGTCAGGATATCA-1	Oligo
GCGAGTCAGTTGACAA-1	Oligo
GCGAGTCCAACTACTG-1	Oligo
GCGAGTCCAATAGCGG-1	Oligo
GCGAGTCGTACTTCGA-1	Oligo
GCGAGTCTCCCGGGTA-1	Oligo
GCGAGTCTCTTACCTA-1	Oligo
GCGATCGAGGGTGTTG-1	Oligo
GCGATCGAGTGAACCG-1	Oligo
GCGATCGCAAGTCTCA-1	Oligo
GCGATCGCACACTAGT-1	Oligo
GCGATCGGTCTAAAGA-1	Oligo
GCGATCGGTGTGCGTC-1	Oligo
GCGATCGTCTCGCGGA-1	Oligo
GCGATTAAGCGTCAAG-1	Oligo
GCGATTACAGATTAAG-1	Oligo
GCGATTATCACATTCT-1	Oligo
GCGATTATCGAGAAGC-1	Oligo
GCGCATGAGCCGCAAA-1	Oligo
GCGCATGAGTCGAAAT-1	Oligo
GCGCATGCAAGGCGTA-1	Oligo
GCGCATGCAGGCACAA-1	Oligo
GCGCATGGTCGAGGTA-1	Oligo
GCGCATGGTCGCTAGC-1	Oligo
GCGCATGGTGATAAGT-1	Oligo
GCGCATGGTGTCGGTC-1	Oligo
GCGCATGTCGAGTGTT-1	Oligo
GCGCCAACAACTCGTA-1	Oligo
GCGCCAACATAGCAGG-1	Oligo
GCGCCAAGTACCCACG-1	Oligo
GCGCCAAGTCAAGACG-1	Oligo
GCGCCAAGTGCCCAGT-1	Oligo
GCGCCAAGTTTCGTTT-1	Oligo
GCGCCAATCAGGAATA-1	Oligo
GCGCCAATCGTTCCGT-1	Oligo
GCGCCAATCTTGTCGC-1	Oligo
GCGGAAAAGAGTGGAA-1	Oligo
GCGGAAAAGTCGTACT-1	Oligo
GCGGAAACAAGTTGCT-1	Oligo
GCGGAAACACTCGCAG-1	Oligo
GCGGAAACATAGCCGC-1	Oligo
GCGGAAACATCCGTGG-1	Oligo
GCGGAAACATTTGTTC-1	Oligo
GCGGAAAGTATCCCTC-1	Oligo
GCGGAAAGTCAACTAC-1	Oligo
GCGGAAAGTCCAAGTT-1	Oligo
GCGGAAAGTGGACTGA-1	Oligo
GCGGAAAGTGGCGCTT-1	Oligo
GCGGAAAGTTTCAGCA-1	Oligo
GCGGAAAGTTTCTACT-1	Oligo
GCGGAAATCATGCTTT-1	Oligo
GCGGAAATCATGTTCT-1	Oligo
GCGGAAATCCGCTCTA-1	Oligo
GCGGGTTAGAATAGTC-1	Oligo
GCGGGTTAGAATGCTA-1	Oligo
GCGGGTTAGACAGTGC-1	Oligo
GCGGGTTCACGATATC-1	Oligo
GCGGGTTCACGATTAC-1	Oligo
GCGGGTTCATCGGCCA-1	Oligo
GCGGGTTGTCGATAGG-1	Oligo
GCGGGTTGTGGACTGA-1	Oligo
GCGGGTTGTTTGCCAA-1	Oligo
GCGGGTTTCGCTATTT-1	Oligo
GCGGGTTTCTTACGGA-1	Oligo
GCGGTGTAGAAGGGCG-1	Oligo
GCGGTGTAGGATGTCG-1	Oligo
GCGGTGTAGGGAGATA-1	Oligo
GCGGTGTCACAACGGA-1	Oligo
GCGGTGTGTGAGGTCA-1	Oligo
GCGGTGTGTGGCCTCA-1	Oligo
GCGGTGTGTGGGTAGT-1	Oligo
GCGGTGTGTTACGAAA-1	Oligo
GCGGTGTGTTCCAATG-1	Oligo
GCGGTGTTCTTGTCAT-1	Oligo
GCGTAGCAGACTAGCG-1	Oligo
GCGTAGCCATTCGTCC-1	Oligo
GCGTAGCGTATTCACG-1	Oligo
GCGTAGCGTATTGTCG-1	Oligo
GCGTAGCGTCTAACCA-1	Oligo
GCGTAGCGTTCATTTC-1	Oligo
GCGTAGCTCCATAGGT-1	Oligo
GCGTAGCTCCTGAAAC-1	Oligo
GCGTAGCTCTCGCGTT-1	Oligo
GCGTTGGAGAAATTCG-1	Oligo
GCGTTGGCACACACAT-1	Oligo
GCGTTGGCATCGCTAA-1	Oligo
GCGTTGGGTACGGATG-1	Oligo
GCGTTGGGTCAGAAAT-1	Oligo
GCGTTGGGTCCGCTTT-1	Oligo
GCGTTGGGTCGTAGTT-1	Oligo
GCGTTGGGTCTGAGCC-1	Oligo
GCGTTGGGTCTGGTCG-1	Oligo
GCGTTGGGTGGTAGAC-1	Oligo
GCGTTGGGTTACGAAA-1	Oligo
GCGTTGGTCCTGGGAC-1	Oligo
GCTCACTAGCGCAATG-1	Oligo
GCTCACTAGCTATCGT-1	Oligo
GCTCACTCAATTGTGC-1	Oligo
GCTCACTCACGTTGTA-1	Oligo
GCTCACTCACTCGCAG-1	Oligo
GCTCACTGTAACACTC-1	Oligo
GCTCACTTCGTGGGTC-1	Oligo
GCTCACTTCTGAAAGA-1	Oligo
GCTCAGGAGCTATCCA-1	Oligo
GCTCAGGAGGGTATCG-1	Oligo
GCTCAGGAGGGTTCCC-1	Oligo
GCTCAGGCAAACCTAC-1	Oligo
GCTCAGGCAGGTTATC-1	Oligo
GCTCAGGGTACGACCC-1	Oligo
GCTCAGGGTGTCCTTC-1	Oligo
GCTCAGGGTTCCGCGA-1	Oligo
GCTCAGGTCCATATCT-1	Oligo
GCTCAGGTCCTGACCT-1	Oligo
GCTCAGGTCGCTCGGA-1	Oligo
GCTCAGGTCGGTCTCT-1	Oligo
GCTCAGGTCTTGTCAT-1	Oligo
GCTCCTAAGGCGACTA-1	Oligo
GCTCCTACAATGGCAG-1	Oligo
GCTCCTACACCTGAAT-1	Oligo
GCTCCTAGTAGCGAGT-1	Oligo
GCTCCTAGTCATTGCA-1	Oligo
GCTCCTAGTGGATTCT-1	Oligo
GCTCCTAGTGTACGCC-1	Oligo
GCTCCTAGTTCAGTTG-1	Oligo
GCTCCTAGTTCCTATT-1	Oligo
GCTCCTATCAATTCCT-1	Oligo
GCTCCTATCCCAGCGA-1	Oligo
GCTCGAGAGCGCAATG-1	Oligo
GCTCGAGAGGGTCCCT-1	Oligo
GCTCGAGAGGTAAGCC-1	Oligo
GCTCGAGAGGTGAACC-1	Oligo
GCTCGAGAGTACGACG-1	Oligo
GCTCGAGAGTCCGTGC-1	Oligo
GCTCGAGAGTTCCCGG-1	Oligo
GCTCGAGCAACAACTC-1	Oligo
GCTCGAGCAAGGACCA-1	Oligo
GCTCGAGGTCTAAAGA-1	Oligo
GCTCGAGGTGCGTGTC-1	Oligo
GCTCGAGGTGTCGTCG-1	Oligo
GCTCGAGTCACCCTTG-1	Oligo
GCTCGAGTCCGAATTG-1	Oligo
GCTCGAGTCGCGTTCT-1	Oligo
GCTCGAGTCTCTGACC-1	Oligo
GCTGAGCCATCGGCTG-1	Oligo
GCTGAGCGTAACGGCA-1	Oligo
GCTGAGCGTAGAATAC-1	Oligo
GCTGAGCGTCCGCTTT-1	Oligo
GCTGAGCTCCCAATAG-1	Oligo
GCTGAGCTCCCACTAC-1	Oligo
GCTGAGCTCGCTGATA-1	Oligo
GCTGCGAAGCGTCAAG-1	Oligo
GCTGCGAAGGAAGACA-1	Oligo
GCTGCGAAGGGCTCTC-1	Oligo
GCTGCGAAGTCGTACT-1	Oligo
GCTGCGAAGTGTCGGA-1	Oligo
GCTGCGACAACTAGAA-1	Oligo
GCTGCGACAGATTTGC-1	Oligo
GCTGCGAGTATCCTTT-1	Oligo
GCTGCGAGTCAGACGA-1	Oligo
GCTGCGAGTCTCGGGT-1	Oligo
GCTGCGATCCAACGCG-1	Oligo
GCTGCGATCTCGACCT-1	Oligo
GCTGTTCAGCGCAATG-1	Oligo
GCTGTTCAGGCCAGTA-1	Oligo
GCTGTTCCAAACCCTA-1	Oligo
GCTGTTCGTATGCTAC-1	Oligo
GCTGTTCGTCAGACGA-1	Oligo
GCTGTTCTCACTGATG-1	Oligo
GCTGTTCTCTACCCGT-1	Oligo
GCTTAAGCAAATGTCC-1	Oligo
GCTTAAGCATTTCTTG-1	Oligo
GCTTAAGGTACCAAGG-1	Oligo
GCTTAAGGTCATAGAA-1	Oligo
GCTTAAGGTCCTTCAC-1	Oligo
GCTTAAGGTCTCGGGT-1	Oligo
GCTTAAGGTGCGACCT-1	Oligo
GCTTAAGTCCCGAAGC-1	Oligo
GCTTGCTAGCAATAAC-1	Oligo
GCTTGCTAGTAACATG-1	Oligo
GCTTGCTCAATCAGGG-1	Oligo
GCTTGCTCACAGGTAG-1	Oligo
GCTTGCTCATGTATCG-1	Oligo
GCTTGCTGTAGGGTCA-1	Oligo
GCTTGCTGTAGTCCAT-1	Oligo
GCTTGCTGTGAATGGC-1	Oligo
GCTTGCTTCCGGCTGA-1	Oligo
GCTTGCTTCGATAGGG-1	Oligo
GCTTGCTTCGTGGAAG-1	Oligo
GCTTTCGCAGCAACCC-1	Oligo
GCTTTCGGTCCTATTT-1	Oligo
GCTTTCGGTGCGCATC-1	Oligo
GCTTTCGTCCGCCTAT-1	Oligo
GCTTTCGTCGATGTGT-1	Oligo
GCTTTCGTCGGTAGGA-1	Oligo
GGAACCCAGACGCCCT-1	Oligo
GGAACCCAGCTGCTCG-1	Oligo
GGAACCCGTCACATTG-1	Oligo
GGAACCCGTTAGAGAT-1	Oligo
GGAACCCTCACTACCC-1	Oligo
GGAACCCTCCCGATTC-1	Oligo
GGAACCCTCCTTACGC-1	Oligo
GGAACCCTCGCGGCAT-1	Oligo
GGAACCCTCGGCATAT-1	Oligo
GGAACTTAGAGAGGTA-1	Oligo
GGAACTTAGTGTGTAA-1	Oligo
GGAACTTCACGGTTAT-1	Oligo
GGAACTTCACTGTTAG-1	Oligo
GGAACTTCAGTAACCT-1	Oligo
GGAACTTGTACCGGCT-1	Oligo
GGAACTTGTTGGACGA-1	Oligo
GGAACTTTCACTGGTA-1	Oligo
GGAACTTTCAGGTCTA-1	Oligo
GGAACTTTCCAAGAGG-1	Oligo
GGAACTTTCGTGAACT-1	Oligo
GGAATCTAGTGTCGGA-1	Oligo
GGAATCTCAAACGACG-1	Oligo
GGAATCTCAACTCGTA-1	Oligo
GGAATCTCACATATCG-1	Oligo
GGAATCTCACATCATG-1	Oligo
GGAATCTCAGACCTGC-1	Oligo
GGAATCTGTAACTGAA-1	Oligo
GGAATCTGTACTAGAA-1	Oligo
GGAATCTGTCCCTTTG-1	Oligo
GGAATCTGTGCCAAGA-1	Oligo
GGAATCTTCGCTAGTA-1	Oligo
GGACACCAGTCGAAAT-1	Oligo
GGACACCCAAGGAACC-1	Oligo
GGACACCCAGATTAAG-1	Oligo
GGACACCCAGTTACAC-1	Oligo
GGACACCGTCCCGAGT-1	Oligo
GGACACCGTCTGATTG-1	Oligo
GGACACCGTTGTCGGC-1	Oligo
GGACACCTCCGAGAGA-1	Oligo
GGACACCTCCGTGCAG-1	Oligo
GGAGAACAGAGTCCGA-1	Oligo
GGAGAACCAGCGTAGA-1	Oligo
GGAGAACCATGCGACC-1	Oligo
GGAGAACCATGGCCCA-1	Oligo
GGAGAACGTCATAAGA-1	Oligo
GGAGAACGTCGAGAAC-1	Oligo
GGAGAACGTGGACGAT-1	Oligo
GGAGAACGTGGGTAGT-1	Oligo
GGAGAACGTTGGTAAA-1	Oligo
GGAGAACTCAAACCCA-1	Oligo
GGAGAACTCAAGAGAT-1	Oligo
GGAGAACTCTGAGTAC-1	Oligo
GGAGGATAGATGCGAC-1	Oligo
GGAGGATAGGAGTAGA-1	Oligo
GGAGGATAGGCACCTC-1	Oligo
GGAGGATAGGGCTTCC-1	Oligo
GGAGGATAGGTTAACA-1	Oligo
GGAGGATTCGTTCAGA-1	Oligo
GGAGGATTCTAGCAAC-1	Oligo
GGAGTAGAGCACCATT-1	Oligo
GGAGTAGCAACGTACT-1	Oligo
GGAGTAGGTTCCCAAA-1	Oligo
GGAGTAGTCAAACCAC-1	Oligo
GGAGTAGTCATAGGTC-1	Oligo
GGAGTAGTCCAACCTC-1	Oligo
GGAGTAGTCCAATAGC-1	Oligo
GGAGTAGTCGACTCGG-1	Oligo
GGAGTAGTCGCATACA-1	Oligo
GGAGTAGTCTCGACCT-1	Oligo
GGATAGGAGTAACTCC-1	Oligo
GGATAGGCAACAAACA-1	Oligo
GGATAGGCAAGCCCTG-1	Oligo
GGATAGGCACAGGAAC-1	Oligo
GGATAGGCACTGTCGG-1	Oligo
GGATAGGCAGACCTGC-1	Oligo
GGATAGGCAGCCACGT-1	Oligo
GGATAGGGTAGGTGAC-1	Oligo
GGATAGGGTGTGACCC-1	Oligo
GGATAGGTCCATGACA-1	Oligo
GGATAGGTCCTATCCG-1	Oligo
GGATAGGTCCTCTCTT-1	Oligo
GGATGAGAGCGCACAA-1	Oligo
GGATGAGAGGTAAGTT-1	Oligo
GGATGAGCACGCCGAT-1	Oligo
GGATGAGCAGGCATCC-1	Oligo
GGATGAGCAGTTGCAT-1	Oligo
GGATGAGCATGATTGC-1	Oligo
GGATGAGGTTAGGCTT-1	Oligo
GGATGAGGTTGGACGA-1	Oligo
GGATGAGTCCAAACCA-1	Oligo
GGATGAGTCTGGCCAG-1	Oligo
GGCACGTAGTGTCCCG-1	Oligo
GGCACGTCAGCGCGTT-1	Oligo
GGCACGTCATTCGTCC-1	Oligo
GGCACGTGTCGCTACG-1	Oligo
GGCACGTGTTACGAAA-1	Oligo
GGCACGTTCACATTCT-1	Oligo
GGCACGTTCACGATTG-1	Oligo
GGCACGTTCTAGTCGA-1	Oligo
GGCATTAAGCGATACG-1	Oligo
GGCATTACAAGCGACA-1	Oligo
GGCATTACAGAGATGC-1	Oligo
GGCATTACATCAACTG-1	Oligo
GGCATTACATGGCCTG-1	Oligo
GGCATTATCCGAGAGA-1	Oligo
GGCATTATCCGCTATC-1	Oligo
GGCATTATCTGGCGCA-1	Oligo
GGCGAAAAGCCTATAC-1	Oligo
GGCGAAAAGGTTTCTG-1	Oligo
GGCGAAAAGTGTGTAA-1	Oligo
GGCGAAACAATGAAAC-1	Oligo
GGCGAAACATATTGGC-1	Oligo
GGCGAAAGTCGCTAGC-1	Oligo
GGCGAAAGTCGGCTGT-1	Oligo
GGCGAAAGTGTCGTGC-1	Oligo
GGCGAAAGTGTGAGGT-1	Oligo
GGCGAAATCGCGGCAT-1	Oligo
GGCGAAATCTGGGCGT-1	Oligo
GGCGTTGCAACTAGAA-1	Oligo
GGCGTTGCACGTTAGT-1	Oligo
GGCGTTGCAGATTGTC-1	Oligo
GGCGTTGGTGCGACCT-1	Oligo
GGCGTTGTCGGGATCC-1	Oligo
GGGAACACAGACTAAA-1	Oligo
GGGAACAGTTGAAGCG-1	Oligo
GGGAACATCGACTCGG-1	Oligo
GGGAACATCGTGTGCG-1	Oligo
GGGACCTAGGCCTCTG-1	Oligo
GGGACCTAGGGCGAAG-1	Oligo
GGGACCTCAAACCTAC-1	Oligo
GGGACCTCAACGTCCG-1	Oligo
GGGACCTCAACTTGGT-1	Oligo
GGGACCTCAAGCCAGA-1	Oligo
GGGACCTCAATTGTGC-1	Oligo
GGGACCTCATCGCTAA-1	Oligo
GGGACCTCATTATGGC-1	Oligo
GGGACCTGTATGTCCA-1	Oligo
GGGACCTGTCATAGAA-1	Oligo
GGGACCTGTGGAGTGT-1	Oligo
GGGACCTTCACTAGGT-1	Oligo
GGGACCTTCCAGAATC-1	Oligo
GGGACCTTCCGGCTGA-1	Oligo
GGGACCTTCCGGGCAT-1	Oligo
GGGACCTTCTTCAGAG-1	Oligo
GGGCCATAGATCCGAG-1	Oligo
GGGCCATAGGGAAATG-1	Oligo
GGGCCATAGTCATACC-1	Oligo
GGGCCATAGTGTCACT-1	Oligo
GGGCCATCACTTGCGG-1	Oligo
GGGCCATGTCCTCAGG-1	Oligo
GGGCCATGTCTCTAAG-1	Oligo
GGGCCATGTCTGTGTA-1	Oligo
GGGCCATGTGAATACA-1	Oligo
GGGCCATGTGGTGGTA-1	Oligo
GGGCCATTCAACACGT-1	Oligo
GGGCCATTCCTGGAAT-1	Oligo
GGGCCATTCGCTATTT-1	Oligo
GGGCCATTCTCTGCAC-1	Oligo
GGGTCTGAGAAAGCAG-1	Oligo
GGGTCTGAGATTCCGT-1	Oligo
GGGTCTGAGGATTGCG-1	Oligo
GGGTCTGAGTAGCAAT-1	Oligo
GGGTCTGGTAGGTGAC-1	Oligo
GGGTCTGGTATGTTCG-1	Oligo
GGGTCTGGTGAGGGTT-1	Oligo
GGGTCTGGTTTCCACC-1	Oligo
GGGTCTGTCCACTAGA-1	Oligo
GGGTGTCAGAAGCCTG-1	Oligo
GGGTGTCAGAGACTCG-1	Oligo
GGGTGTCCAACAAACA-1	Oligo
GGGTGTCCAACTAGAA-1	Oligo
GGGTGTCCAAGCGGTA-1	Oligo
GGGTGTCCAGTTACAC-1	Oligo
GGGTGTCGTTGGTAAA-1	Oligo
GGGTGTCTCGATATGC-1	Oligo
GGGTGTCTCTATTTCG-1	Oligo
GGGTTATAGAAGCCTG-1	Oligo
GGGTTATAGACCTATC-1	Oligo
GGGTTATAGCATACCT-1	Oligo
GGGTTATAGCCGCTGT-1	Oligo
GGGTTATAGTCCTTCC-1	Oligo
GGGTTATCAAGATTAG-1	Oligo
GGGTTATCACACACAT-1	Oligo
GGGTTATCACCTGGTG-1	Oligo
GGGTTATCATGATCGT-1	Oligo
GGGTTATGTACGAGAC-1	Oligo
GGGTTATGTCTAACCA-1	Oligo
GGGTTATGTGCAAGAC-1	Oligo
GGGTTATGTGCGACCT-1	Oligo
GGGTTATGTGTCCAGC-1	Oligo
GGGTTATGTTCTTATC-1	Oligo
GGGTTATTCAAGGCCC-1	Oligo
GGTACCGGTCCTATTT-1	Oligo
GGTACCGGTTGGGAAC-1	Oligo
GGTACCGTCCGATGCG-1	Oligo
GGTAGGAAGTTGCTTG-1	Oligo
GGTAGGACAATGGTCT-1	Oligo
GGTAGGACACCCTTTG-1	Oligo
GGTAGGAGTAAACGGC-1	Oligo
GGTAGGAGTCAACTGT-1	Oligo
GGTAGGAGTCCTTATT-1	Oligo
GGTAGGAGTCTCGGGT-1	Oligo
GGTAGGATCGACGGAA-1	Oligo
GGTCATAAGCTTCAAC-1	Oligo
GGTCATAAGTCGCGTC-1	Oligo
GGTCATACAACGACAG-1	Oligo
GGTCATACAAGATTAG-1	Oligo
GGTCATACACCTACCT-1	Oligo
GGTCATACACGCCGAT-1	Oligo
GGTCATACAGGGTACA-1	Oligo
GGTCATACATTGAACC-1	Oligo
GGTCATAGTATGGTTC-1	Oligo
GGTCATAGTCCAAGTT-1	Oligo
GGTCATAGTCGACTGC-1	Oligo
GGTCATATCGCACCGA-1	Oligo
GGTGAAGAGACGCCAA-1	Oligo
GGTGAAGAGAGTCCGA-1	Oligo
GGTGAAGAGCAACGGT-1	Oligo
GGTGAAGAGTCAACTC-1	Oligo
GGTGAAGCAATGAAAC-1	Oligo
GGTGAAGCAGATTAAG-1	Oligo
GGTGAAGCATGCCCTT-1	Oligo
GGTGAAGGTCAAATCC-1	Oligo
GGTGAAGGTCTGTTGA-1	Oligo
GGTGAAGTCTTATCAC-1	Oligo
GGTGCTGAGGATTGCG-1	Oligo
GGTGCTGCAAGGAAGA-1	Oligo
GGTGCTGCATGCACTA-1	Oligo
GGTGCTGCATGCGCTG-1	Oligo
GGTGCTGGTAGGGTTG-1	Oligo
GGTGCTGGTTGTCGGC-1	Oligo
GGTGCTGTCCGGAAAG-1	Oligo
GGTGTCGAGAGTAAGG-1	Oligo
GGTGTCGAGATGGCAC-1	Oligo
GGTGTCGAGCGGACAT-1	Oligo
GGTGTCGAGGTGAACC-1	Oligo
GGTGTCGAGTCGATAA-1	Oligo
GGTGTCGCAATGGCAG-1	Oligo
GGTGTCGCACGATATC-1	Oligo
GGTGTCGCAGGATGTG-1	Oligo
GGTGTCGCATACCCGG-1	Oligo
GGTTGCGAGAGCTACG-1	Oligo
GGTTGCGAGCTTTCCC-1	Oligo
GGTTGCGAGGCAGATC-1	Oligo
GGTTGCGCACATATCG-1	Oligo
GGTTGCGGTCTCTGCT-1	Oligo
GGTTGCGGTGTTGGTT-1	Oligo
GGTTGCGGTTACGAAA-1	Oligo
GGTTGCGTCAAGGCAG-1	Oligo
GGTTGCGTCAGTAGTC-1	Oligo
GGTTGCGTCATTCGGA-1	Oligo
GGTTGCGTCCTTCGAC-1	Oligo
GGTTGCGTCGCACCGA-1	Oligo
GTAATCGAGCCATGGA-1	Oligo
GTAATCGCAGGTCTGC-1	Oligo
GTAATCGGTCAACTGT-1	Oligo
GTAATCGGTGATAGAT-1	Oligo
GTAATCGTCCGTTAGA-1	Oligo
GTACTTTAGACTTGAA-1	Oligo
GTACTTTAGGAAGAAC-1	Oligo
GTACTTTAGTGAGTGC-1	Oligo
GTACTTTTCACCGCGA-1	Oligo
GTACTTTTCGGTTAGT-1	Oligo
GTAGACTAGGATGTCG-1	Oligo
GTAGACTCAATCATCG-1	Oligo
GTAGACTCACATTCTT-1	Oligo
GTAGACTCACTCCACT-1	Oligo
GTAGACTTCGATGTGT-1	Oligo
GTAGGAGAGGAGTAGA-1	Oligo
GTAGGAGAGTAATCAG-1	Oligo
GTAGGAGCAAGGAAGA-1	Oligo
GTAGGAGCAATGTGCT-1	Oligo
GTAGGAGCAGCAAACG-1	Oligo
GTAGGAGCATACTGCA-1	Oligo
GTAGGAGCATGATTGC-1	Oligo
GTAGGAGTCAGGATCT-1	Oligo
GTAGTACAGGCTTTAC-1	Oligo
GTAGTACCAAATGCTC-1	Oligo
GTAGTACGTAACCATC-1	Oligo
GTAGTACGTACGAGAC-1	Oligo
GTAGTACGTCCTTATT-1	Oligo
GTAGTACTCCAATAGC-1	Oligo
GTAGTACTCCATAACG-1	Oligo
GTAGTACTCCTTGACC-1	Oligo
GTAGTACTCGCTCGGA-1	Oligo
GTAGTACTCGGCTATA-1	Oligo
GTCACAAAGACTTCCA-1	Oligo
GTCACAACAACTCCCT-1	Oligo
GTCACAACAGTGGTCC-1	Oligo
GTCACAACAGTTCGGC-1	Oligo
GTCACAACATCGGCTG-1	Oligo
GTCACAAGTGCTTACA-1	Oligo
GTCACAAGTGTCGGTC-1	Oligo
GTCACAAGTTCTGAGT-1	Oligo
GTCACAATCACTGGTA-1	Oligo
GTCACAATCTCTTAAC-1	Oligo
GTCACCTAGATCTCAC-1	Oligo
GTCACCTAGCGGACTA-1	Oligo
GTCACCTAGTGAGCTG-1	Oligo
GTCACCTAGTTGCCGC-1	Oligo
GTCACCTGTGTCCCAG-1	Oligo
GTCACCTGTTGTATCG-1	Oligo
GTCACCTGTTTGCATG-1	Oligo
GTCACCTTCCGAGAGA-1	Oligo
GTCACGGAGAGTGGAA-1	Oligo
GTCACGGAGTAACACA-1	Oligo
GTCACGGAGTAGTGTA-1	Oligo
GTCACGGCATCGAGTT-1	Oligo
GTCACGGGTGGAGTGT-1	Oligo
GTCACGGGTTCCATCC-1	Oligo
GTCACGGGTTGTCGGC-1	Oligo
GTCACGGTCCAGGGAA-1	Oligo
GTCACGGTCGAGTTAC-1	Oligo
GTCACTCAGCGAATAT-1	Oligo
GTCACTCAGCGCATTT-1	Oligo
GTCACTCAGCGTTAGG-1	Oligo
GTCACTCAGGAGAACA-1	Oligo
GTCACTCCAAGCAACG-1	Oligo
GTCACTCCAGATGGCA-1	Oligo
GTCACTCCATCTCACC-1	Oligo
GTCACTCGTTTAGAAG-1	Oligo
GTCACTCTCAGCCGAC-1	Oligo
GTCACTCTCCGATGCG-1	Oligo
GTCACTCTCGGTCAGC-1	Oligo
GTCACTCTCGTGAACT-1	Oligo
GTCCATCAGCACACCC-1	Oligo
GTCCATCAGCATGTGG-1	Oligo
GTCCATCAGGAAACTT-1	Oligo
GTCCATCCAAGGAGGG-1	Oligo
GTCCATCCAATGCACT-1	Oligo
GTCCATCCATGGTAAA-1	Oligo
GTCCATCGTCTCGGGT-1	Oligo
GTCCATCTCCACGGCA-1	Oligo
GTCCATCTCCAGTTAG-1	Oligo
GTCCATCTCGGATAAA-1	Oligo
GTCCATCTCGGTCTCT-1	Oligo
GTCGTAAAGTCTGTGT-1	Oligo
GTCGTAACAAGCGACA-1	Oligo
GTCGTAAGTAAACGTA-1	Oligo
GTCGTAAGTACGTATC-1	Oligo
GTCGTAAGTGATGCGA-1	Oligo
GTCGTAAGTGTCCCAG-1	Oligo
GTCGTAATCTATCTAC-1	Oligo
GTCTACCAGACTCTTG-1	Oligo
GTCTACCAGACTTGAA-1	Oligo
GTCTACCAGGCACTAG-1	Oligo
GTCTACCCAATGGCAG-1	Oligo
GTCTACCCAGAAAGAG-1	Oligo
GTCTACCGTGCTAGTT-1	Oligo
GTCTACCGTTTGCCCT-1	Oligo
GTCTACCTCGCTACCT-1	Oligo
GTGACATAGTCGTATC-1	Oligo
GTGACATCACAGGTAG-1	Oligo
GTGACATCAGATTTGC-1	Oligo
GTGACATCATCACAAC-1	Oligo
GTGACATCATTCACGA-1	Oligo
GTGACATGTAAGCCTT-1	Oligo
GTGACATGTGCGCTCA-1	Oligo
GTGACATGTTTCCGGG-1	Oligo
GTGACATTCACCGCGA-1	Oligo
GTGACATTCGTGGAAG-1	Oligo
GTGACATTCGTTTGAG-1	Oligo
GTGATCAAGATCTAAG-1	Oligo
GTGATCAAGGTTCTCA-1	Oligo
GTGATCACAATTCAGC-1	Oligo
GTGATCACATCCGTGG-1	Oligo
GTGATCACATCCTCGT-1	Oligo
GTGATCAGTTCTTTGT-1	Oligo
GTGATCAGTTTCCTAT-1	Oligo
GTGATCATCCAACAAC-1	Oligo
GTGATCATCCGCTATC-1	Oligo
GTGCACGAGTCCGTGC-1	Oligo
GTGCACGCAATCCATG-1	Oligo
GTGCACGCATTACTTC-1	Oligo
GTGCACGGTCTGTTGA-1	Oligo
GTGCACGGTGACAAGC-1	Oligo
GTGCACGGTGAGGTCA-1	Oligo
GTGCACGTCCCAGCGA-1	Oligo
GTGCACGTCCGTGCAG-1	Oligo
GTGCACGTCTAAACGC-1	Oligo
GTGCCAGAGACACGGT-1	Oligo
GTGCCAGAGAGGAACA-1	Oligo
GTGCCAGCAAGATTAG-1	Oligo
GTGCCAGCACAGTTAC-1	Oligo
GTGCCAGCATAGTCCA-1	Oligo
GTGCCAGGTTAACTCG-1	Oligo
GTGCCAGGTTGGGAAC-1	Oligo
GTGCCAGTCCATCATT-1	Oligo
GTGCTGGAGCGTATCT-1	Oligo
GTGCTGGCAATTGCCA-1	Oligo
GTGCTGGCACTCAGCG-1	Oligo
GTGCTGGCACTCCCAT-1	Oligo
GTGCTGGCATTCGTCC-1	Oligo
GTGCTGGGTCGACTGC-1	Oligo
GTGCTGGTCACATTCT-1	Oligo
GTGGATTAGATCGAGC-1	Oligo
GTGGATTAGTTCCCGG-1	Oligo
GTGGATTCAAACCTAC-1	Oligo
GTGGATTCAAGGGTAC-1	Oligo
GTGGATTCAGGTCCTG-1	Oligo
GTGGATTGTACGCCCA-1	Oligo
GTGGATTGTCAGTGTT-1	Oligo
GTGGATTTCGGGAAAC-1	Oligo
GTGGATTTCGTGATAC-1	Oligo
GTGGATTTCTGACTTT-1	Oligo
GTGGATTTCTGCGTCT-1	Oligo
GTGGATTTCTTCCACG-1	Oligo
GTGGCGTAGACAGCTG-1	Oligo
GTGGCGTAGAGATTAC-1	Oligo
GTGGCGTAGCAATGTA-1	Oligo
GTGGCGTAGGTTGACG-1	Oligo
GTGGCGTAGTCTCCAA-1	Oligo
GTGGCGTCACCGAAAG-1	Oligo
GTGGCGTCACTCGTGG-1	Oligo
GTGGCGTGTGATTCCA-1	Oligo
GTGGCGTGTGTCTACA-1	Oligo
GTGGCGTTCCAGGTAT-1	Oligo
GTGGCGTTCCCAATGA-1	Oligo
GTGGCGTTCCGCTATC-1	Oligo
GTGGCGTTCGAAGCCC-1	Oligo
GTGGCGTTCTGGCTAA-1	Oligo
GTGTCAAAGGTTCGTT-1	Oligo
GTGTCAAAGTTATGAG-1	Oligo
GTGTCAACAACACGGA-1	Oligo
GTGTCAAGTAACAATG-1	Oligo
GTGTCAAGTATGTTCG-1	Oligo
GTGTCAAGTGCTGGCT-1	Oligo
GTGTCAATCATTCGGA-1	Oligo
GTGTCAATCGATCTTT-1	Oligo
GTGTCCTAGTCAGCCC-1	Oligo
GTGTCCTCAAACAGTA-1	Oligo
GTGTCCTCATTACTTC-1	Oligo
GTGTCCTGTCCACCAG-1	Oligo
GTGTCCTTCGATCGCG-1	Oligo
GTGTCCTTCTTACCTA-1	Oligo
GTGTGATAGGTAGGCT-1	Oligo
GTGTGATCAAATTCCG-1	Oligo
GTGTGATCAGTCAGCC-1	Oligo
GTGTGATGTCTCGGGT-1	Oligo
GTGTGATTCCACGAGC-1	Oligo
GTGTGATTCGCGCCAA-1	Oligo
GTGTGATTCGGTGATT-1	Oligo
GTTACGAAGCCAGAAC-1	Oligo
GTTACGACAAGGAAGA-1	Oligo
GTTACGACATCACAGT-1	Oligo
GTTACGAGTCTGGGAA-1	Oligo
GTTACGATCCTCTCTT-1	Oligo
GTTACTTAGGTACATA-1	Oligo
GTTACTTAGTCCCTCT-1	Oligo
GTTACTTAGTTGCCGC-1	Oligo
GTTACTTCAACGCACC-1	Oligo
GTTACTTCAAGTCCTA-1	Oligo
GTTACTTCAGACCTGC-1	Oligo
GTTACTTCAGGAGCAT-1	Oligo
GTTACTTGTAACGGTG-1	Oligo
GTTACTTGTCTCTAAG-1	Oligo
GTTACTTGTGCTAGTT-1	Oligo
GTTACTTTCGATCTTT-1	Oligo
GTTACTTTCGTCCCAT-1	Oligo
GTTATGGAGTCACGCC-1	Oligo
GTTATGGCATCCCTTG-1	Oligo
GTTATGGGTAGTAACA-1	Oligo
GTTATGGGTTTAAGGA-1	Oligo
GTTATGGTCAGGTTTG-1	Oligo
GTTATTCCAAACCGAG-1	Oligo
GTTATTCCAACAACTC-1	Oligo
GTTATTCGTCAGGCTC-1	Oligo
GTTATTCTCGATAGGG-1	Oligo
GTTATTCTCGCCCTTA-1	Oligo
GTTATTCTCTTCATAC-1	Oligo
GTTATTCTCTTGTACT-1	Oligo
GTTCAAGAGGAAGACA-1	Oligo
GTTCAAGAGTAATGTG-1	Oligo
GTTCAAGCATCATGTG-1	Oligo
GTTCAAGCATGACTGT-1	Oligo
GTTCAAGCATTACTCT-1	Oligo
GTTCAAGCATTTGGTG-1	Oligo
GTTCAAGGTATGTCCA-1	Oligo
GTTCAAGGTCTGCACG-1	Oligo
GTTCAAGTCTGGCTAA-1	Oligo
GTTGGGCAGAACCATA-1	Oligo
GTTGGGCAGACTCGGA-1	Oligo
GTTGGGCAGGATTGCG-1	Oligo
GTTGGGCCAACGACAG-1	Oligo
GTTGGGCCAATTAGGA-1	Oligo
GTTGGGCCAGGCTACC-1	Oligo
GTTGGGCCATCCGTAA-1	Oligo
GTTGGGCGTAAGTGCG-1	Oligo
GTTGGGCGTCACAGTT-1	Oligo
GTTGGTAAGAAGCCTG-1	Oligo
GTTGGTACAAGTAATG-1	Oligo
GTTGGTACACCGTCTT-1	Oligo
GTTGGTAGTAACACTC-1	Oligo
GTTGGTAGTATGTTCG-1	Oligo
GTTGGTAGTCTCTGCT-1	Oligo
GTTGGTAGTGAATACA-1	Oligo
GTTGGTAGTTGGACGA-1	Oligo
GTTGGTAGTTTGCCCT-1	Oligo
GTTGGTATCCCGTATC-1	Oligo
GTTGGTATCGTTACAG-1	Oligo
TAAACCGAGTGAGTTA-1	Oligo
TAAACCGCAAGCGACA-1	Oligo
TAAACCGCAAGGGTAC-1	Oligo
TAAACCGCACGTTGTA-1	Oligo
TAAACCGCACTTTGGA-1	Oligo
TAAACCGCAGTAACCT-1	Oligo
TAAACCGGTAGAACGC-1	Oligo
TAAACCGGTAGGGTTG-1	Oligo
TAAACCGGTAGTCCAT-1	Oligo
TAAACCGGTTTGTCTT-1	Oligo
TAAACCGTCAAGAGAT-1	Oligo
TAAACCGTCACCCGGA-1	Oligo
TAAACCGTCGGTTCCT-1	Oligo
TAAACCGTCTTACGGA-1	Oligo
TAACAGCAGATGGGTC-1	Oligo
TAACAGCAGCGTTAGG-1	Oligo
TAACAGCAGGAACCGT-1	Oligo
TAACAGCCAAGCAATA-1	Oligo
TAACAGCGTAGGGTCA-1	Oligo
TAACAGCGTCAGAGTG-1	Oligo
TAACAGCTCAGTGGTT-1	Oligo
TAACAGCTCGCTCGGA-1	Oligo
TAACAGCTCGTCCCAT-1	Oligo
TAACGGTAGCCGCAAA-1	Oligo
TAACGGTAGTAGAAGG-1	Oligo
TAACGGTCAAGGAGGG-1	Oligo
TAACGGTCAGGCATTT-1	Oligo
TAACGGTGTTCCAGTA-1	Oligo
TAACGGTTCCACGGCA-1	Oligo
TAACGGTTCCCACTTG-1	Oligo
TAACGGTTCCGGACTG-1	Oligo
TAACGGTTCGAAGCCC-1	Oligo
TAACGGTTCTGGCTAA-1	Oligo
TAACTTCAGAACTAAC-1	Oligo
TAACTTCAGAGATTAC-1	Oligo
TAACTTCAGCGAGCTA-1	Oligo
TAACTTCAGTAACTCC-1	Oligo
TAACTTCCAACTTGGT-1	Oligo
TAACTTCGTATCTGCA-1	Oligo
TAACTTCGTCACTCTC-1	Oligo
TAACTTCGTGCCCAGT-1	Oligo
TAACTTCGTTTGTAGC-1	Oligo
TAACTTCTCAGTGGTT-1	Oligo
TAACTTCTCCTGTGGG-1	Oligo
TAACTTCTCTTAATCC-1	Oligo
TAAGCCAAGCTACGTT-1	Oligo
TAAGCCAAGTGATAAC-1	Oligo
TAAGCCACAATGTGTC-1	Oligo
TAAGCCACACGCTGTG-1	Oligo
TAAGCCACATTGTGAC-1	Oligo
TAAGCCAGTAAACGTA-1	Oligo
TAAGCCAGTCAGTGTT-1	Oligo
TAAGCCAGTTATGCAC-1	Oligo
TAAGCCATCGGATAAA-1	Oligo
TAAGTGCAGTGCTCGC-1	Oligo
TAAGTGCCAATGCATC-1	Oligo
TAAGTGCCAATTGGCT-1	Oligo
TAAGTGCGTTAGAGAT-1	Oligo
TAAGTGCTCGATCGCG-1	Oligo
TAAGTGCTCGCTCTAC-1	Oligo
TAATCGGAGGGCATTG-1	Oligo
TAATCGGAGTAGGTCG-1	Oligo
TAATCGGCAACTCGTA-1	Oligo
TAATCGGCACTCCACT-1	Oligo
TAATCGGGTAGCGGTA-1	Oligo
TAATCGGTCCAGAATC-1	Oligo
TAATCGGTCCATATCT-1	Oligo
TAATCGGTCCGTTTCG-1	Oligo
TAATCGGTCGTGCTTC-1	Oligo
TAATTCCAGAGCTGTG-1	Oligo
TAATTCCCATCAACTG-1	Oligo
TAATTCCCATTCACCC-1	Oligo
TAATTCCGTAACCGAG-1	Oligo
TAATTCCGTCCATTGA-1	Oligo
TAATTCCGTTATCGAC-1	Oligo
TAATTCCTCGGTTAGT-1	Oligo
TACAGCAAGCGATACG-1	Oligo
TACAGCACAAAGAAGG-1	Oligo
TACAGCAGTCCGTCGA-1	Oligo
TACATGGAGAACGCCA-1	Oligo
TACATGGAGCAACTGG-1	Oligo
TACATGGAGGTAAGTT-1	Oligo
TACATGGCAAACAGTA-1	Oligo
TACATGGCAAACTACC-1	Oligo
TACATGGCAAAGGAAG-1	Oligo
TACATGGCATGGGAAC-1	Oligo
TACATGGTCAAGGCAG-1	Oligo
TACATGGTCAATTGGC-1	Oligo
TACATGGTCTCGCGGA-1	Oligo
TACATTCAGTGTCCCG-1	Oligo
TACATTCCACTACACA-1	Oligo
TACATTCCATCAGAAA-1	Oligo
TACATTCCATCCCTTG-1	Oligo
TACATTCGTGTGCTTA-1	Oligo
TACATTCTCACGTCAA-1	Oligo
TACCCTGAGAGGCCTA-1	Oligo
TACCCTGCATTCCCGT-1	Oligo
TACCCTGGTTTCCACC-1	Oligo
TACCCTGTCGCCGAAC-1	Oligo
TACCTATAGGAATGGA-1	Oligo
TACCTATCACGCTAAT-1	Oligo
TACCTATCAGCTATAC-1	Oligo
TACCTATCATTTAGGC-1	Oligo
TACCTATGTCTGGGCT-1	Oligo
TACCTATGTGCTGGCT-1	Oligo
TACCTATGTTCTGATG-1	Oligo
TACCTATGTTGGGAAC-1	Oligo
TACCTATTCAGGGTTT-1	Oligo
TACCTATTCGTGGAAG-1	Oligo
TACCTCGAGACTCGGA-1	Oligo
TACCTCGAGCATACCT-1	Oligo
TACCTCGAGTAATCAG-1	Oligo
TACCTCGCAACGTAGG-1	Oligo
TACCTCGCAACGTCCG-1	Oligo
TACCTCGCAACTCAAC-1	Oligo
TACCTCGCACTTACAG-1	Oligo
TACCTCGCAGCAATGG-1	Oligo
TACCTCGCAGTAACTC-1	Oligo
TACCTCGCAGTAGTTC-1	Oligo
TACCTCGGTATATGGA-1	Oligo
TACCTCGGTGAAACAT-1	Oligo
TACCTCGTCGCTGATA-1	Oligo
TACCTCGTCGTATAGC-1	Oligo
TACGCAACACAGATGG-1	Oligo
TACGCAACATCGGCCA-1	Oligo
TACGCAACATTGTTCT-1	Oligo
TACGCAAGTTGAATAG-1	Oligo
TACGCAATCCATGACA-1	Oligo
TACGCAATCGCTATTT-1	Oligo
TACGCCTCAAGGGTAC-1	Oligo
TACGCCTCAATTGTGC-1	Oligo
TACGCCTCACTTTGGA-1	Oligo
TACGCCTCAGTAACCT-1	Oligo
TACGCCTGTATCTCAG-1	Oligo
TACGCCTGTCAGAGTG-1	Oligo
TACGCCTTCCCACGGA-1	Oligo
TACGCCTTCGGTCAGC-1	Oligo
TACGGATAGTCACACT-1	Oligo
TACGGATAGTGAAGGA-1	Oligo
TACGGATAGTTACCAC-1	Oligo
TACGGATCACCGTCTT-1	Oligo
TACGGATGTATGGTTC-1	Oligo
TACGGATGTCTGCACG-1	Oligo
TACGGATTCACTGGTA-1	Oligo
TACTAGGCAACGTAGG-1	Oligo
TACTAGGCACTAGGAG-1	Oligo
TACTAGGCAGGGAGTT-1	Oligo
TACTAGGGTATGCTAC-1	Oligo
TACTAGGGTCTGGATT-1	Oligo
TACTAGGGTGCTTACA-1	Oligo
TACTAGGGTTGGACGA-1	Oligo
TACTAGGTCAAAGTAG-1	Oligo
TACTAGGTCACCGCGA-1	Oligo
TACTAGGTCCAACCTC-1	Oligo
TACTAGGTCCTGGAAT-1	Oligo
TACTAGGTCTTCACTA-1	Oligo
TACTCGCCAAGCCAGA-1	Oligo
TACTCGCCAAGGAGGG-1	Oligo
TACTCGCTCCACGGCA-1	Oligo
TACTCGCTCGCGCTGA-1	Oligo
TACTGCCAGCTGCCAC-1	Oligo
TACTGCCAGGCAGTGT-1	Oligo
TACTGCCCAAGCGACA-1	Oligo
TACTGCCCATCCTCGT-1	Oligo
TACTGCCGTAATGTAG-1	Oligo
TACTGCCGTACGGAGT-1	Oligo
TACTGCCGTCAATACC-1	Oligo
TACTGCCGTGCGTTTA-1	Oligo
TACTGCCGTGGCCTTG-1	Oligo
TACTGCCGTTACCACA-1	Oligo
TACTGCCGTTGAATAG-1	Oligo
TACTGCCTCGGATCGC-1	Oligo
TACTGCCTCTCATATC-1	Oligo
TAGACTGAGCTATCCA-1	Oligo
TAGACTGAGTTGCGCC-1	Oligo
TAGACTGCAAGACTTC-1	Oligo
TAGACTGCATCCGTGG-1	Oligo
TAGACTGGTAGCATGG-1	Oligo
TAGACTGGTCTAAAGA-1	Oligo
TAGACTGTCCGTTTCG-1	Oligo
TAGACTGTCTAGTCGA-1	Oligo
TAGCACAAGGATTAAC-1	Oligo
TAGCACAAGGCAATTA-1	Oligo
TAGCACAAGGCACTAG-1	Oligo
TAGCACAAGTGTTCCA-1	Oligo
TAGCACAAGTTTACGC-1	Oligo
TAGCACACAACTAGAA-1	Oligo
TAGCACACATGCTATG-1	Oligo
TAGCACAGTAGCGTTT-1	Oligo
TAGCACAGTCACCCGA-1	Oligo
TAGCACAGTGTGCGTC-1	Oligo
TAGCACATCAAGAGGC-1	Oligo
TAGCACATCACTAGGT-1	Oligo
TAGCACATCGGTCGAC-1	Oligo
TAGCATGAGGTCGTTT-1	Oligo
TAGCATGAGTAACACA-1	Oligo
TAGCATGCAACGTAGG-1	Oligo
TAGCATGGTACCCACG-1	Oligo
TAGCATGGTGGACGAT-1	Oligo
TAGCATGTCCCGATTC-1	Oligo
TAGCCCTCATCTGCAA-1	Oligo
TAGCCCTGTAGTGATA-1	Oligo
TAGCCCTGTATTCTTC-1	Oligo
TAGCCCTGTGACGCAA-1	Oligo
TAGCCCTTCAGGTCTA-1	Oligo
TAGCCCTTCCAATCCC-1	Oligo
TAGCCCTTCCATTGTT-1	Oligo
TAGCCCTTCCCACGGA-1	Oligo
TAGCCCTTCTGAGTAC-1	Oligo
TAGCCCTTCTTAAGCG-1	Oligo
TAGCCGGAGACCCATT-1	Oligo
TAGCCGGAGAGCCACA-1	Oligo
TAGCCGGAGAGGTACC-1	Oligo
TAGCCGGAGATCCGAG-1	Oligo
TAGCCGGAGTTGCTTG-1	Oligo
TAGCCGGCAATGCACT-1	Oligo
TAGCCGGCAGGCATCC-1	Oligo
TAGCCGGCATCGTACA-1	Oligo
TAGCCGGGTAAGTCTC-1	Oligo
TAGCCGGGTAGTCCAT-1	Oligo
TAGCCGGGTGAGGGTT-1	Oligo
TAGCCGGGTGATGCTT-1	Oligo
TAGCCGGTCATGTTCT-1	Oligo
TAGCCGGTCCCTATTA-1	Oligo
TAGCCGGTCGATCTTT-1	Oligo
TAGCGGCAGACGCCAA-1	Oligo
TAGCGGCCAGGCATCC-1	Oligo
TAGCGGCGTAACACTC-1	Oligo
TAGCGGCGTAGATGAT-1	Oligo
TAGCGGCGTCAACGGA-1	Oligo
TAGCGGCGTCACAGGA-1	Oligo
TAGCGGCGTCACAGTT-1	Oligo
TAGCGGCTCCAGGGAA-1	Oligo
TAGCTTTAGTCCCGCA-1	Oligo
TAGCTTTCAACGTCCG-1	Oligo
TAGCTTTCAAGGTCGA-1	Oligo
TAGCTTTCAATAGCGG-1	Oligo
TAGCTTTCAGGGAGTT-1	Oligo
TAGCTTTGTCTGGTTA-1	Oligo
TAGCTTTGTGCGTCCA-1	Oligo
TAGCTTTGTTTAAGGA-1	Oligo
TAGCTTTTCGTGCTGG-1	Oligo
TAGCTTTTCTGGCTAA-1	Oligo
TAGGAGGAGATAGGTT-1	Oligo
TAGGAGGAGCCATCAT-1	Oligo
TAGGAGGAGGCGTAGT-1	Oligo
TAGGAGGGTCACTCTC-1	Oligo
TAGGAGGGTGCGTGTC-1	Oligo
TAGGAGGGTGCTTCCT-1	Oligo
TAGGAGGGTGGCATAG-1	Oligo
TAGGAGGGTTTGTAGC-1	Oligo
TAGGTCAAGAACGTTA-1	Oligo
TAGGTCAAGCTAACAA-1	Oligo
TAGGTCAAGGTAAGCC-1	Oligo
TAGGTCACAACTACTG-1	Oligo
TAGGTCACACAGCTTA-1	Oligo
TAGGTCATCCCAATGA-1	Oligo
TAGGTCATCGTCCCAT-1	Oligo
TAGGTCATCGTGGCGT-1	Oligo
TAGGTCATCTGAGTAC-1	Oligo
TAGGTGTCAAAGGTCG-1	Oligo
TAGGTGTCACCCATCT-1	Oligo
TAGGTGTCAGGTGTGA-1	Oligo
TAGGTGTGTACTATGC-1	Oligo
TAGGTGTGTGAAACAT-1	Oligo
TAGGTGTGTTGCCTGG-1	Oligo
TAGGTGTTCACAACAC-1	Oligo
TAGGTGTTCGGTTCCT-1	Oligo
TAGGTGTTCTGAACGT-1	Oligo
TAGTCCCAGAATATCG-1	Oligo
TAGTCCCAGTTTGGAA-1	Oligo
TAGTCCCCAAGGATGC-1	Oligo
TAGTCCCCACAGTAGG-1	Oligo
TAGTCCCCACGGCCAT-1	Oligo
TAGTCCCCATAGCAGG-1	Oligo
TAGTCCCCATCGACCG-1	Oligo
TAGTCCCGTAAAGCTA-1	Oligo
TAGTCCCGTAACGGCA-1	Oligo
TAGTCCCGTATCGCGC-1	Oligo
TAGTCCCGTTTCGACA-1	Oligo
TAGTCCCTCACATTCT-1	Oligo
TATCGAGAGCCATCAT-1	Oligo
TATCGAGAGGCAAGGG-1	Oligo
TATCGAGCACCTGTGG-1	Oligo
TATCGAGGTAAGGTCG-1	Oligo
TATCGAGGTATTCTGG-1	Oligo
TATCGAGGTCCGTAGC-1	Oligo
TATCGAGGTGGTACTT-1	Oligo
TATCGAGTCAGGAATA-1	Oligo
TATCGAGTCAGTCACA-1	Oligo
TATCTGTAGAGTAAGG-1	Oligo
TATCTGTAGCGGACAT-1	Oligo
TATCTGTAGCTCCATA-1	Oligo
TATCTGTAGGTTTCTG-1	Oligo
TATCTGTCATGACTGT-1	Oligo
TATCTGTGTGCATTCA-1	Oligo
TATCTGTGTGCCCTAG-1	Oligo
TATCTGTTCGGAGTTT-1	Oligo
TATGTGGAGAAAGGGT-1	Oligo
TATGTGGAGGGTTCCC-1	Oligo
TATGTGGCAACTAGAA-1	Oligo
TATGTGGCAAGCGGTA-1	Oligo
TATGTGGCACTCGGAC-1	Oligo
TATGTGGGTCGACTGC-1	Oligo
TATGTGGTCATCGCCT-1	Oligo
TATGTTCAGAGTGGTC-1	Oligo
TATGTTCAGCCATGGA-1	Oligo
TATGTTCCAATACTGC-1	Oligo
TATGTTCGTACCAAGG-1	Oligo
TATGTTCGTACGGTTT-1	Oligo
TATGTTCGTATCAGCT-1	Oligo
TATGTTCGTTTGTACG-1	Oligo
TATGTTCTCCGGAAAG-1	Oligo
TATTGCTAGAGTGGAA-1	Oligo
TATTGCTCAATGACTC-1	Oligo
TATTGCTCAGGTGTGA-1	Oligo
TATTGCTTCCAAGAGG-1	Oligo
TATTGCTTCGCCGAAC-1	Oligo
TATTGCTTCGTCGCAG-1	Oligo
TCAAAGCAGCGTAGCA-1	Oligo
TCAAAGCCAGTAGTTC-1	Oligo
TCAAAGCCATCCATAG-1	Oligo
TCAAAGCCATCCTCGT-1	Oligo
TCAAAGCGTACTAGAA-1	Oligo
TCAAAGCGTATTTGCG-1	Oligo
TCAAAGCGTGTCCAGC-1	Oligo
TCAAAGCGTTCAGAAA-1	Oligo
TCAAAGCGTTCTTATC-1	Oligo
TCAAAGCTCCGGCGAT-1	Oligo
TCAAAGCTCTCTGAGA-1	Oligo
TCAAGACAGGCACCTC-1	Oligo
TCAAGACAGGTGTTGG-1	Oligo
TCAAGACAGTGCAACG-1	Oligo
TCAAGACCACAGTTAC-1	Oligo
TCAAGACCATGTCCCT-1	Oligo
TCAAGACCATTAACGC-1	Oligo
TCAAGACGTAGCATGG-1	Oligo
TCAAGACGTAGTTTGC-1	Oligo
TCAAGACGTGAGTAAT-1	Oligo
TCAAGACTCTGGGCGT-1	Oligo
TCAAGCAAGCCAGAAC-1	Oligo
TCAAGCACAATGTAAG-1	Oligo
TCAAGCACATGCACTA-1	Oligo
TCAAGCAGTAGATGAT-1	Oligo
TCAAGCAGTCATAGCT-1	Oligo
TCAAGCAGTCCTTCAC-1	Oligo
TCAAGCATCAGAACGG-1	Oligo
TCAAGCATCATTCATC-1	Oligo
TCAAGCATCGAGTGTT-1	Oligo
TCAAGGTAGAACAGGA-1	Oligo
TCAAGGTAGAAGGGCG-1	Oligo
TCAAGGTAGACCGCAA-1	Oligo
TCAAGGTAGAGCGAAA-1	Oligo
TCAAGGTAGCATTGGG-1	Oligo
TCAAGGTCAACTCAAC-1	Oligo
TCAAGGTCACCTACCT-1	Oligo
TCAAGGTCAGCAACGA-1	Oligo
TCAAGGTGTATTGTGC-1	Oligo
TCAAGGTGTCTGCACG-1	Oligo
TCAAGGTGTGTCCTTC-1	Oligo
TCAAGGTTCCCGTATC-1	Oligo
TCAAGGTTCCCTATTA-1	Oligo
TCAAGGTTCGTCTTAT-1	Oligo
TCAATTCAGGAAGAAC-1	Oligo
TCAATTCAGTTCAACC-1	Oligo
TCAATTCCACAGCCAC-1	Oligo
TCAATTCCACCCTTTG-1	Oligo
TCAATTCCATTGTGAC-1	Oligo
TCAATTCGTAGAACGC-1	Oligo
TCAATTCGTCGCTAGC-1	Oligo
TCAATTCGTGATGCGA-1	Oligo
TCAATTCGTGGCCTTG-1	Oligo
TCAATTCTCGGACGAA-1	Oligo
TCACAAGAGACGACTG-1	Oligo
TCACAAGAGATGCGAC-1	Oligo
TCACAAGCACAATAAG-1	Oligo
TCACAAGCACTTATGG-1	Oligo
TCACAAGCAGTATCTG-1	Oligo
TCACAAGCATGTGGGA-1	Oligo
TCACAAGTCGTGGCGT-1	Oligo
TCACAGAAGTACAGAT-1	Oligo
TCACAGAAGTCTGCTA-1	Oligo
TCACAGACAATAGTGA-1	Oligo
TCACAGACACAACGGA-1	Oligo
TCACAGACAGATTGTC-1	Oligo
TCACAGACATACCCGG-1	Oligo
TCACAGACATAGACGG-1	Oligo
TCACAGAGTACTTCAG-1	Oligo
TCACAGAGTCCGTCGA-1	Oligo
TCACAGAGTGCAAGCA-1	Oligo
TCACAGAGTGGCATAG-1	Oligo
TCACAGAGTTTCTACT-1	Oligo
TCACAGAGTTTGTACG-1	Oligo
TCACAGATCAATTCCT-1	Oligo
TCACAGATCCAGGTAT-1	Oligo
TCACAGATCCAGTACA-1	Oligo
TCACAGATCCGAGGAA-1	Oligo
TCACCACAGAACTAAC-1	Oligo
TCACCACAGACTCTTG-1	Oligo
TCACCACAGCGTATCT-1	Oligo
TCACCACCACAGAAGC-1	Oligo
TCACCACCATCGCCTT-1	Oligo
TCACCACCATTTGGTG-1	Oligo
TCACCACGTGAATCGG-1	Oligo
TCACCACGTGACCAGA-1	Oligo
TCACCACTCAGATACC-1	Oligo
TCACCACTCATCGCCT-1	Oligo
TCACCTGAGAGAATTC-1	Oligo
TCACCTGCACAAGTGG-1	Oligo
TCACCTGGTCTCAAAC-1	Oligo
TCACCTGTCACCCTTG-1	Oligo
TCACCTGTCTGAGTCA-1	Oligo
TCACTCGAGAGAACCC-1	Oligo
TCACTCGAGGATTAAC-1	Oligo
TCACTCGAGTCGCCTG-1	Oligo
TCACTCGCAAGAGCGT-1	Oligo
TCACTCGCAGTTCGGC-1	Oligo
TCACTCGGTACTTCGA-1	Oligo
TCACTCGGTGAATCGG-1	Oligo
TCACTCGTCAATTGGC-1	Oligo
TCACTCGTCACCACAA-1	Oligo
TCACTCGTCAGTGGTT-1	Oligo
TCACTCGTCCGGCGAT-1	Oligo
TCACTCGTCGTTCTAT-1	Oligo
TCAGCTCAGTATGCTC-1	Oligo
TCAGCTCGTAGCGTTT-1	Oligo
TCAGCTCGTCCAACCG-1	Oligo
TCAGCTCGTGTACGCC-1	Oligo
TCAGCTCTCAGTGTGT-1	Oligo
TCAGCTCTCCGTTAGA-1	Oligo
TCAGGGCAGATCGAGC-1	Oligo
TCAGGGCAGGGCGAAG-1	Oligo
TCAGGGCCAAAGAGAG-1	Oligo
TCAGGGCGTAGCGGTA-1	Oligo
TCAGGGCGTGAGGTCA-1	Oligo
TCAGGGCGTGGACTGA-1	Oligo
TCAGGTAAGAAAGCAG-1	Oligo
TCAGGTAAGCTGGAGT-1	Oligo
TCAGGTAAGGTAAGTT-1	Oligo
TCAGGTAAGTGGGACT-1	Oligo
TCAGGTACAATGCCAT-1	Oligo
TCAGGTACACCGTTGG-1	Oligo
TCAGGTACATGGTATC-1	Oligo
TCAGGTAGTTTCTTAC-1	Oligo
TCAGGTATCACTCCCA-1	Oligo
TCAGGTATCAGGTCTA-1	Oligo
TCAGGTATCCAATCCC-1	Oligo
TCAGGTATCTGGGCGT-1	Oligo
TCAGTCCAGTAGAAGG-1	Oligo
TCAGTCCAGTGTCGCC-1	Oligo
TCAGTCCCACAGTTCA-1	Oligo
TCAGTCCCATGATCGT-1	Oligo
TCAGTCCCATTTAGGC-1	Oligo
TCAGTCCGTAGAAGCC-1	Oligo
TCAGTCCGTATCTAGC-1	Oligo
TCAGTCCGTCATAAGA-1	Oligo
TCAGTCCGTTCGGGAA-1	Oligo
TCAGTCCTCTGAAAGA-1	Oligo
TCAGTCCTCTTAATCC-1	Oligo
TCAGTTTAGATTGACA-1	Oligo
TCAGTTTAGGCTTAAA-1	Oligo
TCAGTTTAGGGCATTG-1	Oligo
TCAGTTTCAATCAGGG-1	Oligo
TCAGTTTCACTACACA-1	Oligo
TCAGTTTGTAACATAG-1	Oligo
TCAGTTTTCACGTGTA-1	Oligo
TCAGTTTTCCCAATGA-1	Oligo
TCAGTTTTCGACTATG-1	Oligo
TCAGTTTTCGTCAACA-1	Oligo
TCAGTTTTCTCCCTTT-1	Oligo
TCCAGAAAGATGCGAC-1	Oligo
TCCAGAAAGCCGCTGT-1	Oligo
TCCAGAAAGGACTAGC-1	Oligo
TCCAGAAAGGGAAGCG-1	Oligo
TCCAGAAAGTAGACCG-1	Oligo
TCCAGAACAGAACTTC-1	Oligo
TCCAGAACAGAATGCG-1	Oligo
TCCAGAAGTATTCTGG-1	Oligo
TCCAGAAGTGATGTGG-1	Oligo
TCCAGAAGTGCATCAT-1	Oligo
TCCAGAATCGAGAACG-1	Oligo
TCCAGAATCGTCCCAT-1	Oligo
TCCATCGAGAAAGCAG-1	Oligo
TCCATCGAGACCGCAA-1	Oligo
TCCATCGAGGTCCTCG-1	Oligo
TCCATCGAGGTTAACA-1	Oligo
TCCATCGCACCCTTTG-1	Oligo
TCCATCGCACCTCGTT-1	Oligo
TCCATCGCATAGGCGA-1	Oligo
TCCATCGCATCATCGA-1	Oligo
TCCATCGGTTGTGAGG-1	Oligo
TCCCACAAGTATAGTG-1	Oligo
TCCCACACAGAACGAC-1	Oligo
TCCCACAGTAACGTAA-1	Oligo
TCCCACAGTACTATGC-1	Oligo
TCCCACAGTGGTAAGC-1	Oligo
TCCCACAGTTGCCGCA-1	Oligo
TCCCACATCCAACGCG-1	Oligo
TCCGACTAGCGGACAT-1	Oligo
TCCGACTAGCTGATTC-1	Oligo
TCCGACTCACTAGGAG-1	Oligo
TCCGACTCATTACTTC-1	Oligo
TCCGACTGTTAACCGT-1	Oligo
TCCGACTGTTCCCGGA-1	Oligo
TCCGACTTCCATCTAT-1	Oligo
TCCGACTTCCATGACA-1	Oligo
TCCGACTTCCCGATTC-1	Oligo
TCCGACTTCGGGAATG-1	Oligo
TCCGACTTCTGTAGAC-1	Oligo
TCGAGCGAGCATACCT-1	Oligo
TCGAGCGAGCGCATTT-1	Oligo
TCGAGCGAGGGCTTCC-1	Oligo
TCGAGCGCACACACAT-1	Oligo
TCGAGCGGTCCCGAGT-1	Oligo
TCGAGCGGTTTGATCG-1	Oligo
TCGAGCGTCGCTCGGA-1	Oligo
TCGAGCGTCGTTCCGT-1	Oligo
TCGATTTAGAACGTCG-1	Oligo
TCGATTTAGTAGTTCC-1	Oligo
TCGATTTCAGTTCGGC-1	Oligo
TCGATTTTCCCACTTG-1	Oligo
TCGCAGGAGCAGGAGG-1	Oligo
TCGCAGGAGGTACTCT-1	Oligo
TCGCAGGCAGCAACCC-1	Oligo
TCGCAGGGTACCCACG-1	Oligo
TCGCAGGGTTCCATCC-1	Oligo
TCGCAGGTCGGACGAA-1	Oligo
TCGCAGGTCTCTGTTA-1	Oligo
TCGCAGGTCTGACATG-1	Oligo
TCGCCTAAGCATTGGG-1	Oligo
TCGCCTAAGTGCTAGG-1	Oligo
TCGCCTACAATTGCCA-1	Oligo
TCGCCTACAGCCACGT-1	Oligo
TCGCCTACATCCCTTG-1	Oligo
TCGCCTACATGATCGT-1	Oligo
TCGCCTAGTAGGTCTT-1	Oligo
TCGCCTAGTATACGCT-1	Oligo
TCGCCTATCGAGGTCC-1	Oligo
TCGGGACAGAGGCAGG-1	Oligo
TCGGGACCAAGACACG-1	Oligo
TCGGGACCACCGTTGG-1	Oligo
TCGGGACCATCATCGA-1	Oligo
TCGGGACGTACGCCCA-1	Oligo
TCGGGACGTGCAAGAC-1	Oligo
TCGGGACGTGTCCAGC-1	Oligo
TCGGGACGTTCTTATC-1	Oligo
TCGGGACTCCAGTACA-1	Oligo
TCGGGACTCGCTGATA-1	Oligo
TCGTTCGAGAACCATA-1	Oligo
TCGTTCGAGATATGAC-1	Oligo
TCGTTCGCACTGATAC-1	Oligo
TCGTTCGCAGATTTGC-1	Oligo
TCGTTCGGTACTATGC-1	Oligo
TCGTTCGGTGTCCCAG-1	Oligo
TCGTTCGTCTCCAACC-1	Oligo
TCTAGTTAGGCTAAAT-1	Oligo
TCTAGTTAGGGAAATG-1	Oligo
TCTAGTTAGTGATATG-1	Oligo
TCTAGTTCACTGTCGG-1	Oligo
TCTAGTTCAGGTAACG-1	Oligo
TCTAGTTCATCTGCAA-1	Oligo
TCTAGTTGTAAGCCTT-1	Oligo
TCTAGTTGTACAACGG-1	Oligo
TCTAGTTGTACGTAGG-1	Oligo
TCTAGTTGTAGAACGC-1	Oligo
TCTAGTTGTGCGTTTA-1	Oligo
TCTAGTTTCTGAGTCA-1	Oligo
TCTATTGCAAAGGAAG-1	Oligo
TCTATTGCACCACGAC-1	Oligo
TCTATTGCATAGACGG-1	Oligo
TCTATTGGTATTGTCG-1	Oligo
TCTATTGGTTGGGAAC-1	Oligo
TCTATTGTCACAAGCT-1	Oligo
TCTCAGCAGCTTCAAC-1	Oligo
TCTCAGCAGGTACATA-1	Oligo
TCTCAGCCAGATAAGT-1	Oligo
TCTCAGCCAGCGCGTT-1	Oligo
TCTCAGCGTTTCTACT-1	Oligo
TCTCAGCTCAGCACGC-1	Oligo
TCTCAGCTCTGGACAT-1	Oligo
TCTCAGCTCTGTAGAC-1	Oligo
TCTCTGGAGAATACTG-1	Oligo
TCTCTGGAGCATACCT-1	Oligo
TCTCTGGAGTACCACT-1	Oligo
TCTCTGGAGTATGGGC-1	Oligo
TCTCTGGAGTGAGTGC-1	Oligo
TCTCTGGGTCAAACAA-1	Oligo
TCTCTGGGTCAGACGA-1	Oligo
TCTCTGGGTCTGGGCT-1	Oligo
TCTCTGGGTGAGGTCA-1	Oligo
TCTCTGGGTTTCTACT-1	Oligo
TCTCTGGTCCGATTGA-1	Oligo
TCTCTGGTCTCGACCT-1	Oligo
TGAATCGCAGCGTCGT-1	Oligo
TGAATCGTCACTAGGT-1	Oligo
TGAATCGTCAGTACAC-1	Oligo
TGAATCGTCGATAGGG-1	Oligo
TGACAACAGATCTAAG-1	Oligo
TGACAACTCAAGGCAG-1	Oligo
TGACAACTCTTCCAGC-1	Oligo
TGACTCCAGAACGTCG-1	Oligo
TGACTCCAGCAGTAGC-1	Oligo
TGACTCCCAATGCCAT-1	Oligo
TGACTCCGTAACATAG-1	Oligo
TGACTCCGTAGGGTTG-1	Oligo
TGACTCCGTCCTATTT-1	Oligo
TGACTCCGTCGTCGCA-1	Oligo
TGACTCCTCCACTAGA-1	Oligo
TGACTCCTCGATATGC-1	Oligo
TGACTCCTCGGACGAA-1	Oligo
TGAGCCGAGCAGGACT-1	Oligo
TGAGCCGCATCGTACA-1	Oligo
TGAGCCGGTATTCACG-1	Oligo
TGAGCCGGTCAACGGA-1	Oligo
TGAGCCGGTGTTTCTT-1	Oligo
TGAGCCGGTTCCGCGA-1	Oligo
TGAGCCGGTTGGACGA-1	Oligo
TGAGCCGTCCAGAGAG-1	Oligo
TGAGTCAAGAAAGGGT-1	Oligo
TGAGTCAAGATATGAC-1	Oligo
TGAGTCAAGCGGACAT-1	Oligo
TGAGTCAAGTATCTGC-1	Oligo
TGAGTCACACTGTCGG-1	Oligo
TGAGTCACATTGTTCT-1	Oligo
TGATCAGAGACAGCTG-1	Oligo
TGATCAGAGGCACCTC-1	Oligo
TGATCAGAGTCGAGCA-1	Oligo
TGATCAGAGTTCCCGG-1	Oligo
TGATCAGTCAACACGT-1	Oligo
TGATCAGTCCATAACG-1	Oligo
TGATCAGTCTCGTAGA-1	Oligo
TGATGCAAGAAACGCC-1	Oligo
TGATGCAAGTGTCGGA-1	Oligo
TGATGCACAGGTGTGA-1	Oligo
TGATGCACAGTCAGCC-1	Oligo
TGATGCAGTAACTGAA-1	Oligo
TGATGCAGTACAACGG-1	Oligo
TGATGCAGTCTGTGTA-1	Oligo
TGATGCATCAACGTGT-1	Oligo
TGATGCATCTCGGCGA-1	Oligo
TGATTTCAGTAGTCGG-1	Oligo
TGATTTCCAGATTTGC-1	Oligo
TGATTTCGTAGACGCA-1	Oligo
TGATTTCTCAAGTTGC-1	Oligo
TGATTTCTCAGTCACA-1	Oligo
TGCACCTAGTCTCCAA-1	Oligo
TGCACCTAGTGGGACT-1	Oligo
TGCACCTGTATGAAGT-1	Oligo
TGCACCTGTCATTGGT-1	Oligo
TGCACCTGTGCGCATC-1	Oligo
TGCACCTGTTAGCTCA-1	Oligo
TGCACCTTCCCATAGA-1	Oligo
TGCACCTTCGTCGCAG-1	Oligo
TGCACCTTCTAAACGC-1	Oligo
TGCATGAAGACTTGAA-1	Oligo
TGCATGACACAAACAA-1	Oligo
TGCATGAGTACAAGCG-1	Oligo
TGCATGAGTTCCAATG-1	Oligo
TGCATGAGTTCTACGA-1	Oligo
TGCATGATCTGCGTCT-1	Oligo
TGCATTTAGAGAACCC-1	Oligo
TGCATTTAGGTTGACG-1	Oligo
TGCATTTCACTCGGAC-1	Oligo
TGCATTTCAGAAAGAG-1	Oligo
TGCATTTCAGAGATGC-1	Oligo
TGCATTTCAGCGTAGA-1	Oligo
TGCATTTCAGCTGATT-1	Oligo
TGCATTTCAGGAGCAT-1	Oligo
TGCATTTCATATTGGC-1	Oligo
TGCATTTCATGTAGAA-1	Oligo
TGCATTTCATTACTCT-1	Oligo
TGCATTTGTACGCAAG-1	Oligo
TGCATTTGTACGGTTT-1	Oligo
TGCATTTGTAGATGAT-1	Oligo
TGCATTTGTCAACAGG-1	Oligo
TGCATTTGTGATGTGG-1	Oligo
TGCATTTGTGCTTCCT-1	Oligo
TGCATTTGTTCTACGA-1	Oligo
TGCATTTGTTGCCTGG-1	Oligo
TGCATTTTCGATAGCT-1	Oligo
TGCCTCAAGAGGCAGG-1	Oligo
TGCCTCACAAACCTAC-1	Oligo
TGCCTCACAGTTGCAT-1	Oligo
TGCCTCACATTATGGC-1	Oligo
TGCCTCAGTATGTTCG-1	Oligo
TGCCTCATCTATAGGC-1	Oligo
TGCCTGTAGAACGACC-1	Oligo
TGCCTGTCAGGTAACG-1	Oligo
TGCCTGTGTAGCGGTA-1	Oligo
TGCCTGTGTTTGTACG-1	Oligo
TGCCTGTTCCCTACCA-1	Oligo
TGCGTAAAGAACAGGA-1	Oligo
TGCGTAACAGAACGAC-1	Oligo
TGCGTAACATGCGACC-1	Oligo
TGCGTAATCGCTGATA-1	Oligo
TGCTATTAGTCGGGAT-1	Oligo
TGCTATTAGTCTCTAG-1	Oligo
TGCTATTCATCCTGGG-1	Oligo
TGCTATTGTAAGCCTT-1	Oligo
TGCTATTGTACTATGC-1	Oligo
TGCTATTGTAGACGCA-1	Oligo
TGCTATTGTCACATTG-1	Oligo
TGCTATTGTCTGCGCA-1	Oligo
TGCTATTTCCCTACCA-1	Oligo
TGCTATTTCTCTTAAC-1	Oligo
TGCTATTTCTTGTGCC-1	Oligo
TGCTCACAGAAGACTT-1	Oligo
TGCTCACAGTCGATAA-1	Oligo
TGCTCACCACAACGGA-1	Oligo
TGCTCACCACTCGTGG-1	Oligo
TGCTCACCATCCTGGG-1	Oligo
TGCTCACCATTAAGGA-1	Oligo
TGCTCACGTATGTCCA-1	Oligo
TGCTCACGTATTGTGC-1	Oligo
TGCTCACGTGCCAAGA-1	Oligo
TGCTCACGTTGTATCG-1	Oligo
TGCTCACTCCCATAGA-1	Oligo
TGCTCACTCTAGCAAC-1	Oligo
TGCTCGTAGCGTGTTT-1	Oligo
TGCTCGTAGCTCCGGT-1	Oligo
TGCTCGTAGTTCGCGC-1	Oligo
TGCTCGTAGTTCTCCC-1	Oligo
TGCTCGTCATTTCACT-1	Oligo
TGCTCGTGTATCACAC-1	Oligo
TGCTCGTGTCTGAGCC-1	Oligo
TGCTCGTGTGGTAGAC-1	Oligo
TGCTCGTTCCTGGGAC-1	Oligo
TGCTCGTTCTGTTGCC-1	Oligo
TGCTTCGAGATTAGAC-1	Oligo
TGCTTCGCAGGCTACC-1	Oligo
TGCTTCGTCCAGGCCA-1	Oligo
TGCTTCGTCCCGTATC-1	Oligo
TGCTTTAAGTACAACA-1	Oligo
TGCTTTAAGTGAGTGC-1	Oligo
TGCTTTACAAAGAAGG-1	Oligo
TGCTTTACACCTATTT-1	Oligo
TGCTTTACATCCTGGG-1	Oligo
TGCTTTACATGCGACC-1	Oligo
TGCTTTAGTACAAGCG-1	Oligo
TGGAAGGAGAACTCCT-1	Oligo
TGGAAGGAGTGGGACT-1	Oligo
TGGAAGGCAAAGCTGG-1	Oligo
TGGAAGGCACTAAACC-1	Oligo
TGGAAGGGTAGACACG-1	Oligo
TGGAAGGTCGGTCCGA-1	Oligo
TGGAAGGTCTCGACCT-1	Oligo
TGGAAGGTCTTCCACG-1	Oligo
TGGACATAGCAACTGG-1	Oligo
TGGACATAGTAGGTCG-1	Oligo
TGGACATAGTTCGCGC-1	Oligo
TGGACATCACGTGAAG-1	Oligo
TGGACATCAGGATAGC-1	Oligo
TGGACATCATGGTTTG-1	Oligo
TGGACATGTATCTAGC-1	Oligo
TGGACATGTTCCCTTG-1	Oligo
TGGACATTCAGGTCTA-1	Oligo
TGGACATTCCTCATTA-1	Oligo
TGGCAATCAAATAGTG-1	Oligo
TGGCAATCAATCACTG-1	Oligo
TGGCAATCACGCGTTG-1	Oligo
TGGCAATTCCTGTAGA-1	Oligo
TGGCCTTAGACCCTAT-1	Oligo
TGGCCTTAGAGGTGGG-1	Oligo
TGGCCTTAGGGATCCA-1	Oligo
TGGCCTTCAAACAGTA-1	Oligo
TGGCCTTCAAGGGTAC-1	Oligo
TGGCCTTGTACGTAAA-1	Oligo
TGGCCTTGTGATGCGA-1	Oligo
TGGCCTTTCACACGTA-1	Oligo
TGGCCTTTCGGTCCGA-1	Oligo
TGGCCTTTCGGTGATT-1	Oligo
TGGCCTTTCGTCGCAG-1	Oligo
TGGCCTTTCTTCTTCC-1	Oligo
TGGCGCACACACATGT-1	Oligo
TGGCGCAGTATTCTTC-1	Oligo
TGGCGCAGTTACGAAA-1	Oligo
TGGGTGCAGAATAGTC-1	Oligo
TGGGTGCAGGGCTTCC-1	Oligo
TGGGTGCAGTACTCTG-1	Oligo
TGGGTGCAGTTAGAGT-1	Oligo
TGGGTGCCAGTGCGAA-1	Oligo
TGGGTGCGTCAGCTTA-1	Oligo
TGGGTGCGTGGACCAA-1	Oligo
TGGGTGCGTTTGCGAT-1	Oligo
TGGGTGCTCCCACTTG-1	Oligo
TGGGTGCTCGGATAGG-1	Oligo
TGGGTGCTCTTATCAC-1	Oligo
TGGGTTAAGACTAGCG-1	Oligo
TGGGTTAAGCGAGAAA-1	Oligo
TGGGTTACAAGAGATT-1	Oligo
TGGGTTACAAGTCTGT-1	Oligo
TGGGTTAGTCGCTAGC-1	Oligo
TGGGTTAGTGTGACCC-1	Oligo
TGGGTTAGTGTTTCTT-1	Oligo
TGGGTTATCAGGAAGC-1	Oligo
TGGGTTATCCACGAGC-1	Oligo
TGGGTTATCCATAGGT-1	Oligo
TGGGTTATCGATCTTT-1	Oligo
TGGTCAAAGAACCCGA-1	Oligo
TGGTCAAAGAAGAGTG-1	Oligo
TGGTCAAAGTACCCAT-1	Oligo
TGGTCAAGTAAAGGCC-1	Oligo
TGGTCAAGTCCACCAG-1	Oligo
TGGTCAAGTTACGAAA-1	Oligo
TGGTCCTAGGATTGAT-1	Oligo
TGGTCCTCATCGTGAT-1	Oligo
TGGTCCTGTCTGGTTA-1	Oligo
TGGTCCTGTGATTCCA-1	Oligo
TGGTCCTTCCTAGAGT-1	Oligo
TGTAAGCAGATGGGAA-1	Oligo
TGTAAGCAGCTCGGCT-1	Oligo
TGTAAGCAGGGTGTTG-1	Oligo
TGTAAGCAGTATACCC-1	Oligo
TGTAAGCCACGCGCAT-1	Oligo
TGTAAGCCACTGTCAA-1	Oligo
TGTAAGCCACTTATGG-1	Oligo
TGTAAGCCATCCGTAA-1	Oligo
TGTAAGCGTACGCAAG-1	Oligo
TGTAAGCGTCATAGAA-1	Oligo
TGTAAGCGTCCTTCAC-1	Oligo
TGTAAGCTCGTCTTAT-1	Oligo
TGTACAGAGAAATACC-1	Oligo
TGTACAGAGCAACGGT-1	Oligo
TGTACAGAGCATTGGG-1	Oligo
TGTACAGAGCGCATTT-1	Oligo
TGTACAGAGTGTCGGA-1	Oligo
TGTACAGCACGGTTAT-1	Oligo
TGTACAGGTCAGAAAT-1	Oligo
TGTACAGTCCAGAATC-1	Oligo
TGTACGAAGATCGCCC-1	Oligo
TGTACGACAAAGCTGG-1	Oligo
TGTACGACACTGGGCT-1	Oligo
TGTACGACAGTTGCAT-1	Oligo
TGTACGAGTAGTCCAT-1	Oligo
TGTACGATCCAACAAC-1	Oligo
TGTACGATCGCAAACT-1	Oligo
TGTAGCAAGAACGTCG-1	Oligo
TGTAGCAAGCAGAATT-1	Oligo
TGTAGCAAGCTAGTTC-1	Oligo
TGTAGCAAGTCTCCAA-1	Oligo
TGTAGCAAGTGCTAGG-1	Oligo
TGTAGCACACCAAGGA-1	Oligo
TGTAGCAGTACGACCC-1	Oligo
TGTAGCAGTACGTAAA-1	Oligo
TGTAGCAGTACGTATC-1	Oligo
TGTAGCAGTCGATAGG-1	Oligo
TGTAGCAGTCTAACCA-1	Oligo
TGTAGCAGTGCTTTGA-1	Oligo
TGTAGCAGTGGGTAGT-1	Oligo
TGTAGCATCCATAACG-1	Oligo
TGTAGCATCGACTTAG-1	Oligo
TGTGACAAGAGTGGAA-1	Oligo
TGTGACAAGCGTTGCC-1	Oligo
TGTGACAAGCTAGCAG-1	Oligo
TGTGACAAGGACCGAT-1	Oligo
TGTGACACAAATGTCC-1	Oligo
TGTGACACAAGGATGC-1	Oligo
TGTGACACACCTACCT-1	Oligo
TGTGACAGTAAACGGC-1	Oligo
TGTGACAGTATGGTTC-1	Oligo
TGTGACATCCAGGTCG-1	Oligo
TGTGACATCGTGAGTT-1	Oligo
TGTGGCGAGTTCCAGT-1	Oligo
TGTGGCGCAGTAAGCG-1	Oligo
TGTGGCGCATAGCCAT-1	Oligo
TGTGGCGGTATCTAGC-1	Oligo
TGTGGCGGTCATTGGT-1	Oligo
TGTGGCGGTGCGACCT-1	Oligo
TGTGGCGGTTACCCAA-1	Oligo
TGTGGCGGTTTGTGAC-1	Oligo
TGTGGCGTCGGTTGTA-1	Oligo
TGTGGCGTCTCATATC-1	Oligo
TGTGGCGTCTCTATCA-1	Oligo
TGTGTCCAGGGATCCA-1	Oligo
TGTGTCCCAAGCGTCC-1	Oligo
TGTGTCCCACGTTGTA-1	Oligo
TGTGTCCGTGCCAAGA-1	Oligo
TGTGTCCGTGCCCGAT-1	Oligo
TGTGTCCGTTACTTTC-1	Oligo
TGTGTCCTCAAAGTAG-1	Oligo
TGTTAGGAGCAGGAGG-1	Oligo
TGTTAGGAGTCGTATC-1	Oligo
TGTTAGGAGTTGTCCA-1	Oligo
TGTTAGGCACCGAATT-1	Oligo
TGTTAGGCATAGCCGC-1	Oligo
TGTTAGGGTACCCATA-1	Oligo
TGTTAGGGTTAGGAAT-1	Oligo
TGTTAGGGTTTGCGAT-1	Oligo
TGTTAGGTCCAGGTCG-1	Oligo
TGTTAGGTCTGATCCC-1	Oligo
TTAACGGAGAGGTCCA-1	Oligo
TTAACGGAGGGTAATT-1	Oligo
TTAACGGAGGTCGTTT-1	Oligo
TTAACGGAGTAACTCC-1	Oligo
TTAACGGAGTCCAGAG-1	Oligo
TTAACGGAGTGATCTC-1	Oligo
TTAACGGCAAGCACTT-1	Oligo
TTAACGGCACCTGAAT-1	Oligo
TTAACGGCACGATTAC-1	Oligo
TTAACGGCACTGCTCT-1	Oligo
TTAACGGCATCGTACA-1	Oligo
TTAACGGGTAGTTTGC-1	Oligo
TTAACGGGTCATTGGT-1	Oligo
TTAACGGGTGGAGTGT-1	Oligo
TTAACGGTCGTTTGAG-1	Oligo
TTAACGGTCTCTCAAT-1	Oligo
TTACCCGAGAGAAGCA-1	Oligo
TTACCCGAGAGGCGGA-1	Oligo
TTACCCGGTAGTACAA-1	Oligo
TTACCCGGTCTGATTG-1	Oligo
TTACCCGGTTCCTGTC-1	Oligo
TTACCCGTCCAACAAC-1	Oligo
TTACCCGTCCAGTTAG-1	Oligo
TTACCCGTCTTGTACT-1	Oligo
TTACCGCAGCATGTGG-1	Oligo
TTACCGCTCATGTTCT-1	Oligo
TTACGGACAACAACTC-1	Oligo
TTACGGAGTAGGGTTG-1	Oligo
TTACGGAGTTTCAGCA-1	Oligo
TTACGGATCCGTACGG-1	Oligo
TTACGGATCTTCATAC-1	Oligo
TTACGTTAGAAAGGGT-1	Oligo
TTACGTTAGGGTGTTG-1	Oligo
TTACGTTCACAGAAGC-1	Oligo
TTACGTTCACTGTTAG-1	Oligo
TTACGTTGTCTGTTGA-1	Oligo
TTACGTTTCGTGAGTT-1	Oligo
TTACGTTTCTCTCAAT-1	Oligo
TTACGTTTCTGTGTGA-1	Oligo
TTACTCAAGTAGGTCG-1	Oligo
TTACTCACACCACCAG-1	Oligo
TTACTCACATGCCCTT-1	Oligo
TTACTCACATGGCCTG-1	Oligo
TTACTCATCATACTTC-1	Oligo
TTACTCATCATTCTTG-1	Oligo
TTACTCATCCTGGGAC-1	Oligo
TTACTCATCGTTACAG-1	Oligo
TTACTTGAGAGGCCTA-1	Oligo
TTACTTGCAAACTACC-1	Oligo
TTACTTGGTGTGACCC-1	Oligo
TTACTTGTCATCGCTC-1	Oligo
TTACTTGTCCCAGCAG-1	Oligo
TTACTTGTCGGTTAGT-1	Oligo
TTACTTGTCTCTGTTA-1	Oligo
TTAGCGAAGAGAGGTA-1	Oligo
TTAGCGAAGATGGGTC-1	Oligo
TTAGCGAAGGGTTCTT-1	Oligo
TTAGCGACAAGTCTGT-1	Oligo
TTAGCGACACTCCACT-1	Oligo
TTAGCGACAGCAACCC-1	Oligo
TTAGCGACATTACCTT-1	Oligo
TTAGCGAGTAAAGCTA-1	Oligo
TTAGCGAGTCAGAGTG-1	Oligo
TTAGCGAGTCCCGAGT-1	Oligo
TTAGCGAGTCTGAGCC-1	Oligo
TTAGCGAGTTTCGACA-1	Oligo
TTAGCTTAGTGATCTC-1	Oligo
TTAGCTTAGTTGCTTG-1	Oligo
TTAGCTTGTGACAAGC-1	Oligo
TTAGCTTGTGCTTCCT-1	Oligo
TTAGCTTTCGGTGATT-1	Oligo
TTAGCTTTCTCTTCTC-1	Oligo
TTAGGTGAGCCTGTAT-1	Oligo
TTAGGTGAGGCAGATC-1	Oligo
TTAGGTGAGGGTGTTG-1	Oligo
TTAGGTGCAAGATTAG-1	Oligo
TTAGGTGCAATGCACT-1	Oligo
TTAGGTGCACCGTTGG-1	Oligo
TTAGGTGCAGGACTGA-1	Oligo
TTAGGTGCATTCTTTG-1	Oligo
TTAGGTGTCCCAATAG-1	Oligo
TTAGGTGTCCTGTAGA-1	Oligo
TTAGGTGTCTATAGGC-1	Oligo
TTAGGTGTCTCTGAGA-1	Oligo
TTATGTCAGATTACGA-1	Oligo
TTATGTCAGGAGAACA-1	Oligo
TTATGTCCAGCAACGA-1	Oligo
TTATGTCGTGCGCTCA-1	Oligo
TTATGTCGTGTCTACA-1	Oligo
TTATGTCGTGTTGTTG-1	Oligo
TTATGTCGTTCCAGTA-1	Oligo
TTATGTCGTTGGGAAC-1	Oligo
TTATGTCTCACGGGTC-1	Oligo
TTATGTCTCGGTTAGT-1	Oligo
TTATGTCTCTATCCTA-1	Oligo
TTATGTCTCTCTTCCT-1	Oligo
TTCAACTAGAACTAAC-1	Oligo
TTCAACTAGGTTCGTT-1	Oligo
TTCAACTGTATTCTCT-1	Oligo
TTCAACTGTCATAGAA-1	Oligo
TTCATCAAGAGGAATG-1	Oligo
TTCATCAAGCTAGCAG-1	Oligo
TTCATCAAGTCAGCCC-1	Oligo
TTCATCACACATAAAG-1	Oligo
TTCATCACACCTACCT-1	Oligo
TTCATCAGTCAGCTTA-1	Oligo
TTCATCATCGCAGATT-1	Oligo
TTCATCATCTGGAAGG-1	Oligo
TTCATTGAGATTCCGT-1	Oligo
TTCATTGCACTAAACC-1	Oligo
TTCATTGCAGCTATAC-1	Oligo
TTCATTGCATGGCCTG-1	Oligo
TTCATTGGTACAACGG-1	Oligo
TTCATTGGTCTAAAGA-1	Oligo
TTCATTGGTGATAGAT-1	Oligo
TTCATTGGTGCACATT-1	Oligo
TTCATTGGTTACACTG-1	Oligo
TTCATTGGTTTGGATC-1	Oligo
TTCGATTAGACAACGC-1	Oligo
TTCGATTAGACACAAT-1	Oligo
TTCGATTAGCGTAGCA-1	Oligo
TTCGATTCAAGTCCTA-1	Oligo
TTCGATTCACTTATGG-1	Oligo
TTCGATTCAGATTAAG-1	Oligo
TTCGATTCAGTGGTCC-1	Oligo
TTCGATTGTATTCGCA-1	Oligo
TTCGATTGTCCGTAGC-1	Oligo
TTCGATTGTGAATGTA-1	Oligo
TTCGATTGTGCCAAGA-1	Oligo
TTCGATTGTGTCCCAG-1	Oligo
TTCGATTTCATACTTC-1	Oligo
TTCGATTTCGGGCTCA-1	Oligo
TTCGATTTCGTGGTAT-1	Oligo
TTCGCGTAGAGGTCCA-1	Oligo
TTCGCGTAGTCTGTGT-1	Oligo
TTCGCGTGTACGGAGT-1	Oligo
TTCGCGTGTCTGTCCT-1	Oligo
TTCGCGTGTGAGTAAT-1	Oligo
TTCGCGTTCGATCTTT-1	Oligo
TTCGGTCAGGATTGAT-1	Oligo
TTCGGTCAGGGTGTTG-1	Oligo
TTCGGTCAGTCGGGAT-1	Oligo
TTCGGTCCAGACTAAA-1	Oligo
TTCGGTCCAGTAACCT-1	Oligo
TTCGGTCCATCGACGC-1	Oligo
TTCGGTCGTAGTTTGC-1	Oligo
TTCGGTCGTATGAAGT-1	Oligo
TTCGGTCGTTCCAATG-1	Oligo
TTCGGTCGTTTGTCTT-1	Oligo
TTCGGTCTCACGTCAA-1	Oligo
TTCGGTCTCCATAGGT-1	Oligo
TTCGTTAAGATGGCAC-1	Oligo
TTCGTTAAGGTACATA-1	Oligo
TTCGTTAGTTAAGGGC-1	Oligo
TTCGTTATCACTGATG-1	Oligo
TTCGTTATCTTCGTTA-1	Oligo
TTCTAACAGGCAGTGT-1	Oligo
TTCTAACAGTCTGCTA-1	Oligo
TTCTAACAGTGCCCTG-1	Oligo
TTCTAACCAATGCCAT-1	Oligo
TTCTAACGTCGTAGTT-1	Oligo
TTCTAACTCCTCCCAA-1	Oligo
TTCTAACTCGAGCGCT-1	Oligo
TTCTGTAAGATAGGTT-1	Oligo
TTCTGTAAGTCCGTGC-1	Oligo
TTCTGTAAGTGCTGAG-1	Oligo
TTCTGTACAATGATGA-1	Oligo
TTCTGTACATCGTACA-1	Oligo
TTCTGTAGTAAACGGC-1	Oligo
TTCTGTAGTACCCACG-1	Oligo
TTCTGTAGTTACGGAG-1	Oligo
TTCTGTATCAGCGGTC-1	Oligo
TTCTGTATCAGTGTGT-1	Oligo
TTGACGAAGAATCAAC-1	Oligo
TTGACGACAACAACTC-1	Oligo
TTGACGACACAGCTTA-1	Oligo
TTGACGAGTATGGTTC-1	Oligo
TTGACGATCTGGGCGT-1	Oligo
TTGAGCAAGAGAGGTA-1	Oligo
TTGAGCAAGCGAGCTA-1	Oligo
TTGAGCAAGTCTGGGA-1	Oligo
TTGAGCAAGTTGCGCC-1	Oligo
TTGAGCACATAGATAG-1	Oligo
TTGAGCAGTAGACGCA-1	Oligo
TTGAGCAGTATTGTGC-1	Oligo
TTGAGCATCGTGATAC-1	Oligo
TTGAGTGAGAGTAAGG-1	Oligo
TTGAGTGCATTACTTC-1	Oligo
TTGAGTGGTATGGATA-1	Oligo
TTGAGTGGTCCGTAGC-1	Oligo
TTGAGTGGTCTGTGTA-1	Oligo
TTGAGTGGTGGACAGT-1	Oligo
TTGAGTGGTTGCCGCA-1	Oligo
TTGAGTGTCGCACCTT-1	Oligo
TTGCACCAGATCGAGC-1	Oligo
TTGCACCAGGCGACTA-1	Oligo
TTGCACCCAGAGATGC-1	Oligo
TTGCACCGTACTTGAC-1	Oligo
TTGCACCGTTAACTCG-1	Oligo
TTGCACCTCGGTTGTA-1	Oligo
TTGCACCTCTATCTAC-1	Oligo
TTGCAGAAGAGAGTTT-1	Oligo
TTGCAGAAGGTCACTT-1	Oligo
TTGCAGACACCGAATT-1	Oligo
TTGCAGACACTTATGG-1	Oligo
TTGCAGAGTAGCGGTA-1	Oligo
TTGCAGAGTGAATGGC-1	Oligo
TTGCAGAGTTAAGGGC-1	Oligo
TTGCAGAGTTTGAAGA-1	Oligo
TTGCAGATCGGGAATG-1	Oligo
TTGCAGATCGGTCAGC-1	Oligo
TTGCAGATCTAGTCGA-1	Oligo
TTGCCCACAGGACTGA-1	Oligo
TTGCCCAGTCCGTAGC-1	Oligo
TTGCCCATCAAACCCA-1	Oligo
TTGCCCATCACTCGTC-1	Oligo
TTGCGAAAGAGGTCCA-1	Oligo
TTGCGAACAAGTAACA-1	Oligo
TTGCGAATCATTCGGA-1	Oligo
TTGCGAATCCTCCAGT-1	Oligo
TTGCGAATCGCTTGAA-1	Oligo
TTGCGAATCGTCGCAG-1	Oligo
TTGCGGGAGAACTAAC-1	Oligo
TTGCGGGAGTATGGGC-1	Oligo
TTGCGGGAGTCTGCTA-1	Oligo
TTGCGGGCACCATTCC-1	Oligo
TTGCGGGGTATTTGCG-1	Oligo
TTGCGGGGTTACCCAA-1	Oligo
TTGCGGGGTTATCGAC-1	Oligo
TTGCGGGTCAGTGTAC-1	Oligo
TTGCGGGTCGAAGCCC-1	Oligo
TTGCTATCAAGAGCGT-1	Oligo
TTGCTATCAAGGTTCT-1	Oligo
TTGCTATCAGGGTAAC-1	Oligo
TTGCTATGTGAGTTGG-1	Oligo
TTGCTATTCACGATTG-1	Oligo
TTGCTATTCAGGCCGT-1	Oligo
TTGCTATTCCAATCCC-1	Oligo
TTGCTATTCCGATGCG-1	Oligo
TTGCTATTCTCGTGAA-1	Oligo
TTGCTTAAGAGTAAGG-1	Oligo
TTGCTTAAGCACACCC-1	Oligo
TTGCTTACAATTGTGC-1	Oligo
TTGCTTACATGTGAGG-1	Oligo
TTGCTTATCACGATTG-1	Oligo
TTGCTTATCCTAAGTG-1	Oligo
TTGCTTATCGTGATAC-1	Oligo
TTGGTCCAGATCGAGC-1	Oligo
TTGGTCCAGCTCCGGT-1	Oligo
TTGGTCCAGTATACGA-1	Oligo
TTGGTCCCATCCATAG-1	Oligo
TTGGTCCGTGGACTGA-1	Oligo
TTGGTCCGTTAGCTCA-1	Oligo
TTGGTCCGTTCCAGTA-1	Oligo
TTGGTCCTCACGTGTA-1	Oligo
TTGGTCCTCGACGGAA-1	Oligo
TTGGTCCTCGGATAAA-1	Oligo
TTGTCTAAGAATACTG-1	Oligo
TTGTCTAAGCTGCCAC-1	Oligo
TTGTCTAAGGGAAATG-1	Oligo
TTGTCTAAGGGCTTCC-1	Oligo
TTGTCTACAACACGGA-1	Oligo
TTGTCTACAAGCCTTA-1	Oligo
TTGTCTACAGGCATCC-1	Oligo
TTGTCTAGTGGCGCTT-1	Oligo
TTGTCTATCGTAGCGC-1	Oligo
TTGTCTATCTTCCGTG-1	Oligo
TTGTTCACAGGTCTGC-1	Oligo
TTGTTCACATGCCCTT-1	Oligo
TTGTTCAGTAGAAGCC-1	Oligo
TTGTTCAGTGTTGGTT-1	Oligo
TTGTTCAGTTAGGAAT-1	Oligo
TTGTTCAGTTGGCTAT-1	Oligo
TTGTTCATCCAGTTAG-1	Oligo
TTGTTCATCCCACTAC-1	Oligo
TTGTTCATCCCAGTAA-1	Oligo
TTGTTCATCTATCTAC-1	Oligo
TTGTTCATCTCGACCT-1	Oligo
TTGTTGTAGACCATAA-1	Oligo
TTGTTGTCAATTGGCT-1	Oligo
TTGTTGTCAGTTACAC-1	Oligo
TTGTTGTGTAGAAGCC-1	Oligo
TTGTTGTGTAGACGCA-1	Oligo
TTGTTGTGTGTCCAGC-1	Oligo
TTGTTGTGTTCTTATC-1	Oligo
TTGTTGTTCCCACGGA-1	Oligo
TTGTTGTTCTGAGTCA-1	Oligo
TTTACGTAGAGTCCGA-1	Oligo
TTTACGTAGCCATTCA-1	Oligo
TTTACGTCACCTGAAT-1	Oligo
TTTACGTCAGTTAAAG-1	Oligo
TTTACGTGTAGCTGTT-1	Oligo
TTTGAGGAGATTACGA-1	Oligo
TTTGAGGCAATTCAGC-1	Oligo
TTTGAGGCATCGACCG-1	Oligo
TTTGAGGGTTTGAAGA-1	Oligo
TTTGAGGTCCGAGGAA-1	Oligo
TTTGAGGTCTTAGTGG-1	Oligo
TTTGCGCAGCTGAGGT-1	Oligo
TTTGCGCAGTAGTCGG-1	Oligo
TTTGCGCCAAGCAATA-1	Oligo
TTTGCGCCATCCCTCA-1	Oligo
TTTGCGCGTAGTCCAT-1	Oligo
TTTGCGCGTGAGCTAG-1	Oligo
TTTGCGCGTTAACTCG-1	Oligo
TTTGCGCTCGAAGCCC-1	Oligo
TTTGCGCTCGGATAGG-1	Oligo
TTTGCGCTCGGCATAT-1	Oligo
TTTGGCCAGATCTCAC-1	Oligo
TTTGGCCAGCATTGGG-1	Oligo
TTTGGCCCAAAGGCCA-1	Oligo
TTTGGCCCAATGCCAT-1	Oligo
TTTGGCCCACGATATC-1	Oligo
TTTGGCCGTCCAAGAG-1	Oligo
TTTGGCCGTGCGTCCA-1	Oligo
TTTGGCCGTTTGCATG-1	Oligo
TTTGGCCTCGATAGGG-1	Oligo
TTTGGCCTCGGGCTCA-1	Oligo
TTTGGCCTCGTTCCGT-1	Oligo
TTTGGTTAGACACGGT-1	Oligo
TTTGGTTAGCAACTGG-1	Oligo
TTTGGTTCACGCCGAT-1	Oligo
TTTGGTTCAGGACTGA-1	Oligo
TTTGGTTGTATCCCTC-1	Oligo
TTTGGTTTCACATCCC-1	Oligo
TTTGGTTTCGATGCAT-1	Oligo
TTTGGTTTCGGGTCCA-1	Oligo
TTTGTGTAGCCTTTGA-1	Oligo
TTTGTGTAGGCTCCTG-1	Oligo
TTTGTGTCAAGGACCA-1	Oligo
TTTGTGTGTAGGGTTG-1	Oligo
TTTGTGTGTCCACCAG-1	Oligo
TTTGTGTGTCGCGCTA-1	Oligo
TTTGTGTGTGCGCATC-1	Oligo
TTTGTGTGTTTGTCTT-1	Oligo
TTTGTGTTCACTCCCA-1	Oligo
TTTGTGTTCCGGGCAT-1	Oligo
TTTGTGTTCCTCTCTT-1	Oligo
TTTGTGTTCGCACCTT-1	Oligo
TTTGTGTTCGTAGCGC-1	Oligo
TTTGTGTTCTATTTCG-1	Oligo
TTTGTGTTCTCCACTG-1	Oligo
AAACTCGGTACTAGAA-1	OPC
AAACTGCAGTCGCGTC-1	OPC
AAAGATGCAGAAGTGC-1	OPC
AAAGGATGTCGCTAGC-1	OPC
AAAGGATGTGAGTTGG-1	OPC
AAATGAGAGCTCGGCT-1	OPC
AACAAAGGTTTAGAAG-1	OPC
AACAAAGTCTTATCAC-1	OPC
AACATCGCACTGGGCT-1	OPC
AACCGATAGCATGATA-1	OPC
AACCGATAGGTGATGC-1	OPC
AACCTGAAGAAAGGGT-1	OPC
AACTGTGTCAGCCGAC-1	OPC
AAGATAGAGGATTGAT-1	OPC
AAGATAGGTTCCAATG-1	OPC
AATACGCCACTGGGCT-1	OPC
AATGGAATCTTTGCAT-1	OPC
AATGGCTAGCAGTAGC-1	OPC
AATGGCTCAACTCGAT-1	OPC
ACAAAGAGTTGGCTAT-1	OPC
ACAAAGATCGCGGCAT-1	OPC
ACAAGCTAGCTATCCA-1	OPC
ACAATCGCAATTAGGA-1	OPC
ACAGAAACAAACCTAC-1	OPC
ACAGAAACAACTTGGT-1	OPC
ACAGAAACACTCCTCA-1	OPC
ACAGAAACATCCTCGT-1	OPC
ACAGAAACATTATGGC-1	OPC
ACAGAAAGTGGCATAG-1	OPC
ACATGCATCGACGGAA-1	OPC
ACCGGGTAGTCCAGAG-1	OPC
ACCTGCTAGGTTTCTG-1	OPC
ACGGATTAGTCCGATT-1	OPC
ACTAACGTCTTGTCGC-1	OPC
ACTACCCTCTTTGCAT-1	OPC
ACTATTCCATGGTTTG-1	OPC
ACTATTCGTTCCAATG-1	OPC
ACTATTCTCTGACTTT-1	OPC
ACTGCAACAATTGTGC-1	OPC
ACTGCAAGTAGTCCAT-1	OPC
ACTGCAAGTTCTGAGT-1	OPC
ACTGCGGAGTCCAGAG-1	OPC
ACTGCGGGTGGACTGA-1	OPC
ACTGTCCGTATATGGA-1	OPC
ACTTCCGCAGGTAGGT-1	OPC
AGATAGATCTGAGTCA-1	OPC
AGCCAGCGTACGCAAG-1	OPC
AGCCAGCGTCAACAGG-1	OPC
AGCCAGCGTTGCCTGG-1	OPC
AGCCAGCTCTGGGCGT-1	OPC
AGCCCGAAGTCTCCAA-1	OPC
AGCCTGGAGGCGACTA-1	OPC
AGCCTGGCAAGACACG-1	OPC
AGCCTGGGTATCTGCA-1	OPC
AGCGATTTCAGAATGA-1	OPC
AGCGTGCTCGAGGTCC-1	OPC
AGCGTGCTCTCTATCA-1	OPC
AGGACGAAGTTGACAA-1	OPC
AGGACGACATCACAGT-1	OPC
AGGACGATCATCGCAA-1	OPC
AGGCCCAGTCTGAGCC-1	OPC
AGGCCCAGTGGTAGAC-1	OPC
AGGCCTGCAATTAGGA-1	OPC
AGGCCTGTCCTGGAAT-1	OPC
AGGCGAATCATCGCAA-1	OPC
AGGCGAATCTCGGCGA-1	OPC
AGTCAACGTTTCCGGG-1	OPC
AGTCAACTCCGGCGAT-1	OPC
AGTCCGGCATGTCCCT-1	OPC
AGTGCGCTCTTACTCA-1	OPC
AGTTACGAGAGAAGCA-1	OPC
ATAGGCTCAAGTCTGT-1	OPC
ATAGGCTCACAGTAGG-1	OPC
ATCCTCGTCTCAGATG-1	OPC
ATGCATGTCTTGTCAT-1	OPC
ATGTCTTAGAAAGGGT-1	OPC
ATGTCTTGTTCCAATG-1	OPC
ATTACCTGTATGGATA-1	OPC
ATTTGTCAGTTGAATG-1	OPC
ATTTGTCCACCGAATT-1	OPC
ATTTGTCCAGGACCTC-1	OPC
CAACCAAGTATCCTTT-1	OPC
CAACCAAGTCCTTATT-1	OPC
CAAGAAACAGGACCTC-1	OPC
CACAGATCACGTTGTA-1	OPC
CACCTGTCAGGAGCAT-1	OPC
CACCTTGCAACCTCCT-1	OPC
CACTGAAGTAGGTCTT-1	OPC
CACTGAAGTTCCCTTG-1	OPC
CAGCTAAAGACCCATT-1	OPC
CAGCTAAGTCGATTAC-1	OPC
CAGCTGGCAGGAGCAT-1	OPC
CAGGGCTCAAAGGTCG-1	OPC
CAGTATGAGGTTCTCA-1	OPC
CAGTGCGAGACTAGCG-1	OPC
CAGTGTACAGGCAGAT-1	OPC
CAGTGTAGTGTACGCC-1	OPC
CATGTTTTCCGGGCAT-1	OPC
CCACAGGGTAGCTGTT-1	OPC
CCCAGAGGTGCTTCCT-1	OPC
CCCTAGTTCCCACTTG-1	OPC
CCCTCTCGTGCAAGCA-1	OPC
CCCTCTCTCCTATCCG-1	OPC
CCGAAGCCATGCGACC-1	OPC
CCGCATTGTACTAGAA-1	OPC
CCGTAGGCATGTATCG-1	OPC
CCGTGAGTCTTACTCA-1	OPC
CCTTGCATCCATGTTT-1	OPC
CCTTGGTAGGCAAGCT-1	OPC
CGAGTTATCGGTACTA-1	OPC
CGCACAGTCGCAAACT-1	OPC
CGCGCAAAGAAGGGCG-1	OPC
CGCGCAAGTTTAAGGA-1	OPC
CGCTAGGCATAGACGG-1	OPC
CGCTAGGTCGGATGTT-1	OPC
CGCTATCCAACGTAGG-1	OPC
CGCTGGAAGTCAGGAC-1	OPC
CGCTGGACAGATACAA-1	OPC
CGCTGGAGTGAATCAA-1	OPC
CGGACTGTCATCGCAA-1	OPC
CGTAAACCAGATTAAG-1	OPC
CGTACAACATTCCCGT-1	OPC
CGTACAATCAGTTGAC-1	OPC
CGTTCCAGTTGGACGA-1	OPC
CTACAGACAAGGAACC-1	OPC
CTACAGAGTCTAAAGA-1	OPC
CTAGCGGAGCAAGGTC-1	OPC
CTAGCGGAGCCTATAC-1	OPC
CTAGCGGCAATTCGTG-1	OPC
CTAGGATAGACGAAAG-1	OPC
CTAGGATAGCGTCAAG-1	OPC
CTCAACCAGGATCCTT-1	OPC
CTCAACCTCCTCTCTT-1	OPC
CTCACCAAGTCGAGCA-1	OPC
CTCATGCAGTCCAGAG-1	OPC
CTCCCAAAGTCCCTCT-1	OPC
CTCCCAAGTTCACGTA-1	OPC
CTCTAGCAGACTCGGA-1	OPC
CTCTAGCAGCACGTAG-1	OPC
CTCTCAGCAATTCTCT-1	OPC
CTCTCGATCACCGCGA-1	OPC
CTGCTCACAAGTTGCT-1	OPC
CTGGGACGTTACTTTC-1	OPC
CTGTTCGGTAGCCATT-1	OPC
CTGTTCGGTCGCGCTA-1	OPC
CTTAATCAGTGCACAG-1	OPC
CTTAATCCACTCAGCG-1	OPC
CTTGCTGCAGTAACCT-1	OPC
CTTGCTGTCCGCCTAT-1	OPC
GAAAGTAAGGATATCA-1	OPC
GAACCTAAGAATAGTC-1	OPC
GAACCTAGTATTTGCG-1	OPC
GAACTTGGTGGATTCT-1	OPC
GAACTTGTCGTCAACA-1	OPC
GAATCTGTCAGCACTA-1	OPC
GACCCAGCAACTAGAA-1	OPC
GACCCAGCATCTGCAA-1	OPC
GACTAGTCATCTGCAA-1	OPC
GAGACTTGTCTCTGGG-1	OPC
GAGATTCTCGGTCTAA-1	OPC
GAGCATTAGATACCAA-1	OPC
GAGCATTGTTGCAGAG-1	OPC
GAGCGCTCACATGATC-1	OPC
GAGGATGGTTACGAAA-1	OPC
GAGGTCCAGGAGTACC-1	OPC
GAGGTCCTCCTCCAGT-1	OPC
GATCATGCAAATGTCC-1	OPC
GATCATGCACAAACGG-1	OPC
GATCATGCACCTACCT-1	OPC
GATCATGCAGTAGGCA-1	OPC
GATCATGCATATACGC-1	OPC
GATGGCCAGCTACGCC-1	OPC
GATGGCCCATGGTTTG-1	OPC
GATGGCCGTCTGGTCG-1	OPC
GCAACCGAGGATTTGA-1	OPC
GCACCTTCATTCACCC-1	OPC
GCACCTTTCAAGAGAT-1	OPC
GCACGCAGTTGAATAG-1	OPC
GCAGCCAAGGTTTCTG-1	OPC
GCATGATCATGCCCTT-1	OPC
GCATTCCGTTACACTG-1	OPC
GCATTGAAGTGATCTC-1	OPC
GCATTGACAGCGCGTT-1	OPC
GCATTGACATGTGAGG-1	OPC
GCCAGACCACACTAGT-1	OPC
GCCATAACACTGTCAA-1	OPC
GCCTACTTCAGTACAC-1	OPC
GCCTAGGAGGTTAACA-1	OPC
GCCTAGGTCTCTTCCT-1	OPC
GCGAGAACAATGCCAT-1	OPC
GCGAGTCCAGCAACAG-1	OPC
GCGATCGCAAGGGTAC-1	OPC
GCGATCGCACTCAAGT-1	OPC
GCGCCAACATAGTCCA-1	OPC
GCGGAAAAGGTTAGTA-1	OPC
GCGGAAAGTGCTTACA-1	OPC
GCGGTGTCAGTAGTTC-1	OPC
GCGTAGCTCATTGCCC-1	OPC
GCTCCTATCCGCTATC-1	OPC
GCTCCTATCTGGCGCA-1	OPC
GCTCGAGAGAACTCCT-1	OPC
GCTCGAGTCCTCCCAA-1	OPC
GCTGTTCTCTCGTGAA-1	OPC
GGAGAACCAAGGAGGG-1	OPC
GGCGAAAAGCGGACAT-1	OPC
GGGAACATCCTCCATG-1	OPC
GGGACCTAGAGGAACA-1	OPC
GGGACCTAGGCAAGCT-1	OPC
GGGCCATTCCAACCTC-1	OPC
GGGTGTCGTTCGGGAA-1	OPC
GGGTTATTCGCAACTA-1	OPC
GGTAGGATCGCTAGTA-1	OPC
GGTAGGATCGGACGAA-1	OPC
GGTGAAGAGTAGAAGG-1	OPC
GGTGCTGCAGCTGATT-1	OPC
GGTGTCGAGTAGACCG-1	OPC
GGTGTCGCATGATTGC-1	OPC
GTCACCTCATACCCGG-1	OPC
GTCACGGCAATACTGC-1	OPC
GTCACGGCAGAACTTC-1	OPC
GTCACTCTCAGGGTTT-1	OPC
GTGACATGTATTCGCA-1	OPC
GTGATCAGTCGTAATC-1	OPC
GTGCTGGAGGCGTCCT-1	OPC
GTGTCCTAGTCGCGTC-1	OPC
GTGTCCTTCTTACGGA-1	OPC
GTTACGACATTGCACA-1	OPC
GTTATTCGTCACTCTC-1	OPC
GTTCAAGAGGTTCGAG-1	OPC
GTTGGGCGTGCAGACA-1	OPC
TAAACCGAGGCCTCTG-1	OPC
TAAACCGGTGTTGTTG-1	OPC
TAACGGTTCGCGGCAT-1	OPC
TAACTTCTCGTTCTAT-1	OPC
TAAGCCACAACGGGTA-1	OPC
TAAGTGCAGTCTCTAG-1	OPC
TAAGTGCCACCTCGTT-1	OPC
TAATTCCCAGTGGTCC-1	OPC
TACATTCAGGCAAGCT-1	OPC
TACCTATAGTTGTCCA-1	OPC
TACCTATTCCCGATTC-1	OPC
TACGCAAAGGTACTCT-1	OPC
TACGCAATCACGTGTA-1	OPC
TACGCCTGTCTGGTCG-1	OPC
TACTAGGCAGCACATT-1	OPC
TACTGCCCACCGATCG-1	OPC
TAGACTGAGATTCCGT-1	OPC
TAGACTGGTTATAGAG-1	OPC
TAGCACAAGTGAAACT-1	OPC
TAGCACACAAGGAGTC-1	OPC
TAGCACATCGATCGCG-1	OPC
TAGCATGCAGCGTCGT-1	OPC
TAGCATGTCCGGAAAG-1	OPC
TAGCCCTAGGAATGGA-1	OPC
TAGCCGGCACTTTGGA-1	OPC
TAGCCGGGTGTACGCC-1	OPC
TAGCTTTAGTGCCCTG-1	OPC
TAGGAGGTCTCTCAAT-1	OPC
TATCTGTGTATCTCAG-1	OPC
TATCTGTGTTTCACCC-1	OPC
TATGTGGAGCTAGTTC-1	OPC
TATGTGGAGGATTTGA-1	OPC
TATGTGGCATCCCGGA-1	OPC
TCAAAGCCAATGCCAT-1	OPC
TCAAGACTCCAGGTAT-1	OPC
TCAAGCATCGTTCAGA-1	OPC
TCACCTGGTTGTCGGC-1	OPC
TCAGCTCAGAGGAACA-1	OPC
TCAGGTACAGGTCCTG-1	OPC
TCAGGTAGTCCCGAGT-1	OPC
TCAGTTTAGGAGTAGA-1	OPC
TCAGTTTCAATTAGGA-1	OPC
TCAGTTTGTTAACCAC-1	OPC
TCCCACATCGCAGATT-1	OPC
TCCGACTGTGCGTGTC-1	OPC
TCGCCTAGTTGTCGGC-1	OPC
TCGGGACCACGCGACT-1	OPC
TCGGGACGTACTAGAA-1	OPC
TCGGGACGTGGACTGA-1	OPC
TCTAGTTAGGTAGGAA-1	OPC
TCTAGTTGTAAACGGC-1	OPC
TCTATTGAGACTAGCG-1	OPC
TCTATTGGTACCAAGG-1	OPC
TCTCAGCCACCACCAG-1	OPC
TGAATCGGTCCGCTTT-1	OPC
TGAATCGTCCGATGCG-1	OPC
TGAGCCGAGAGAACCC-1	OPC
TGAGCCGAGTTCGTTG-1	OPC
TGAGCCGCACTGTCAA-1	OPC
TGATGCATCCGAATTG-1	OPC
TGATTTCGTTTGTCTT-1	OPC
TGCACCTTCTTCACTA-1	OPC
TGCATGAAGGCGACTA-1	OPC
TGCATGAGTTGCAGAG-1	OPC
TGCATGATCAGTACAC-1	OPC
TGCATTTCAATCACTG-1	OPC
TGCCTGTTCCCGTATC-1	OPC
TGCTATTCAGGATGTG-1	OPC
TGCTATTGTCAATACC-1	OPC
TGCTATTGTCTGGGAA-1	OPC
TGCTTCGAGTCGCCTG-1	OPC
TGCTTCGCAACGCACC-1	OPC
TGCTTCGGTCAGAGTG-1	OPC
TGGACATCAGTCCTGG-1	OPC
TGGACATGTCACTCTC-1	OPC
TGGACATGTTGTCGGC-1	OPC
TGGCGCACATATACGC-1	OPC
TGGCGCATCACTCGGG-1	OPC
TGGTCAAAGAGAATTC-1	OPC
TGGTCCTCAACTCAAC-1	OPC
TGTAAGCCAGGTGGTA-1	OPC
TGTACAGCAGTTAAAG-1	OPC
TGTACGAAGACTAGCG-1	OPC
TGTACGATCGCATACA-1	OPC
TGTAGCAGTGCTTGAT-1	OPC
TGTAGCATCTTGTACT-1	OPC
TGTGTCCGTAAACGTA-1	OPC
TGTTAGGAGCATGATA-1	OPC
TTAACGGTCCTCAAGA-1	OPC
TTAGCGACATCACAGT-1	OPC
TTCAACTAGCAGAAAG-1	OPC
TTCGATTTCCAGAATC-1	OPC
TTCGCGTAGTCGATAA-1	OPC
TTCGCGTTCGTCGCAG-1	OPC
TTCTAACAGTTCTCCC-1	OPC
TTGAGCATCCTCCATG-1	OPC
TTGAGCATCTGGACAT-1	OPC
TTGCACCAGTCCGGAA-1	OPC
TTGCACCGTGTGCGTC-1	OPC
TTGCAGAGTTTCGACA-1	OPC
TTGCGAAAGGGCATTG-1	OPC
TTGCGAATCTAAGGTC-1	OPC
TTGCTATGTCTGTCCT-1	OPC
TTGCTATGTTTCCTAT-1	OPC
TTGGTCCAGGATTGAT-1	OPC
TTGTTCAAGTTTGGAA-1	OPC
TTGTTCATCGCGGCAT-1	OPC
TTGTTGTAGAATATCG-1	OPC
TTGTTGTCAGTATACC-1	OPC
TTTGCGCCATCACAGT-1	OPC
TTTGGCCCAATCATCG-1	OPC
AAAGGATAGTGTCGGA-1	PerEndo
AACGAGGGTTTCTACT-1	PerEndo
ACAAGCTTCTGGCACG-1	PerEndo
ACAGACTAGTATCTGC-1	PerEndo
ACATGCACAACGAGGT-1	PerEndo
ACCATCCTCCTCCAGT-1	PerEndo
ACTACGACAGCTGATT-1	PerEndo
ACTCGGGGTAATGTGA-1	PerEndo
ACTGCAAGTGATAACA-1	PerEndo
ACTGCAAGTTCCCAAA-1	PerEndo
ACTTCCGCAAGATGCG-1	PerEndo
ACTTCCGCATTACTCT-1	PerEndo
AGATTCGCAAGTTCGT-1	PerEndo
AGCCAGCAGAGCTACG-1	PerEndo
AGCCGCAAGACCAATA-1	PerEndo
AGCCTTCAGATGGGAA-1	PerEndo
AGCCTTCCAGCGTGAA-1	PerEndo
AGCTGTACAATGGTCT-1	PerEndo
AGTCAACTCGAAGCCC-1	PerEndo
AGTGCGCGTCTGAGCC-1	PerEndo
AGTGCGCGTGGTAGAC-1	PerEndo
AGTTACGTCACTCCCA-1	PerEndo
AGTTTGGTCAGGTCTA-1	PerEndo
ATAGGCTAGACCCATT-1	PerEndo
ATAGGCTCACGCCGAT-1	PerEndo
ATCCCTGCATCAGAAA-1	PerEndo
ATCCTCGTCGTTGTTT-1	PerEndo
ATCCTGCTCCGGCGAT-1	PerEndo
ATCGAGTTCGCACCTT-1	PerEndo
ATGGATCAGACGAAAG-1	PerEndo
ATGGATCTCCTATCCG-1	PerEndo
ATTGTGGTCCACGGCA-1	PerEndo
CAACCAACATCACAGT-1	PerEndo
CAACCAAGTGTGTGTT-1	PerEndo
CAATCCCGTTTGACCA-1	PerEndo
CACAGATAGTCTAGAA-1	PerEndo
CACGTTCAGCCAGAAC-1	PerEndo
CACTAAGCATCATGTG-1	PerEndo
CACTGAAGTACTTCGA-1	PerEndo
CATGTTTAGAGAATTC-1	PerEndo
CATTGGACACTCGTGG-1	PerEndo
CCATACCTCCAACGCG-1	PerEndo
CCCGTTAAGCGCAATG-1	PerEndo
CCCTAACAGTACGCGA-1	PerEndo
CCTAAAGAGCTGCTCG-1	PerEndo
CCTGGGACAGGGTACA-1	PerEndo
CCTTAATCATGGAGGT-1	PerEndo
CCTTAATGTTTAGGAA-1	PerEndo
CCTTGCACAAGTCTCA-1	PerEndo
CCTTGCAGTAACGTAA-1	PerEndo
CGGACCACACTTGCGG-1	PerEndo
CGTTCCAAGGATATCA-1	PerEndo
CGTTCCAGTACGCAAG-1	PerEndo
CGTTCCATCTCATATC-1	PerEndo
CTACAGACAAACCGAG-1	PerEndo
CTAGGATGTGGGTAGT-1	PerEndo
CTCAACCGTTGGCTAT-1	PerEndo
CTCACCATCCTTCGAC-1	PerEndo
CTCAGAAGTGTCTCGG-1	PerEndo
CTCTAGCCATAGACGG-1	PerEndo
CTCTCGATCCCGTAGG-1	PerEndo
CTGCGTTTCGGTCCGA-1	PerEndo
CTGCTCAGTACGAGAC-1	PerEndo
CTGGGACAGCAGAAAG-1	PerEndo
CTTGAAGAGGAACCGT-1	PerEndo
CTTGAAGAGTAGGAAG-1	PerEndo
CTTGAAGCATTGCACA-1	PerEndo
CTTGCCAAGGCGTAGT-1	PerEndo
CTTGCTGGTGAGTAAT-1	PerEndo
GAAAGTACAGTATCTG-1	PerEndo
GAACCTAAGAGGTGGG-1	PerEndo
GAACTTGCATTCGTCC-1	PerEndo
GAAGTCTTCGAGCGCT-1	PerEndo
GACCCAGCATAGCAGG-1	PerEndo
GAGATTCCATGTGGGA-1	PerEndo
GATCATGGTCACATTG-1	PerEndo
GATCATGGTGAGGGTT-1	PerEndo
GCAAAGGGTTAAGGGC-1	PerEndo
GCACCTTGTGTGCGTC-1	PerEndo
GCACGGTCATTAACGC-1	PerEndo
GCCATAACAGAACGAC-1	PerEndo
GCCTAGGAGTGTCCCG-1	PerEndo
GCGATTAAGTAGGTCG-1	PerEndo
GCGATTAAGTCATCTG-1	PerEndo
GCGCCAATCCTTTGAT-1	PerEndo
GCTCGAGGTGTTTCTT-1	PerEndo
GCTGCGACATATAGAG-1	PerEndo
GCTGCGATCAGGCCGT-1	PerEndo
GGCACGTCAGTAACTC-1	PerEndo
GGGCCATGTGCGTCCA-1	PerEndo
GGTAGGACAGGCATTT-1	PerEndo
GGTCATACAGCAAACG-1	PerEndo
GGTGAAGCACATGATC-1	PerEndo
GTCACCTTCTGGCGCA-1	PerEndo
GTCACGGGTAGCAGGT-1	PerEndo
GTGCTGGAGGTTGTTC-1	PerEndo
GTGCTGGGTAACTGAA-1	PerEndo
GTTACTTCAAACGTTC-1	PerEndo
TAACAGCGTGCAGACA-1	PerEndo
TAAGCCATCCTTACGC-1	PerEndo
TAATCGGGTACGTAGG-1	PerEndo
TACCTATAGGTCTTGT-1	PerEndo
TACCTCGCATTAAGGA-1	PerEndo
TACGCAAGTTTGACCA-1	PerEndo
TAGCTTTTCGCTAGTA-1	PerEndo
TAGGAGGCATCAACTG-1	PerEndo
TCAAGACCAACAAACA-1	PerEndo
TCAGCTCGTATCACAC-1	PerEndo
TCAGGGCGTATTTGCG-1	PerEndo
TCAGTTTTCAGGTCTA-1	PerEndo
TCGGGACGTAGAATAC-1	PerEndo
TCTCAGCTCCCAATAG-1	PerEndo
TGACAACTCCTTGACC-1	PerEndo
TGACTCCCAAGACTAA-1	PerEndo
TGAGTCAAGATGTTGA-1	PerEndo
TGAGTCATCGCTCTAC-1	PerEndo
TGCACCTAGAGAACCC-1	PerEndo
TGGACATTCCCAATAG-1	PerEndo
TGGGTGCAGCTCCATA-1	PerEndo
TGTACAGAGTGCTAGG-1	PerEndo
TTACCCGAGCGAGAAA-1	PerEndo
TTACCCGAGTCATCTG-1	PerEndo
TTACGTTCATAGATAG-1	PerEndo
TTACTTGCAATACTGC-1	PerEndo
TTAGCTTAGAGCCACA-1	PerEndo
TTCGCGTCATATTGGC-1	PerEndo
TTCTAACCAACATAAG-1	PerEndo
TTGAGCAAGATACCAA-1	PerEndo
TTGAGCATCAGTTGAC-1	PerEndo
TTGCCCATCCCTAAAG-1	PerEndo
TTGCTTACAGCTTACA-1	PerEndo
TTGTTCATCTGAAAGA-1	PerEndo
TTTGGCCCAAGTAATG-1	PerEndo
